"Annot","Term","Annotated","Significant","RichFactor","FoldEnrichment","zscore","Pvalue","Padj","GeneID"
"GO:0050803","regulation of synapse structure or activity",398,11,0.0276381909547739,5.87880579367425,6.73580360871225,3.05069676646333e-06,0.000636363755709862,"Elavl2,Nefl,Snap25,Dclk1,Dmpk,Slc17a6,Cc2d1a,Gpr158,Slitrk4,Nrg2,Slc17a7"
"GO:0019882","antigen processing and presentation",138,7,0.0507246376811594,10.7894288150043,7.92248268388215,4.21973840836579e-06,0.000704252131206732,"Cd68,Rab32,Rab3c,Tapbp,Thbs1,Ighm,Raet1d"
"GO:0071621","granulocyte chemotaxis",138,7,0.0507246376811594,10.7894288150043,7.92248268388215,4.21973840836579e-06,0.000704252131206732,"Ccl9,Cxcr2,Itgam,Thbs1,C5ar1,Scg2,C5ar2"
"GO:0097530","granulocyte migration",170,7,0.0411764705882353,8.75847750865052,6.97279442987815,1.65202138907719e-05,0.00218273326031824,"Ccl9,Cxcr2,Itgam,Thbs1,C5ar1,Scg2,C5ar2"
"GO:0050900","leukocyte migration",409,10,0.0244498777506112,5.20063282036531,5.88023203619739,2.49985273207781e-05,0.00283108321907812,"Gata3,Ada,Ccl9,Cxcr2,Add2,Itgam,Thbs1,C5ar1,Scg2,C5ar2"
"GO:0002430","complement receptor mediated signaling pathway",16,3,0.1875,39.8823529411765,10.69199376888,5.44221261929526e-05,0.00497695421730136,"Itgam,C5ar1,C5ar2"
"GO:0002274","myeloid leukocyte activation",279,8,0.028673835125448,6.09909340080118,5.88200744892396,5.49332695066376e-05,0.00497695421730136,"Dock2,Cxcr2,Itgam,Cd226,Cd84,Thbs1,C5ar1,Cd300lb"
"GO:0002605","negative regulation of dendritic cell antigen processing and presentation",3,2,0.666666666666667,141.803921568627,16.7619263983227,6.56188783632721e-05,0.00577992953583155,"Cd68,Thbs1"
"GO:0002429","immune response-activating cell surface receptor signaling pathway",302,8,0.0264900662251656,5.63459291001169,5.564420809288,9.53512433212278e-05,0.00699017030535188,"Gata3,Ada,Itgam,Ltf,Cd226,C5ar1,C5ar2,Ighm"
"GO:0006935","chemotaxis",481,10,0.0207900207900208,4.42215971627736,5.201634249068,9.67512343707505e-05,0.00699017030535188,"Ccl9,Dock2,Cxcr2,Ptgr1,Itgam,Apoa1,Thbs1,C5ar1,Scg2,C5ar2"
"GO:0050807","regulation of synapse organization",390,9,0.0230769230769231,4.90859728506787,5.3410506674315,9.97260018936883e-05,0.00699017030535188,"Elavl2,Nefl,Snap25,Dclk1,Dmpk,Cc2d1a,Gpr158,Slitrk4,Nrg2"
"GO:0042330","taxis",483,10,0.020703933747412,4.40384849592011,5.18472890213073,0.000100094969483676,0.00699017030535188,"Ccl9,Dock2,Cxcr2,Ptgr1,Itgam,Apoa1,Thbs1,C5ar1,Scg2,C5ar2"
"GO:0002768","immune response-regulating cell surface receptor signaling pathway",320,8,0.025,5.31764705882353,5.33781618639084,0.000141966299790539,0.00904232452143821,"Gata3,Ada,Itgam,Ltf,Cd226,C5ar1,C5ar2,Ighm"
"GO:0030595","leukocyte chemotaxis",243,7,0.0288065843621399,6.12732994432341,5.51635503890422,0.000157588471200452,0.00960986619570448,"Ccl9,Cxcr2,Itgam,Thbs1,C5ar1,Scg2,C5ar2"
"GO:0003333","amino acid transmembrane transport",113,5,0.0442477876106195,9.41176470588235,6.15746938255808,0.000199356874030088,0.0117066786583224,"Slc17a6,Mfsd12,Per2,Slc38a10,Slc17a7"
"GO:0097529","myeloid leukocyte migration",256,7,0.02734375,5.81617647058824,5.31959556711819,0.000216782950478627,0.0121264590357939,"Ccl9,Cxcr2,Itgam,Thbs1,C5ar1,Scg2,C5ar2"
"GO:0006865","amino acid transport",190,6,0.0315789473684211,6.71702786377709,5.43380531571761,0.000287498582695134,0.0149452132086274,"Pianp,Slc17a6,Mfsd12,Per2,Slc38a10,Slc17a7"
"GO:0033003","regulation of mast cell activation",28,3,0.107142857142857,22.7899159663866,7.92813222770002,0.000305489531531734,0.0151360516326114,"Cd226,Cd84,Cd300lb"
"GO:0071622","regulation of granulocyte chemotaxis",69,4,0.0579710144927536,12.3307757885763,6.47632727550954,0.000318844795502184,0.0153209513882986,"Cxcr2,Thbs1,C5ar1,C5ar2"
"GO:0099188","postsynaptic cytoskeleton organization",29,3,0.103448275862069,22.0040567951318,7.77760728568628,0.000339569301211575,0.0158349155020868,"Nefl,Cpne6,Sh3gl2"
"GO:0032680","regulation of tumor necrosis factor production",199,6,0.0301507537688442,6.41324268400828,5.26634148152077,0.000368033527183071,0.0166719187813931,"Cd2,Ltf,Cd84,Thbs1,Isl1,C5ar2"
"GO:1903555","regulation of tumor necrosis factor superfamily cytokine production",202,6,0.0297029702970297,6.31799650553291,5.21280392259047,0.000398473194890418,0.0177965986055988,"Cd2,Ltf,Cd84,Thbs1,Isl1,C5ar2"
"GO:0032640","tumor necrosis factor production",205,6,0.0292682926829268,6.22553802008608,5.16033954280857,0.000430846316959025,0.018913686512975,"Cd2,Ltf,Cd84,Thbs1,Isl1,C5ar2"
"GO:0002578","negative regulation of antigen processing and presentation",7,2,0.285714285714286,60.7731092436975,10.8700977554314,0.000453689167342806,0.018913686512975,"Cd68,Thbs1"
"GO:0060374","mast cell differentiation",7,2,0.285714285714286,60.7731092436975,10.8700977554314,0.000453689167342806,0.018913686512975,"Gata3,Itgam"
"GO:0070345","negative regulation of fat cell proliferation",7,2,0.285714285714286,60.7731092436975,10.8700977554314,0.000453689167342806,0.018913686512975,"E2f1,Per2"
"GO:0051963","regulation of synapse assembly",208,6,0.0288461538461538,6.13574660633484,5.10891024236363,0.000465237321984247,0.018913686512975,"Elavl2,Snap25,Dclk1,Cc2d1a,Slitrk4,Nrg2"
"GO:0071706","tumor necrosis factor superfamily cytokine production",208,6,0.0288461538461538,6.13574660633484,5.10891024236363,0.000465237321984247,0.018913686512975,"Cd2,Ltf,Cd84,Thbs1,Isl1,C5ar2"
"GO:0015813","L-glutamate transmembrane transport",34,3,0.0882352941176471,18.7681660899654,7.12464885554097,0.000546629866300796,0.0210817850822321,"Slc17a6,Per2,Slc17a7"
"GO:0007416","synapse assembly",304,7,0.0230263157894737,4.89783281733746,4.6954808441917,0.000607464505232867,0.0226619993658049,"Elavl2,Snap25,Dclk1,Add2,Cc2d1a,Slitrk4,Nrg2"
"GO:1901888","regulation of cell junction assembly",309,7,0.0226537216828479,4.81857985912812,4.6380895028101,0.000668677708556557,0.024224677421952,"Elavl2,Snap25,Dclk1,Cc2d1a,Rhod,Slitrk4,Nrg2"
"GO:0015800","acidic amino acid transport",86,4,0.0465116279069767,9.89329685362517,5.67655125557362,0.000736423997734022,0.0256615439210394,"Pianp,Slc17a6,Per2,Slc17a7"
"GO:0002314","germinal center B cell differentiation",9,2,0.222222222222222,47.2679738562092,9.54103163333129,0.000772965880375824,0.0264604598330748,"Ada,Pou2af1"
"GO:0001818","negative regulation of cytokine production",318,7,0.0220125786163522,4.68220495745468,4.53782584839653,0.000791127110522342,0.0264604598330748,"Gata3,Apoa1,Ltf,Cd84,Thbs1,C5ar2,Gbp4"
"GO:1905039","carboxylic acid transmembrane transport",155,5,0.032258064516129,6.86148007590133,5.02881668343074,0.000847883256228077,0.0277179155206106,"Slc17a6,Mfsd12,Thbs1,Per2,Slc17a7"
"GO:0050920","regulation of chemotaxis",235,6,0.025531914893617,5.43078848560701,4.68718619142766,0.000880367708884912,0.0281237101602458,"Cxcr2,Ptgr1,Thbs1,C5ar1,Scg2,C5ar2"
"GO:1903825","organic acid transmembrane transport",158,5,0.0316455696202532,6.73119880863738,4.964657827707,0.000923937908316436,0.0290079911611032,"Slc17a6,Mfsd12,Thbs1,Per2,Slc17a7"
"GO:0032102","negative regulation of response to external stimulus",426,8,0.0187793427230047,3.994476663905,4.27930557765419,0.000946446458121314,0.0294233501833597,"Gata3,Ada,Ptgr1,Apoa1,Ltf,Thbs1,Isl1,C5ar2"
"GO:0002604","regulation of dendritic cell antigen processing and presentation",10,2,0.2,42.5411764705882,9.02983678156956,0.000963230939006345,0.0296544204620303,"Cd68,Thbs1"
"GO:0006836","neurotransmitter transport",240,6,0.025,5.31764705882353,4.61623445767519,0.00098139257984599,0.0299230372181888,"Snap25,Slc17a6,Gpr158,Sv2c,Per2,Slc17a7"
"GO:0060326","cell chemotaxis",337,7,0.0207715133531157,4.41822307558038,4.33796370969657,0.00110777868463011,0.0325256130459453,"Ccl9,Cxcr2,Itgam,Thbs1,C5ar1,Scg2,C5ar2"
"GO:0098700","neurotransmitter loading into synaptic vesicle",11,2,0.181818181818182,38.6737967914439,8.5890345781898,0.00117365695001145,0.0341437264998743,"Slc17a6,Slc17a7"
"GO:0050922","negative regulation of chemotaxis",45,3,0.0666666666666667,14.1803921568627,6.08133144447257,0.00124825717658868,0.0355665050271404,"Ptgr1,Thbs1,C5ar2"
"GO:0051938","L-glutamate import",45,3,0.0666666666666667,14.1803921568627,6.08133144447257,0.00124825717658868,0.0355665050271404,"Slc17a6,Per2,Slc17a7"
"GO:0030593","neutrophil chemotaxis",100,4,0.04,8.50823529411765,5.16911093364501,0.00129271866587344,0.0362762025618114,"Cxcr2,Itgam,C5ar1,C5ar2"
"GO:0090022","regulation of neutrophil chemotaxis",46,3,0.0652173913043478,13.8721227621483,6.00482965950636,0.00133077995308692,0.0366948107064228,"Cxcr2,C5ar1,C5ar2"
"GO:0007623","circadian rhythm",257,6,0.0233463035019455,4.96589608606088,4.38906191310823,0.00139285555779425,0.0380753877048756,"Ada,Top2a,Per3,Scn10a,Per2,Nfil3"
"GO:0006814","sodium ion transport",260,6,0.0230769230769231,4.90859728506787,4.35105063381673,0.00147737404964025,0.0400406248838397,"Slc4a7,Slc9a4,Dmpk,Slc17a6,Scn10a,Slc17a7"
"GO:0050830","defense response to Gram-positive bacterium",179,5,0.0279329608938547,5.94150509365757,4.55784578363638,0.00160659677606165,0.042996402360759,"Tnfsf8,Ltf,C5ar1,Lyz1,Gbp4"
"GO:0001781","neutrophil apoptotic process",13,2,0.153846153846154,32.7239819004525,7.86290459965052,0.00165422929297149,0.042996402360759,"Cxcr2,Itgam"
"GO:0033005","positive regulation of mast cell activation",13,2,0.153846153846154,32.7239819004525,7.86290459965052,0.00165422929297149,0.042996402360759,"Cd226,Cd300lb"
"GO:0044341","sodium-dependent phosphate transport",13,2,0.153846153846154,32.7239819004525,7.86290459965052,0.00165422929297149,0.042996402360759,"Slc17a6,Slc17a7"
"GO:0070344","regulation of fat cell proliferation",13,2,0.153846153846154,32.7239819004525,7.86290459965052,0.00165422929297149,0.042996402360759,"E2f1,Per2"
"GO:0035725","sodium ion transmembrane transport",184,5,0.0271739130434783,5.78005115089514,4.4704690091643,0.00181266055275733,0.045983572902348,"Slc4a7,Slc9a4,Slc17a6,Scn10a,Slc17a7"
"GO:0006835","dicarboxylic acid transport",112,4,0.0357142857142857,7.59663865546218,4.80728748013875,0.00196075573736372,0.0481981119626385,"Pianp,Slc17a6,Per2,Slc17a7"
"GO:0051101","regulation of DNA binding",112,4,0.0357142857142857,7.59663865546218,4.80728748013875,0.00196075573736372,0.0481981119626385,"Gata3,E2f1,Isl1,Per2"
"GO:1903522","regulation of blood circulation",279,6,0.021505376344086,4.57432005060089,4.12312062359346,0.00210696326499744,0.0504446028828748,"Ada,Dmpk,Scn10a,Dusp5,Isl1,Per2"
"GO:1901568","fatty acid derivative metabolic process",54,3,0.0555555555555556,11.8169934640523,5.46808436225637,0.00211577804586009,0.0504446028828748,"Ptgr1,Elovl3,Dpep2"
"GO:0042754","negative regulation of circadian rhythm",15,2,0.133333333333333,28.3607843137255,7.28471942147448,0.00221317105826925,0.0519514428146848,"Ada,Per2"
"GO:0042116","macrophage activation",116,4,0.0344827586206897,7.33468559837728,4.69842816960723,0.00222812873629679,0.0519514428146848,"Itgam,Cd84,Thbs1,C5ar1"
"GO:0000097","sulfur amino acid biosynthetic process",16,2,0.125,26.5882352941176,7.03633477982268,0.00252156376285157,0.0559152356084079,"Cth,Bhmt"
"GO:0010715","regulation of extracellular matrix disassembly",16,2,0.125,26.5882352941176,7.03633477982268,0.00252156376285157,0.0559152356084079,"Fap,Pdpn"
"GO:0032645","regulation of granulocyte macrophage colony-stimulating factor production",16,2,0.125,26.5882352941176,7.03633477982268,0.00252156376285157,0.0559152356084079,"Cd84,Isl1"
"GO:0032760","positive regulation of tumor necrosis factor production",121,4,0.0330578512396694,7.03159941662615,4.56942332799167,0.002596414724264,0.0567809040733873,"Cd2,Cd84,Thbs1,Isl1"
"GO:2000351","regulation of endothelial cell apoptotic process",59,3,0.0508474576271186,10.8155533399801,5.18692726671737,0.00272604865462782,0.0586772623069646,"Gata3,Thbs1,Scg2"
"GO:1903557","positive regulation of tumor necrosis factor superfamily cytokine production",123,4,0.032520325203252,6.91726446676232,4.51985842016882,0.00275475216216577,0.0586772623069646,"Cd2,Cd84,Thbs1,Isl1"
"GO:0001906","cell killing",295,6,0.0203389830508475,4.32622133599202,3.94651685103411,0.0027789542796125,0.0586772623069646,"Cd2,Itgam,Ltf,Cd226,Lyz1,Raet1d"
"GO:0002468","dendritic cell antigen processing and presentation",17,2,0.117647058823529,25.0242214532872,6.80969187654604,0.00284899136855052,0.0586772623069646,"Cd68,Thbs1"
"GO:0070341","fat cell proliferation",17,2,0.117647058823529,25.0242214532872,6.80969187654604,0.00284899136855052,0.0586772623069646,"E2f1,Per2"
"GO:0051346","negative regulation of hydrolase activity",303,6,0.0198019801980198,4.21199767035527,3.86286048805752,0.00316974571432384,0.0619716873869636,"Tfpi2,Apoa1,Ltf,Thbs1,Serpina9,Serpina1d"
"GO:1990266","neutrophil migration",128,4,0.03125,6.64705882352941,4.40064451686754,0.00317929184413667,0.0619716873869636,"Cxcr2,Itgam,C5ar1,C5ar2"
"GO:0032604","granulocyte macrophage colony-stimulating factor production",18,2,0.111111111111111,23.6339869281046,6.60174131240341,0.00319527075087123,0.0619716873869636,"Cd84,Isl1"
"GO:0050867","positive regulation of cell activation",407,7,0.0171990171990172,3.65833212892036,3.71201143746734,0.00320509515340966,0.0619716873869636,"Gata3,Ada,Pdpn,Cd226,Thbs1,Cd300lb,Ighm"
"GO:0042752","regulation of circadian rhythm",129,4,0.0310077519379845,6.59553123575011,4.37756608282682,0.00326924752848788,0.0620010244137151,"Ada,Top2a,Per3,Per2"
"GO:0072577","endothelial cell apoptotic process",63,3,0.0476190476190476,10.1288515406162,4.98523773077775,0.00328482248549484,0.0620010244137151,"Gata3,Thbs1,Scg2"
"GO:1902622","regulation of neutrophil migration",63,3,0.0476190476190476,10.1288515406162,4.98523773077775,0.00328482248549484,0.0620010244137151,"Cxcr2,C5ar1,C5ar2"
"GO:0071805","potassium ion transmembrane transport",212,5,0.0235849056603774,5.01664816870144,4.03417733815446,0.00334096621164634,0.0622714128877264,"Slc9a4,Snap25,Slc17a6,Dpp6,Slc17a7"
"GO:0098739","import across plasma membrane",213,5,0.0234741784037559,4.99309582988125,4.02003986183755,0.00340860302232951,0.0622714128877264,"Slc15a3,Slc9a4,Thbs1,Per2,Slc31a1"
"GO:0035825","homologous recombination",64,3,0.046875,9.97058823529412,4.9376225354897,0.00343463526389512,0.0622714128877264,"Spo11,Top2a,Rbbp8"
"GO:0042742","defense response to bacterium",413,7,0.0169491525423729,3.60518444666002,3.66489933079249,0.00347252544953096,0.0625646488662653,"Tnfsf8,Ltf,C5ar1,Lyz1,Ighm,Gbp4,Igha"
"GO:0032649","regulation of type II interferon production",132,4,0.0303030303030303,6.44563279857397,4.30977375015986,0.0035494955567663,0.0633696656391141,"Gata3,Cd2,Cd226,Isl1"
"GO:0030214","hyaluronan catabolic process",19,2,0.105263157894737,22.390092879257,6.41000209451963,0.00356022006436318,0.0633696656391141,"Hmmr,Gusb"
"GO:0002577","regulation of antigen processing and presentation",20,2,0.1,21.2705882352941,6.23243218572904,0.00394365873478663,0.0633696656391141,"Cd68,Thbs1"
"GO:0003215","cardiac right ventricle morphogenesis",20,2,0.1,21.2705882352941,6.23243218572904,0.00394365873478663,0.0633696656391141,"Gata3,Isl1"
"GO:0040037","negative regulation of fibroblast growth factor receptor signaling pathway",20,2,0.1,21.2705882352941,6.23243218572904,0.00394365873478663,0.0633696656391141,"Gata3,Thbs1"
"GO:0050862","positive regulation of T cell receptor signaling pathway",20,2,0.1,21.2705882352941,6.23243218572904,0.00394365873478663,0.0633696656391141,"Ada,Cd226"
"GO:0000729","DNA double-strand break processing",21,2,0.0952380952380952,20.2577030812325,6.06733336653044,0.00434540745132346,0.0633696656391141,"Spo11,Rbbp8"
"GO:0022411","cellular component disassembly",433,7,0.0161662817551963,3.43866322510528,3.51395893460954,0.00448833893377823,0.0633696656391141,"Fap,Top2a,Sh3gl2,Pdpn,Add2,Itgam,Per2"
"GO:0002398","MHC class Ib protein complex assembly",1,1,1,212.705882352941,14.5501162315956,0.00470132743362872,0.0633696656391141,"Tapbp"
"GO:0002479","antigen processing and presentation of exogenous peptide antigen via MHC class I, TAP-dependent",1,1,1,212.705882352941,14.5501162315956,0.00470132743362872,0.0633696656391141,"Tapbp"
"GO:0014853","regulation of excitatory postsynaptic membrane potential involved in skeletal muscle contraction",1,1,1,212.705882352941,14.5501162315956,0.00470132743362872,0.0633696656391141,"Dmpk"
"GO:0015673","silver ion transport",1,1,1,212.705882352941,14.5501162315956,0.00470132743362872,0.0633696656391141,"Slc31a1"
"GO:0018272","protein-pyridoxal-5-phosphate linkage via peptidyl-N6-pyridoxal phosphate-L-lysine",1,1,1,212.705882352941,14.5501162315956,0.00470132743362872,0.0633696656391141,"Cth"
"GO:0018352","protein-pyridoxal-5-phosphate linkage",1,1,1,212.705882352941,14.5501162315956,0.00470132743362872,0.0633696656391141,"Cth"
"GO:0032685","negative regulation of granulocyte macrophage colony-stimulating factor production",1,1,1,212.705882352941,14.5501162315956,0.00470132743362872,0.0633696656391141,"Cd84"
"GO:0038112","interleukin-8-mediated signaling pathway",1,1,1,212.705882352941,14.5501162315956,0.00470132743362872,0.0633696656391141,"Cxcr2"
"GO:0038178","complement component C5a signaling pathway",1,1,1,212.705882352941,14.5501162315956,0.00470132743362872,0.0633696656391141,"C5ar1"
"GO:0042137","sequestering of neurotransmitter",1,1,1,212.705882352941,14.5501162315956,0.00470132743362872,0.0633696656391141,"Slc17a7"
"GO:0044524","protein sulfhydration",1,1,1,212.705882352941,14.5501162315956,0.00470132743362872,0.0633696656391141,"Cth"
"GO:0046111","xanthine biosynthetic process",1,1,1,212.705882352941,14.5501162315956,0.00470132743362872,0.0633696656391141,"Ada"
"GO:0050822","peptide stabilization",1,1,1,212.705882352941,14.5501162315956,0.00470132743362872,0.0633696656391141,"Tapbp"
"GO:0050823","peptide antigen stabilization",1,1,1,212.705882352941,14.5501162315956,0.00470132743362872,0.0633696656391141,"Tapbp"
"GO:0051413","response to cortisone",1,1,1,212.705882352941,14.5501162315956,0.00470132743362872,0.0633696656391141,"Glb1"
"GO:0060169","negative regulation of adenosine receptor signaling pathway",1,1,1,212.705882352941,14.5501162315956,0.00470132743362872,0.0633696656391141,"Ada"
"GO:0060407","negative regulation of penile erection",1,1,1,212.705882352941,14.5501162315956,0.00470132743362872,0.0633696656391141,"Ada"
"GO:0120275","cerebral blood circulation",1,1,1,212.705882352941,14.5501162315956,0.00470132743362872,0.0633696656391141,"Dusp5"
"GO:0120276","regulation of cerebral blood circulation",1,1,1,212.705882352941,14.5501162315956,0.00470132743362872,0.0633696656391141,"Dusp5"
"GO:0120277","positive regulation of cerebral blood circulation",1,1,1,212.705882352941,14.5501162315956,0.00470132743362872,0.0633696656391141,"Dusp5"
"GO:0150021","apical dendrite morphogenesis",1,1,1,212.705882352941,14.5501162315956,0.00470132743362872,0.0633696656391141,"Cc2d1a"
"GO:0150022","apical dendrite development",1,1,1,212.705882352941,14.5501162315956,0.00470132743362872,0.0633696656391141,"Cc2d1a"
"GO:0150023","apical dendrite arborization",1,1,1,212.705882352941,14.5501162315956,0.00470132743362872,0.0633696656391141,"Cc2d1a"
"GO:1901787","benzoyl-CoA metabolic process",1,1,1,212.705882352941,14.5501162315956,0.00470132743362872,0.0633696656391141,"Glyat"
"GO:1902601","silver ion transmembrane transport",1,1,1,212.705882352941,14.5501162315956,0.00470132743362872,0.0633696656391141,"Slc31a1"
"GO:1903937","response to acrylamide",1,1,1,212.705882352941,14.5501162315956,0.00470132743362872,0.0633696656391141,"Nefl"
"GO:1905381","negative regulation of snRNA transcription by RNA polymerase II",1,1,1,212.705882352941,14.5501162315956,0.00470132743362872,0.0633696656391141,"Cc2d1a"
"GO:2000308","negative regulation of tumor necrosis factor (ligand) superfamily member 11 production",1,1,1,212.705882352941,14.5501162315956,0.00470132743362872,0.0633696656391141,"Ltf"
"GO:2000361","regulation of prostaglandin-E synthase activity",1,1,1,212.705882352941,14.5501162315956,0.00470132743362872,0.0633696656391141,"Itgam"
"GO:2000363","positive regulation of prostaglandin-E synthase activity",1,1,1,212.705882352941,14.5501162315956,0.00470132743362872,0.0633696656391141,"Itgam"
"GO:2000606","regulation of cell proliferation involved in mesonephros development",1,1,1,212.705882352941,14.5501162315956,0.00470132743362872,0.0633696656391141,"Gata3"
"GO:2000607","negative regulation of cell proliferation involved in mesonephros development",1,1,1,212.705882352941,14.5501162315956,0.00470132743362872,0.0633696656391141,"Gata3"
"GO:2000683","regulation of cellular response to X-ray",1,1,1,212.705882352941,14.5501162315956,0.00470132743362872,0.0633696656391141,"Gata3"
"GO:2000699","fibroblast growth factor receptor signaling pathway involved in ureteric bud formation",1,1,1,212.705882352941,14.5501162315956,0.00470132743362872,0.0633696656391141,"Gata3"
"GO:2000701","glial cell-derived neurotrophic factor receptor signaling pathway involved in ureteric bud formation",1,1,1,212.705882352941,14.5501162315956,0.00470132743362872,0.0633696656391141,"Gata3"
"GO:2000702","regulation of fibroblast growth factor receptor signaling pathway involved in ureteric bud formation",1,1,1,212.705882352941,14.5501162315956,0.00470132743362872,0.0633696656391141,"Gata3"
"GO:2000703","negative regulation of fibroblast growth factor receptor signaling pathway involved in ureteric bud formation",1,1,1,212.705882352941,14.5501162315956,0.00470132743362872,0.0633696656391141,"Gata3"
"GO:2000733","regulation of glial cell-derived neurotrophic factor receptor signaling pathway involved in ureteric bud formation",1,1,1,212.705882352941,14.5501162315956,0.00470132743362872,0.0633696656391141,"Gata3"
"GO:2000734","negative regulation of glial cell-derived neurotrophic factor receptor signaling pathway involved in ureteric bud formation",1,1,1,212.705882352941,14.5501162315956,0.00470132743362872,0.0633696656391141,"Gata3"
"GO:0002688","regulation of leukocyte chemotaxis",143,4,0.027972027972028,5.94981489099136,4.07811149216219,0.00471625389177891,0.0633696656391141,"Cxcr2,Thbs1,C5ar1,C5ar2"
"GO:0048245","eosinophil chemotaxis",22,2,0.0909090909090909,19.3368983957219,5.91328015238481,0.00476528815883236,0.0637583491631115,"Ccl9,Scg2"
"GO:0032609","type II interferon production",145,4,0.0275862068965517,5.86774847870183,4.03858601595647,0.00495293927712267,0.0657145207019079,"Gata3,Cd2,Cd226,Isl1"
"GO:0007264","small GTPase-mediated signal transduction",444,7,0.0157657657657658,3.353471118177,3.43467069515015,0.00513510469360572,0.067446858958318,"Bnip2,Dock2,Dok2,Pdpn,Apoa1,Dock3,Rhod"
"GO:0055062","phosphate ion homeostasis",23,2,0.0869565217391304,18.4961636828644,5.76906589216892,0.00520312405014808,0.0678975570494633,"Slc17a6,Slc17a7"
"GO:0002366","leukocyte activation involved in immune response",339,6,0.0176991150442478,3.76470588235294,3.51912374527154,0.00545388449205365,0.0698362121282177,"Gata3,Ada,Dock2,Itgam,Pou2af1,Cd84"
"GO:0098974","postsynaptic actin cytoskeleton organization",24,2,0.0833333333333333,17.7254901960784,5.63366134518292,0.00565873955842446,0.0717754525590558,"Cpne6,Sh3gl2"
"GO:0006909","phagocytosis",241,5,0.020746887966805,4.41298511105687,3.65666843973166,0.00572925522991639,0.0722823781700942,"Dock2,Itgam,Tub,Apoa1,Thbs1"
"GO:0002263","cell activation involved in immune response",343,6,0.0174927113702624,3.72080260675699,3.48385628981949,0.00576679691920916,0.0722823781700942,"Gata3,Ada,Dock2,Itgam,Pou2af1,Cd84"
"GO:0010466","negative regulation of peptidase activity",242,5,0.0206611570247934,4.39474963539135,3.64473260122712,0.00582851779653267,0.0727646847748232,"Tfpi2,Ltf,Thbs1,Serpina9,Serpina1d"
"GO:0051057","positive regulation of small GTPase mediated signal transduction",78,3,0.0384615384615385,8.18099547511312,4.36459831664534,0.00597945534596503,0.0740658316486528,"Bnip2,Dock2,Apoa1"
"GO:0010759","positive regulation of macrophage chemotaxis",25,2,0.08,17.0164705882353,5.5061824595312,0.00613196034952102,0.0744997941315369,"Thbs1,C5ar1"
"GO:0016338","calcium-independent cell-cell adhesion via plasma membrane cell-adhesion molecules",25,2,0.08,17.0164705882353,5.5061824595312,0.00613196034952102,0.0744997941315369,"Cldn11,Cldn23"
"GO:0043153","entrainment of circadian clock by photoperiod",25,2,0.08,17.0164705882353,5.5061824595312,0.00613196034952102,0.0744997941315369,"Per3,Per2"
"GO:0043605","amide catabolic process",25,2,0.08,17.0164705882353,5.5061824595312,0.00613196034952102,0.0744997941315369,"Ada,Pm20d1"
"GO:1902475","L-alpha-amino acid transmembrane transport",79,3,0.0379746835443038,8.07743857036485,4.32921851837652,0.00619439078343758,0.0749710426499258,"Slc17a6,Per2,Slc17a7"
"GO:0006790","sulfur compound metabolic process",352,6,0.0170454545454545,3.62566844919786,3.40640070423085,0.00651860245363208,0.0775990661671735,"Gusb,Cth,Elovl3,Dpep2,Glyat,Bhmt"
"GO:0008277","regulation of G protein-coupled receptor signaling pathway",157,4,0.0254777070063694,5.41925814911952,3.8159875954783,0.00654182703068194,0.0775990661671735,"Grk5,Ada,Tub,Gpr158"
"GO:0006813","potassium ion transport",249,5,0.0200803212851406,4.27120245688637,3.56295494413717,0.00655758813733512,0.0775990661671735,"Slc9a4,Snap25,Slc17a6,Dpp6,Slc17a7"
"GO:0050965","detection of temperature stimulus involved in sensory perception of pain",26,2,0.0769230769230769,16.3619909502262,5.3858650293983,0.006622613314433,0.0775990661671735,"Scn10a,Prdm12"
"GO:0065005","protein-lipid complex assembly",26,2,0.0769230769230769,16.3619909502262,5.3858650293983,0.006622613314433,0.0775990661671735,"Sh3gl2,Apoa1"
"GO:0072677","eosinophil migration",26,2,0.0769230769230769,16.3619909502262,5.3858650293983,0.006622613314433,0.0775990661671735,"Ccl9,Scg2"
"GO:0030100","regulation of endocytosis",355,6,0.0169014084507042,3.5950289975145,3.38114430233127,0.00678435051341502,0.0779866282554937,"Dock2,Sh3gl2,Tub,Apoa1,Slc17a7,Ighm"
"GO:0030098","lymphocyte differentiation",472,7,0.0148305084745763,3.15453639082752,3.24356900894179,0.00709727209774105,0.0798971721814659,"Gata3,Ada,Dock2,Tnfsf8,Pou2af1,Nfil3,Ighm"
"GO:0009648","photoperiodism",27,2,0.0740740740740741,15.7559912854031,5.27204455998146,0.00713052656176438,0.0798971721814659,"Per3,Per2"
"GO:0009649","entrainment of circadian clock",27,2,0.0740740740740741,15.7559912854031,5.27204455998146,0.00713052656176438,0.0798971721814659,"Per3,Per2"
"GO:0050857","positive regulation of antigen receptor-mediated signaling pathway",27,2,0.0740740740740741,15.7559912854031,5.27204455998146,0.00713052656176438,0.0798971721814659,"Ada,Cd226"
"GO:0010951","negative regulation of endopeptidase activity",163,4,0.0245398773006135,5.21977625405991,3.71309680596984,0.00744973006674169,0.0827850588486413,"Ltf,Thbs1,Serpina9,Serpina1d"
"GO:0002685","regulation of leukocyte migration",257,5,0.0194552529182879,4.13824673838407,3.47310139612321,0.00746658052056494,0.0827850588486413,"Ada,Cxcr2,Thbs1,C5ar1,C5ar2"
"GO:0015711","organic anion transport",477,7,0.0146750524109015,3.12146997163645,3.21094262772028,0.00749923922211696,0.0828574479907069,"Slc4a7,Pianp,Slc17a6,Mfsd12,Thbs1,Per2,Slc17a7"
"GO:0008543","fibroblast growth factor receptor signaling pathway",85,3,0.0352941176470588,7.50726643598616,4.12926801372815,0.00758071631121956,0.0834668452183237,"Gata3,Thbs1,Rhod"
"GO:0048511","rhythmic process",364,6,0.0164835164835165,3.50614091790562,3.30698254099037,0.00762880957771792,0.0837057272350987,"Ada,Top2a,Per3,Scn10a,Per2,Nfil3"
"GO:0099504","synaptic vesicle cycle",261,5,0.0191570881226054,4.07482533243182,3.42953165675759,0.00795251489730738,0.0861372382899315,"Snap25,Sh3gl2,Slc17a6,Sv2c,Slc17a7"
"GO:0048880","sensory system development",483,7,0.0144927536231884,3.08269394714408,3.17235138843385,0.00800360320954162,0.0861372382899315,"Gata3,Slc4a7,Col5a2,Slc17a6,Itgam,Tub,Isl1"
"GO:0032729","positive regulation of type II interferon production",87,3,0.0344827586206897,7.33468559837728,4.06691194310535,0.00808020659603057,0.0861372382899315,"Cd2,Cd226,Isl1"
"GO:0006691","leukotriene metabolic process",29,2,0.0689655172413793,14.6693711967546,5.06164128423369,0.00819745238128324,0.0861372382899315,"Ptgr1,Dpep2"
"GO:0006817","phosphate ion transport",29,2,0.0689655172413793,14.6693711967546,5.06164128423369,0.00819745238128324,0.0861372382899315,"Slc17a6,Slc17a7"
"GO:0006925","inflammatory cell apoptotic process",29,2,0.0689655172413793,14.6693711967546,5.06164128423369,0.00819745238128324,0.0861372382899315,"Cxcr2,Itgam"
"GO:0007141","male meiosis I",29,2,0.0689655172413793,14.6693711967546,5.06164128423369,0.00819745238128324,0.0861372382899315,"Dnmt3l,Spo11"
"GO:0010575","positive regulation of vascular endothelial growth factor production",29,2,0.0689655172413793,14.6693711967546,5.06164128423369,0.00819745238128324,0.0861372382899315,"Isl1,C5ar1"
"GO:0045061","thymic T cell selection",29,2,0.0689655172413793,14.6693711967546,5.06164128423369,0.00819745238128324,0.0861372382899315,"Gata3,Dock2"
"GO:0045187","regulation of circadian sleep/wake cycle, sleep",29,2,0.0689655172413793,14.6693711967546,5.06164128423369,0.00819745238128324,0.0861372382899315,"Ada,Per3"
"GO:0050926","regulation of positive chemotaxis",29,2,0.0689655172413793,14.6693711967546,5.06164128423369,0.00819745238128324,0.0861372382899315,"Ptgr1,Scg2"
"GO:0044843","cell cycle G1/S phase transition",263,5,0.0190114068441065,4.04383806754641,3.40807136689366,0.008203546503803,0.0861372382899315,"Susd2,E2f1,Pdpn,Zc3h12d,Rbbp8"
"GO:0002697","regulation of immune effector process",487,7,0.0143737166324435,3.05737407899505,3.14695511356721,0.00835350078707466,0.0873977100319992,"Gata3,Itgam,Apoa1,Cd226,Cd84,Ighm,Raet1d"
"GO:0050921","positive regulation of chemotaxis",169,4,0.0236686390532544,5.03445875391577,3.61515545338918,0.00843705166039227,0.0873977100319992,"Cxcr2,Thbs1,C5ar1,Scg2"
"GO:0031664","regulation of lipopolysaccharide-mediated signaling pathway",30,2,0.0666666666666667,14.1803921568627,4.96409748037718,0.00875612719157885,0.0873977100319992,"Ltf,Cd84"
"GO:0050961","detection of temperature stimulus involved in sensory perception",30,2,0.0666666666666667,14.1803921568627,4.96409748037718,0.00875612719157885,0.0873977100319992,"Scn10a,Prdm12"
"GO:0090382","phagosome maturation",30,2,0.0666666666666667,14.1803921568627,4.96409748037718,0.00875612719157885,0.0873977100319992,"Rab32,Slc4a7"
"GO:0002824","positive regulation of adaptive immune response based on somatic recombination of immune receptors built from immunoglobulin superfamily domains",171,4,0.0233918128654971,4.97557619539044,3.5835344439958,0.00878427179621818,0.0873977100319992,"Gata3,Ada,Cd226,Raet1d"
"GO:0045576","mast cell activation",90,3,0.0333333333333333,7.09019607843137,3.97699638685856,0.00886505331110413,0.0873977100319992,"Cd226,Cd84,Cd300lb"
"GO:0050766","positive regulation of phagocytosis",91,3,0.032967032967033,7.01228183581125,3.94793708695756,0.0091362402584899,0.0873977100319992,"Dock2,Tub,Apoa1"
"GO:0150076","neuroinflammatory response",91,3,0.032967032967033,7.01228183581125,3.94793708695756,0.0091362402584899,0.0873977100319992,"Itgam,C5ar1,Cd200r4"
"GO:0032675","regulation of interleukin-6 production",173,4,0.023121387283237,4.918055083305,3.55240226368423,0.0091407084565984,0.0873977100319992,"Pou2af1,Cd84,Isl1,C5ar2"
"GO:0050728","negative regulation of inflammatory response",174,4,0.0229885057471264,4.88979039891819,3.53701519158522,0.00932241223522404,0.0873977100319992,"Gata3,Ada,Apoa1,Isl1"
"GO:0006027","glycosaminoglycan catabolic process",31,2,0.0645161290322581,13.7229601518027,4.87110924969063,0.00933138674575428,0.0873977100319992,"Hmmr,Gusb"
"GO:1905523","positive regulation of macrophage migration",31,2,0.0645161290322581,13.7229601518027,4.87110924969063,0.00933138674575428,0.0873977100319992,"Thbs1,C5ar1"
"GO:0046942","carboxylic acid transport",381,6,0.015748031496063,3.34969893469199,3.17307038309573,0.00942706849544841,0.0874071175411313,"Pianp,Slc17a6,Mfsd12,Thbs1,Per2,Slc17a7"
"GO:0002696","positive regulation of leukocyte activation",383,6,0.0156657963446475,3.33220703424973,3.15781511649499,0.00965691153920173,0.0882480302328781,"Gata3,Ada,Cd226,Thbs1,Cd300lb,Ighm"
"GO:0015849","organic acid transport",383,6,0.0156657963446475,3.33220703424973,3.15781511649499,0.00965691153920173,0.0882480302328781,"Pianp,Slc17a6,Mfsd12,Thbs1,Per2,Slc17a7"
"GO:0042267","natural killer cell mediated cytotoxicity",93,3,0.032258064516129,6.86148007590133,3.89111462634777,0.00969307670885406,0.0883239834591271,"Cd2,Cd226,Raet1d"
"GO:0000096","sulfur amino acid metabolic process",32,2,0.0625,13.2941176470588,4.78232101284246,0.00992306512904574,0.089138922164884,"Cth,Bhmt"
"GO:0048266","behavioral response to pain",32,2,0.0625,13.2941176470588,4.78232101284246,0.00992306512904574,0.089138922164884,"Scn10a,Thbs1"
"GO:0050802","circadian sleep/wake cycle, sleep",32,2,0.0625,13.2941176470588,4.78232101284246,0.00992306512904574,0.089138922164884,"Ada,Per3"
"GO:0090128","regulation of synapse maturation",32,2,0.0625,13.2941176470588,4.78232101284246,0.00992306512904574,0.089138922164884,"Nefl,Nrg2"
"GO:0002821","positive regulation of adaptive immune response",179,4,0.0223463687150838,4.75320407492606,3.46180466149571,0.0102662424574912,0.0917021262893088,"Gata3,Ada,Cd226,Raet1d"
"GO:0001780","neutrophil homeostasis",33,2,0.0606060606060606,12.8912655971479,4.69741505226975,0.0105309976000288,0.0930189230910622,"Cxcr2,Itgam"
"GO:0016048","detection of temperature stimulus",33,2,0.0606060606060606,12.8912655971479,4.69741505226975,0.0105309976000288,0.0930189230910622,"Scn10a,Prdm12"
"GO:0035455","response to interferon-alpha",33,2,0.0606060606060606,12.8912655971479,4.69741505226975,0.0105309976000288,0.0930189230910622,"Gata3,Tgtp1"
"GO:0042749","regulation of circadian sleep/wake cycle",33,2,0.0606060606060606,12.8912655971479,4.69741505226975,0.0105309976000288,0.0930189230910622,"Ada,Per3"
"GO:0032635","interleukin-6 production",182,4,0.021978021978022,4.6748545572075,3.41800248281811,0.0108611896383761,0.095140420837819,"Pou2af1,Cd84,Isl1,C5ar2"
"GO:0009069","serine family amino acid metabolic process",34,2,0.0588235294117647,12.5121107266436,4.6161064736874,0.0111550205833868,0.0965148707702072,"Cth,Glyat"
"GO:0010758","regulation of macrophage chemotaxis",34,2,0.0588235294117647,12.5121107266436,4.6161064736874,0.0111550205833868,0.0965148707702072,"Thbs1,C5ar1"
"GO:0060037","pharyngeal system development",34,2,0.0588235294117647,12.5121107266436,4.6161064736874,0.0111550205833868,0.0965148707702072,"Gata3,Isl1"
"GO:2000352","negative regulation of endothelial cell apoptotic process",34,2,0.0588235294117647,12.5121107266436,4.6161064736874,0.0111550205833868,0.0965148707702072,"Gata3,Scg2"
"GO:0002228","natural killer cell mediated immunity",98,3,0.0306122448979592,6.51140456182473,3.75610948805369,0.0111702799030798,0.0965148707702072,"Cd2,Cd226,Raet1d"
"GO:0045766","positive regulation of angiogenesis",184,4,0.0217391304347826,4.62404092071611,3.3893282964076,0.01126993815528,0.0971113420934593,"Cxcr2,Thbs1,Isl1,C5ar1"
"GO:1901988","negative regulation of cell cycle phase transition",286,5,0.0174825174825175,3.7186343068696,3.17553844213007,0.0114964874230895,0.0985327256355343,"Susd2,E2f1,Zc3h12d,Rbbp8,Clspn"
"GO:0052547","regulation of peptidase activity",400,6,0.015,3.19058823529412,3.03207764769087,0.0117747248939529,0.0994730189959747,"Ctsd,Tfpi2,Ltf,Thbs1,Serpina9,Serpina1d"
"GO:0022410","circadian sleep/wake cycle process",35,2,0.0571428571428571,12.1546218487395,4.53813896415838,0.0117949716627204,0.0994730189959747,"Ada,Per3"
"GO:0040036","regulation of fibroblast growth factor receptor signaling pathway",35,2,0.0571428571428571,12.1546218487395,4.53813896415838,0.0117949716627204,0.0994730189959747,"Gata3,Thbs1"
"GO:0048799","animal organ maturation",35,2,0.0571428571428571,12.1546218487395,4.53813896415838,0.0117949716627204,0.0994730189959747,"Gata3,Ltf"
"GO:0001909","leukocyte mediated cytotoxicity",187,4,0.0213903743315508,4.54985844605222,3.34708033787803,0.0119014450171855,0.0998398998663891,"Cd2,Itgam,Cd226,Raet1d"
"GO:1904018","positive regulation of vasculature development",187,4,0.0213903743315508,4.54985844605222,3.34708033787803,0.0119014450171855,0.0998398998663891,"Cxcr2,Thbs1,Isl1,C5ar1"
"GO:0001912","positive regulation of leukocyte mediated cytotoxicity",102,3,0.0294117647058824,6.2560553633218,3.65471117356072,0.0124405335619622,0.100908649577913,"Itgam,Cd226,Raet1d"
"GO:0015807","L-amino acid transport",102,3,0.0294117647058824,6.2560553633218,3.65471117356072,0.0124405335619622,0.100908649577913,"Slc17a6,Per2,Slc17a7"
"GO:0002313","mature B cell differentiation involved in immune response",36,2,0.0555555555555556,11.8169934640523,4.4632812019946,0.0124506895733984,0.100908649577913,"Ada,Pou2af1"
"GO:0050851","antigen receptor-mediated signaling pathway",190,4,0.0210526315789474,4.47801857585139,3.30571693473257,0.0125552553386284,0.100908649577913,"Gata3,Ada,Cd226,Ighm"
"GO:0010574","regulation of vascular endothelial growth factor production",37,2,0.0540540540540541,11.4976152623211,4.39132380328235,0.013122014195449,0.100908649577913,"Isl1,C5ar1"
"GO:0022617","extracellular matrix disassembly",37,2,0.0540540540540541,11.4976152623211,4.39132380328235,0.013122014195449,0.100908649577913,"Fap,Pdpn"
"GO:0071353","cellular response to interleukin-4",37,2,0.0540540540540541,11.4976152623211,4.39132380328235,0.013122014195449,0.100908649577913,"Gata3,Nfil3"
"GO:0009615","response to virus",412,6,0.0145631067961165,3.09765848086808,2.94729985284142,0.0134543943566188,0.100908649577913,"Gata3,Dclk1,Pou2af1,Tlr13,Tgtp1,Gbp4"
"GO:0045786","negative regulation of cell cycle",413,6,0.0145278450363196,3.09015809713716,2.94037492096549,0.0136015472151999,0.100908649577913,"Susd2,Gata3,E2f1,Zc3h12d,Rbbp8,Clspn"
"GO:0033077","T cell differentiation in thymus",106,3,0.0283018867924528,6.01997780244173,3.55858962003993,0.0137903024338286,0.100908649577913,"Gata3,Ada,Dock2"
"GO:0090023","positive regulation of neutrophil chemotaxis",38,2,0.0526315789473684,11.1950464396285,4.32207671270513,0.0138087865464921,0.100908649577913,"Cxcr2,C5ar1"
"GO:0097242","amyloid-beta clearance",38,2,0.0526315789473684,11.1950464396285,4.32207671270513,0.0138087865464921,0.100908649577913,"Itgam,C5ar1"
"GO:0021700","developmental maturation",418,6,0.0143540669856459,3.05319448353504,2.90606186966172,0.0143542579264801,0.102480849587105,"Gata3,Rab32,Nefl,Ltf,Nrg2,Slc17a7"
"GO:1902806","regulation of cell cycle G1/S phase transition",198,4,0.0202020202020202,4.29708853238265,3.19948903498697,0.0144097681375547,0.102480849587105,"Susd2,E2f1,Pdpn,Zc3h12d"
"GO:0010717","regulation of epithelial to mesenchymal transition",108,3,0.0277777777777778,5.90849673202614,3.51235683162977,0.0144952136453313,0.102480849587105,"Gata3,Pdpn,Isl1"
"GO:0030431","sleep",39,2,0.0512820512820513,10.9079939668175,4.25536696419742,0.0145108487747115,0.102480849587105,"Ada,Per3"
"GO:0050951","sensory perception of temperature stimulus",39,2,0.0512820512820513,10.9079939668175,4.25536696419742,0.0145108487747115,0.102480849587105,"Scn10a,Prdm12"
"GO:0002705","positive regulation of leukocyte mediated immunity",200,4,0.02,4.25411764705882,3.17380899744551,0.0148990252698038,0.104988464734551,"Gata3,Itgam,Cd226,Raet1d"
"GO:0006026","aminoglycan catabolic process",40,2,0.05,10.6352941176471,4.19103675100617,0.0152280441518679,0.105895017556081,"Hmmr,Gusb"
"GO:0030212","hyaluronan metabolic process",40,2,0.05,10.6352941176471,4.19103675100617,0.0152280441518679,0.105895017556081,"Hmmr,Gusb"
"GO:0070670","response to interleukin-4",40,2,0.05,10.6352941176471,4.19103675100617,0.0152280441518679,0.105895017556081,"Gata3,Nfil3"
"GO:0044344","cellular response to fibroblast growth factor stimulus",111,3,0.027027027027027,5.74880763116057,3.44514034465462,0.0155903125702913,0.1081769828455,"Gata3,Thbs1,Rhod"
"GO:0045807","positive regulation of endocytosis",203,4,0.0197044334975369,4.19124891335845,3.13591234919374,0.0156524154364892,0.108350280831773,"Dock2,Tub,Apoa1,Ighm"
"GO:0052548","regulation of endopeptidase activity",310,5,0.0161290322580645,3.43074003795066,2.95722900333834,0.0157906548619871,0.108852536016002,"Ctsd,Ltf,Thbs1,Serpina9,Serpina1d"
"GO:0001709","cell fate determination",41,2,0.0487804878048781,10.3758967001435,4.12894175585137,0.0159602170663512,0.109052450754298,"Gata3,Isl1"
"GO:0010573","vascular endothelial growth factor production",41,2,0.0487804878048781,10.3758967001435,4.12894175585137,0.0159602170663512,0.109052450754298,"Isl1,C5ar1"
"GO:0062149","detection of stimulus involved in sensory perception of pain",41,2,0.0487804878048781,10.3758967001435,4.12894175585137,0.0159602170663512,0.109052450754298,"Scn10a,Prdm12"
"GO:0071624","positive regulation of granulocyte chemotaxis",41,2,0.0487804878048781,10.3758967001435,4.12894175585137,0.0159602170663512,0.109052450754298,"Cxcr2,C5ar1"
"GO:0008016","regulation of heart contraction",205,4,0.0195121951219512,4.15035868005739,3.11105199277883,0.016167774868133,0.109052450754298,"Ada,Dmpk,Scn10a,Isl1"
"GO:0031343","positive regulation of cell killing",113,3,0.0265486725663717,5.64705882352941,3.40167888966495,0.0163456209993463,0.109052450754298,"Itgam,Cd226,Raet1d"
"GO:0046631","alpha-beta T cell activation",206,4,0.0194174757281553,4.1302113078241,3.09874017224092,0.0164294084442324,0.109052450754298,"Gata3,Ada,Dock2,Tnfsf8"
"GO:0099173","postsynapse organization",314,5,0.0159235668789809,3.3870363431997,2.9229393506229,0.0165974677595761,0.109052450754298,"Nefl,Cpne6,Dclk1,Sh3gl2,Cc2d1a"
"GO:0070328","triglyceride homeostasis",42,2,0.0476190476190476,10.1288515406162,4.06894970072959,0.0167072130162731,0.109052450754298,"Apoa1,Apoc4"
"GO:2000677","regulation of transcription regulatory region DNA binding",42,2,0.0476190476190476,10.1288515406162,4.06894970072959,0.0167072130162731,0.109052450754298,"Gata3,Per2"
"GO:0002275","myeloid cell activation involved in immune response",114,3,0.0263157894736842,5.59752321981424,3.38033557680279,0.0167308677451408,0.109052450754298,"Dock2,Itgam,Cd84"
"GO:0019731","antibacterial humoral response",114,3,0.0263157894736842,5.59752321981424,3.38033557680279,0.0167308677451408,0.109052450754298,"Ltf,Ighm,Igha"
"GO:0007159","leukocyte cell-cell adhesion",434,6,0.0138248847926267,2.94063431824343,2.7996071701253,0.0169577309472433,0.109052450754298,"Gata3,Ada,Add2,Itgam,Zc3h12d,Thbs1"
"GO:0002027","regulation of heart rate",115,3,0.0260869565217391,5.54884910485934,3.35924319684831,0.0171211839166073,0.109052450754298,"Ada,Scn10a,Isl1"
"GO:0002690","positive regulation of leukocyte chemotaxis",115,3,0.0260869565217391,5.54884910485934,3.35924319684831,0.0171211839166073,0.109052450754298,"Cxcr2,Thbs1,C5ar1"
"GO:0099003","vesicle-mediated transport in synapse",317,5,0.0157728706624606,3.35498237149749,2.89758382140724,0.0172202829354856,0.109052450754298,"Snap25,Sh3gl2,Slc17a6,Sv2c,Slc17a7"
"GO:0002446","neutrophil mediated immunity",43,2,0.0465116279069767,9.89329685362517,4.0109390829975,0.0174688786025985,0.109052450754298,"Itgam,Cd300lb"
"GO:0006958","complement activation, classical pathway",43,2,0.0465116279069767,9.89329685362517,4.0109390829975,0.0174688786025985,0.109052450754298,"Ighm,Igha"
"GO:0042745","circadian sleep/wake cycle",43,2,0.0465116279069767,9.89329685362517,4.0109390829975,0.0174688786025985,0.109052450754298,"Ada,Per3"
"GO:0042832","defense response to protozoan",43,2,0.0465116279069767,9.89329685362517,4.0109390829975,0.0174688786025985,0.109052450754298,"Tgtp1,Gbp4"
"GO:0043094","cellular metabolic compound salvage",43,2,0.0465116279069767,9.89329685362517,4.0109390829975,0.0174688786025985,0.109052450754298,"Ada,Bhmt"
"GO:0055090","acylglycerol homeostasis",43,2,0.0465116279069767,9.89329685362517,4.0109390829975,0.0174688786025985,0.109052450754298,"Apoa1,Apoc4"
"GO:0019730","antimicrobial humoral response",210,4,0.019047619047619,4.0515406162465,3.05026057713221,0.0175024820825292,0.109052450754298,"Ccl9,Ltf,Ighm,Igha"
"GO:0002703","regulation of leukocyte mediated immunity",319,5,0.0156739811912226,3.3339479992624,2.88084845740878,0.0176440051823059,0.109052450754298,"Gata3,Itgam,Cd226,Cd84,Raet1d"
"GO:0042119","neutrophil activation",44,2,0.0454545454545455,9.66844919786096,3.95479807008812,0.0182450615223171,0.109052450754298,"Cxcr2,Itgam"
"GO:0044273","sulfur compound catabolic process",44,2,0.0454545454545455,9.66844919786096,3.95479807008812,0.0182450615223171,0.109052450754298,"Gusb,Dpep2"
"GO:0097484","dendrite extension",44,2,0.0454545454545455,9.66844919786096,3.95479807008812,0.0182450615223171,0.109052450754298,"Cpne6,Sh3gl2"
"GO:0071774","response to fibroblast growth factor",118,3,0.0254237288135593,5.40777666999003,3.29741942143544,0.0183225992841705,0.109052450754298,"Gata3,Thbs1,Rhod"
"GO:0002700","regulation of production of molecular mediator of immune response",214,4,0.0186915887850467,3.9758108851017,3.00296729131752,0.0186183738766084,0.109052450754298,"Gata3,Apoa1,Cd226,Ighm"
"GO:0001504","neurotransmitter uptake",45,2,0.0444444444444444,9.45359477124183,3.90042352984271,0.0190356105616533,0.110350861226696,"Slc17a6,Per2"
"GO:0002335","mature B cell differentiation",45,2,0.0444444444444444,9.45359477124183,3.90042352984271,0.0190356105616533,0.110350861226696,"Ada,Pou2af1"
"GO:0099170","postsynaptic modulation of chemical synaptic transmission",45,2,0.0444444444444444,9.45359477124183,3.90042352984271,0.0190356105616533,0.110350861226696,"Nefl,Clmp"
"GO:1900181","negative regulation of protein localization to nucleus",45,2,0.0444444444444444,9.45359477124183,3.90042352984271,0.0190356105616533,0.110350861226696,"Dclk1,Gbp4"
"GO:0006959","humoral immune response",327,5,0.0152905198776758,3.25238352221623,2.81521030792096,0.0194078961856133,0.112303720446313,"Gata3,Ccl9,Ltf,Ighm,Igha"
"GO:0007616","long-term memory",46,2,0.0434782608695652,9.24808184143222,3.847720177212,0.0198403755893154,0.113974331510361,"Snap25,Slc17a7"
"GO:0043388","positive regulation of DNA binding",46,2,0.0434782608695652,9.24808184143222,3.847720177212,0.0198403755893154,0.113974331510361,"Gata3,Isl1"
"GO:0071402","cellular response to lipoprotein particle stimulus",46,2,0.0434782608695652,9.24808184143222,3.847720177212,0.0198403755893154,0.113974331510361,"Cd68,Apoa1"
"GO:0071825","protein-lipid complex organization",46,2,0.0434782608695652,9.24808184143222,3.847720177212,0.0198403755893154,0.113974331510361,"Sh3gl2,Apoa1"
"GO:0010948","negative regulation of cell cycle process",330,5,0.0151515151515152,3.22281639928699,2.79111651462702,0.0200981799844035,0.115038499513616,"Susd2,E2f1,Zc3h12d,Rbbp8,Clspn"
"GO:0050764","regulation of phagocytosis",123,3,0.024390243902439,5.18794835007174,3.19893317590062,0.0204267517493216,0.116498614742983,"Dock2,Tub,Apoa1"
"GO:0033028","myeloid cell apoptotic process",47,2,0.0425531914893617,9.05131414267835,3.79659982116559,0.0206592075497834,0.117217495006448,"Cxcr2,Itgam"
"GO:1902107","positive regulation of leukocyte differentiation",221,4,0.0180995475113122,3.84988022358265,2.92290079209425,0.0206755493576647,0.117217495006448,"Gata3,Ada,Ccl9,Itgam"
"GO:1903708","positive regulation of hemopoiesis",221,4,0.0180995475113122,3.84988022358265,2.92290079209425,0.0206755493576647,0.117217495006448,"Gata3,Ada,Ccl9,Itgam"
"GO:0051092","positive regulation of NF-kappaB transcription factor activity",124,3,0.0241935483870968,5.146110056926,3.17987832696766,0.0208628774553697,0.117217495006448,"Cth,Ltf,Cd84"
"GO:0001562","response to protozoan",48,2,0.0416666666666667,8.86274509803921,3.74698069818487,0.021491958456635,0.117217495006448,"Tgtp1,Gbp4"
"GO:0019885","antigen processing and presentation of endogenous peptide antigen via MHC class I",48,2,0.0416666666666667,8.86274509803921,3.74698069818487,0.021491958456635,0.117217495006448,"Tapbp,Raet1d"
"GO:0048246","macrophage chemotaxis",48,2,0.0416666666666667,8.86274509803921,3.74698069818487,0.021491958456635,0.117217495006448,"Thbs1,C5ar1"
"GO:0046651","lymphocyte proliferation",336,5,0.0148809523809524,3.16526610644258,2.74374587132387,0.0215266575349087,0.117217495006448,"Ada,Dock2,Itgam,Zc3h12d,Ighm"
"GO:0017157","regulation of exocytosis",225,4,0.0177777777777778,3.78143790849673,2.87860594591122,0.021911415810099,0.117217495006448,"Rab3c,Itgam,Cd84,Sv2c"
"GO:0002483","antigen processing and presentation of endogenous peptide antigen",49,2,0.0408163265306122,8.68187274909964,3.69878688080908,0.0223384813859102,0.117217495006448,"Tapbp,Raet1d"
"GO:0030890","positive regulation of B cell proliferation",49,2,0.0408163265306122,8.68187274909964,3.69878688080908,0.0223384813859102,0.117217495006448,"Ada,Ighm"
"GO:0043114","regulation of vascular permeability",49,2,0.0408163265306122,8.68187274909964,3.69878688080908,0.0223384813859102,0.117217495006448,"Cxcr2,Sh3gl2"
"GO:1903524","positive regulation of blood circulation",49,2,0.0408163265306122,8.68187274909964,3.69878688080908,0.0223384813859102,0.117217495006448,"Ada,Dusp5"
"GO:1905521","regulation of macrophage migration",49,2,0.0408163265306122,8.68187274909964,3.69878688080908,0.0223384813859102,0.117217495006448,"Thbs1,C5ar1"
"GO:0035249","synaptic transmission, glutamatergic",128,3,0.0234375,4.98529411764706,3.10566318768517,0.0226584174780826,0.117217495006448,"Cnih3,Slc17a6,Slc17a7"
"GO:0043603","amide metabolic process",466,6,0.0128755364806867,2.73870234789195,2.60058304602213,0.0231072533526196,0.117217495006448,"Ada,Cth,Elovl3,Pm20d1,Dpep2,Glyat"
"GO:0002444","myeloid leukocyte mediated immunity",129,3,0.0232558139534884,4.94664842681258,3.08759143076083,0.0231200643816444,0.117217495006448,"Itgam,Cd84,Cd300lb"
"GO:0043392","negative regulation of DNA binding",50,2,0.04,8.50823529411765,3.65194775144112,0.023198630469514,0.117217495006448,"E2f1,Per2"
"GO:0032943","mononuclear cell proliferation",343,5,0.0145772594752187,3.10066883896416,2.68980496022685,0.0232750661299881,0.117217495006448,"Ada,Dock2,Itgam,Zc3h12d,Ighm"
"GO:0001774","microglial cell activation",51,2,0.0392156862745098,8.34140715109573,3.60639753306531,0.0240722608886561,0.120399273309035,"Itgam,C5ar1"
"GO:0048265","response to pain",51,2,0.0392156862745098,8.34140715109573,3.60639753306531,0.0240722608886561,0.120399273309035,"Scn10a,Thbs1"
"GO:0060074","synapse maturation",51,2,0.0392156862745098,8.34140715109573,3.60639753306531,0.0240722608886561,0.120399273309035,"Nefl,Nrg2"
"GO:0000082","G1/S transition of mitotic cell cycle",233,4,0.0171673819742489,3.6516031305226,2.79298500594039,0.0245165257868491,0.122330939553306,"E2f1,Pdpn,Zc3h12d,Rbbp8"
"GO:0051588","regulation of neurotransmitter transport",132,3,0.0227272727272727,4.83422459893048,3.03447572392597,0.0245356283683073,0.122330939553306,"Gpr158,Sv2c,Per2"
"GO:0051098","regulation of binding",349,5,0.0143266475644699,3.04736221136019,2.64465556022266,0.024844934802687,0.123665179278596,"Gata3,E2f1,Add2,Isl1,Per2"
"GO:0003197","endocardial cushion development",52,2,0.0384615384615385,8.18099547511312,3.56207486973865,0.0249592288673294,0.123665179278596,"Thbs1,Isl1"
"GO:0019883","antigen processing and presentation of endogenous antigen",52,2,0.0384615384615385,8.18099547511312,3.56207486973865,0.0249592288673294,0.123665179278596,"Tapbp,Raet1d"
"GO:1902624","positive regulation of neutrophil migration",52,2,0.0384615384615385,8.18099547511312,3.56207486973865,0.0249592288673294,0.123665179278596,"Cxcr2,C5ar1"
"GO:0048534","hematopoietic or lymphoid organ development",133,3,0.0225563909774436,4.79787704555506,3.01712577336205,0.0250176869272769,0.123756734743469,"Gata3,Ada,Pdpn"
"GO:1901987","regulation of cell cycle phase transition",475,6,0.0126315789473684,2.68681114551084,2.54761894600494,0.0250757275581702,0.123756734743469,"Susd2,E2f1,Pdpn,Zc3h12d,Rbbp8,Clspn"
"GO:0010810","regulation of cell-substrate adhesion",235,4,0.0170212765957447,3.62052565707134,2.77216836551924,0.0251958274668724,0.124062063505361,"Pdpn,Apoa1,Thbs1,Rhod"
"GO:0150063","visual system development",476,6,0.0126050420168067,2.68116658428077,2.54180986361734,0.0253011513928416,0.124227525572412,"Gata3,Slc4a7,Col5a2,Slc17a6,Itgam,Tub"
"GO:0002718","regulation of cytokine production involved in immune response",134,3,0.0223880597014925,4.76207199297629,2.99994806547748,0.0255048446058619,0.125001332681898,"Gata3,Apoa1,Cd226"
"GO:0050856","regulation of T cell receptor signaling pathway",53,2,0.0377358490566038,8.02663706992231,3.51892245073051,0.0258593916658252,0.126480454516036,"Ada,Cd226"
"GO:0043542","endothelial cell migration",237,4,0.0168776371308017,3.58997269793994,2.7515775122348,0.0258864127975109,0.126480454516036,"Fap,Gata3,Apoa1,Thbs1"
"GO:0045861","negative regulation of proteolysis",353,5,0.0141643059490085,3.01283119480087,2.61509110093748,0.0259285073811492,0.126491226008653,"Tfpi2,Ltf,Thbs1,Serpina9,Serpina1d"
"GO:1901990","regulation of mitotic cell cycle phase transition",354,5,0.0141242937853107,3.00432037221668,2.60776520738643,0.0262040603650537,0.127503370046494,"E2f1,Pdpn,Zc3h12d,Rbbp8,Clspn"
"GO:0030900","forebrain development",480,6,0.0125,2.65882352941177,2.51872162634763,0.0262163977515971,0.127503370046494,"Nefl,E2f1,Dclk1,Pianp,Itgam,Isl1"
"GO:0050829","defense response to Gram-negative bacterium",136,3,0.0220588235294118,4.69204152249135,2.9660969970703,0.0264944480694337,0.127646554005131,"Ltf,Lyz1,Ighm"
"GO:0002686","negative regulation of leukocyte migration",54,2,0.037037037037037,7.87799564270153,3.47688667303995,0.0267726075742853,0.127646554005131,"Ada,C5ar2"
"GO:0032715","negative regulation of interleukin-6 production",54,2,0.037037037037037,7.87799564270153,3.47688667303995,0.0267726075742853,0.127646554005131,"Cd84,C5ar2"
"GO:0036230","granulocyte activation",54,2,0.037037037037037,7.87799564270153,3.47688667303995,0.0267726075742853,0.127646554005131,"Cxcr2,Itgam"
"GO:0046189","phenol-containing compound biosynthetic process",54,2,0.037037037037037,7.87799564270153,3.47688667303995,0.0267726075742853,0.127646554005131,"Gata3,Mfsd12"
"GO:0001910","regulation of leukocyte mediated cytotoxicity",137,3,0.0218978102189781,4.65779304422499,2.94941764215061,0.0269968883661812,0.127646554005131,"Itgam,Cd226,Raet1d"
"GO:0001706","endoderm formation",55,2,0.0363636363636364,7.73475935828877,3.4359173377409,0.0276987359062925,0.127646554005131,"Col5a2,Dusp5"
"GO:0002269","leukocyte activation involved in inflammatory response",55,2,0.0363636363636364,7.73475935828877,3.4359173377409,0.0276987359062925,0.127646554005131,"Itgam,C5ar1"
"GO:0150052","regulation of postsynapse assembly",55,2,0.0363636363636364,7.73475935828877,3.4359173377409,0.0276987359062925,0.127646554005131,"Dclk1,Cc2d1a"
"GO:0040013","negative regulation of locomotion",360,5,0.0138888888888889,2.95424836601307,2.56434423759744,0.0278968055313896,0.127646554005131,"Gata3,Ada,Ptgr1,Thbs1,C5ar2"
"GO:0007127","meiosis I",139,3,0.0215827338129496,4.59077443927211,2.91653686616039,0.0280170298289408,0.127646554005131,"Dnmt3l,Spo11,Top2a"
"GO:0007200","phospholipase C-activating G protein-coupled receptor signaling pathway",139,3,0.0215827338129496,4.59077443927211,2.91653686616039,0.0280170298289408,0.127646554005131,"Cxcr2,C5ar1,C5ar2"
"GO:0018958","phenol-containing compound metabolic process",139,3,0.0215827338129496,4.59077443927211,2.91653686616039,0.0280170298289408,0.127646554005131,"Gata3,Itgam,Mfsd12"
"GO:0098656","monoatomic anion transmembrane transport",140,3,0.0214285714285714,4.55798319327731,2.90032988964785,0.0285347234928489,0.129632676498315,"Slc4a7,Slc17a6,Slc17a7"
"GO:0010718","positive regulation of epithelial to mesenchymal transition",56,2,0.0357142857142857,7.59663865546218,3.39596737621712,0.028637636992496,0.129728495576007,"Pdpn,Isl1"
"GO:0061756","leukocyte adhesion to vascular endothelial cell",56,2,0.0357142857142857,7.59663865546218,3.39596737621712,0.028637636992496,0.129728495576007,"Add2,Itgam"
"GO:0042692","muscle cell differentiation",491,6,0.0122199592668024,2.59925721816221,2.45641879561525,0.0288464012218605,0.130487786411583,"Bnip2,Dock2,Cth,Dmpk,Dner,Isl1"
"GO:0060047","heart contraction",246,4,0.016260162601626,3.45863223338116,2.66159298994065,0.0291345451628773,0.131603479645989,"Ada,Dmpk,Scn10a,Isl1"
"GO:0051146","striated muscle cell differentiation",365,5,0.0136986301369863,2.91377921031426,2.52884138327303,0.0293594438594707,0.132242608634065,"Bnip2,Dock2,Dmpk,Dner,Isl1"
"GO:0002822","regulation of adaptive immune response based on somatic recombination of immune receptors built from immunoglobulin superfamily domains",247,4,0.0161943319838057,3.44462967373184,2.65185422077795,0.0295097130921332,0.132353743959699,"Gata3,Ada,Cd226,Raet1d"
"GO:0007131","reciprocal meiotic recombination",57,2,0.0350877192982456,7.46336429308565,3.35699260286855,0.0295891721742749,0.132353743959699,"Spo11,Top2a"
"GO:0043300","regulation of leukocyte degranulation",57,2,0.0350877192982456,7.46336429308565,3.35699260286855,0.0295891721742749,0.132353743959699,"Itgam,Cd84"
"GO:0140527","reciprocal homologous recombination",57,2,0.0350877192982456,7.46336429308565,3.35699260286855,0.0295891721742749,0.132353743959699,"Spo11,Top2a"
"GO:0002237","response to molecule of bacterial origin",494,6,0.0121457489878543,2.58347225529888,2.43972113468027,0.0295928112480059,0.132353743959699,"Cd68,E2f1,Ltf,Cd84,C5ar1,Cd300lb"
"GO:0002449","lymphocyte mediated immunity",496,6,0.0120967741935484,2.573055028463,2.42865755878222,0.0300974269671136,0.134118671765327,"Gata3,Cd2,Cd226,Ighm,Raet1d,Igha"
"GO:0170038","proteinogenic amino acid biosynthetic process",58,2,0.0344827586206897,7.33468559837728,3.31895149131425,0.0305532037974377,0.135882481404874,"Cth,Bhmt"
"GO:0001776","leukocyte homeostasis",145,3,0.0206896551724138,4.40081135902637,2.82152400798092,0.0311992420027674,0.136215648934006,"Ada,Cxcr2,Itgam"
"GO:0046632","alpha-beta T cell differentiation",145,3,0.0206896551724138,4.40081135902637,2.82152400798092,0.0311992420027674,0.136215648934006,"Gata3,Ada,Tnfsf8"
"GO:1902105","regulation of leukocyte differentiation",372,5,0.0134408602150538,2.85895003162555,2.48013736071612,0.0314874122500339,0.136215648934006,"Gata3,Ada,Ccl9,Itgam,Ltf"
"GO:0170034","L-amino acid biosynthetic process",59,2,0.0338983050847458,7.21036889332004,3.28180497149644,0.0315295952059573,0.136215648934006,"Cth,Bhmt"
"GO:1900024","regulation of substrate adhesion-dependent cell spreading",59,2,0.0338983050847458,7.21036889332004,3.28180497149644,0.0315295952059573,0.136215648934006,"Pdpn,Apoa1"
"GO:0061982","meiosis I cell cycle process",146,3,0.0205479452054795,4.37066881547139,2.80619122149809,0.0317473194346599,0.136215648934006,"Dnmt3l,Spo11,Top2a"
"GO:1901617","organic hydroxy compound biosynthetic process",253,4,0.0158102766798419,3.3629388514299,2.59445573532019,0.0318209809741604,0.136215648934006,"Gata3,Apoa1,Mfsd12,Per2"
"GO:0002455","humoral immune response mediated by circulating immunoglobulin",60,2,0.0333333333333333,7.09019607843137,3.24551624541557,0.0325182107357434,0.136215648934006,"Ighm,Igha"
"GO:0044818","mitotic G2/M transition checkpoint",60,2,0.0333333333333333,7.09019607843137,3.24551624541557,0.0325182107357434,0.136215648934006,"Rbbp8,Clspn"
"GO:0050852","T cell receptor signaling pathway",148,3,0.0202702702702703,4.31160572337043,2.77593519106992,0.0328586010279032,0.137278819314204,"Gata3,Ada,Cd226"
"GO:0003015","heart process",256,4,0.015625,3.32352941176471,2.56640030413641,0.0330154707512977,0.137391151905991,"Ada,Dmpk,Scn10a,Isl1"
"GO:0003018","vascular process in circulatory system",256,4,0.015625,3.32352941176471,2.56640030413641,0.0330154707512977,0.137391151905991,"Cxcr2,Sh3gl2,Dusp5,Per2"
"GO:0031589","cell-substrate adhesion",377,5,0.013262599469496,2.8210329224528,2.44603713298506,0.0330652434157935,0.13741793823261,"Pdpn,Itgam,Apoa1,Thbs1,Rhod"
"GO:0070661","leukocyte proliferation",378,5,0.0132275132275132,2.8135698723934,2.43928402358602,0.0333866316578885,0.1385720012921,"Ada,Dock2,Itgam,Zc3h12d,Ighm"
"GO:0034113","heterotypic cell-cell adhesion",61,2,0.0327868852459016,6.97396335583414,3.21005061950631,0.0335189157084494,0.138576899232716,"Cd2,Apoa1"
"GO:0050918","positive chemotaxis",61,2,0.0327868852459016,6.97396335583414,3.21005061950631,0.0335189157084494,0.138576899232716,"Ptgr1,Scg2"
"GO:0061900","glial cell activation",61,2,0.0327868852459016,6.97396335583414,3.21005061950631,0.0335189157084494,0.138576899232716,"Itgam,C5ar1"
"GO:0014902","myotube differentiation",150,3,0.02,4.25411764705882,2.74621041969308,0.0339900074768824,0.140154148100806,"Dock2,Dmpk,Dner"
"GO:0002474","antigen processing and presentation of peptide antigen via MHC class I",62,2,0.032258064516129,6.86148007590133,3.17537535190573,0.0345315764253154,0.141602110742429,"Tapbp,Raet1d"
"GO:0007140","male meiotic nuclear division",62,2,0.032258064516129,6.86148007590133,3.17537535190573,0.0345315764253154,0.141602110742429,"Dnmt3l,Spo11"
"GO:0031663","lipopolysaccharide-mediated signaling pathway",62,2,0.032258064516129,6.86148007590133,3.17537535190573,0.0345315764253154,0.141602110742429,"Ltf,Cd84"
"GO:0051099","positive regulation of binding",151,3,0.0198675496688742,4.22594468250877,2.73154189807201,0.0345632398973951,0.141602110742429,"Gata3,Add2,Isl1"
"GO:0043030","regulation of macrophage activation",63,2,0.0317460317460317,6.75256769374416,3.14145951307372,0.0355560601610472,0.142394596206748,"Cd84,Thbs1"
"GO:1990090","cellular response to nerve growth factor stimulus",63,2,0.0317460317460317,6.75256769374416,3.14145951307372,0.0355560601610472,0.142394596206748,"E2f1,Sh3gl2"
"GO:0002819","regulation of adaptive immune response",263,4,0.0152091254752852,3.23507045403713,2.50252459176782,0.0359037503687474,0.142394596206748,"Gata3,Ada,Cd226,Raet1d"
"GO:0002761","regulation of myeloid leukocyte differentiation",154,3,0.0194805194805195,4.14362108479756,2.68828722933432,0.0363129625924167,0.142394596206748,"Ccl9,Itgam,Ltf"
"GO:0006693","prostaglandin metabolic process",64,2,0.03125,6.64705882352941,3.10827385840663,0.0365922351577295,0.142394596206748,"Ptgr1,Pdpn"
"GO:0019228","neuronal action potential",64,2,0.03125,6.64705882352941,3.10827385840663,0.0365922351577295,0.142394596206748,"Scn10a,Dpp6"
"GO:0032655","regulation of interleukin-12 production",64,2,0.03125,6.64705882352941,3.10827385840663,0.0365922351577295,0.142394596206748,"Thbs1,Isl1"
"GO:1901607","alpha-amino acid biosynthetic process",64,2,0.03125,6.64705882352941,3.10827385840663,0.0365922351577295,0.142394596206748,"Cth,Bhmt"
"GO:0035270","endocrine system development",155,3,0.0193548387096774,4.1168880455408,2.67411274982303,0.036906184992619,0.142394596206748,"Gata3,Apoa1,Isl1"
"GO:0045055","regulated exocytosis",266,4,0.0150375939849624,3.19858469703671,2.47580256437735,0.0371850348547746,0.142925752150897,"Snap25,Itgam,Cd84,Sv2c"
"GO:0006690","icosanoid metabolic process",156,3,0.0192307692307692,4.09049773755656,2.66005697351246,0.0375043839847699,0.143457147634778,"Ptgr1,Pdpn,Dpep2"
"GO:0031341","regulation of cell killing",156,3,0.0192307692307692,4.09049773755656,2.66005697351246,0.0375043839847699,0.143457147634778,"Itgam,Cd226,Raet1d"
"GO:0006692","prostanoid metabolic process",65,2,0.0307692307692308,6.5447963800905,3.07579071164245,0.037639970618775,0.143457147634778,"Ptgr1,Pdpn"
"GO:0006911","phagocytosis, engulfment",65,2,0.0307692307692308,6.5447963800905,3.07579071164245,0.037639970618775,0.143457147634778,"Itgam,Thbs1"
"GO:0045058","T cell selection",65,2,0.0307692307692308,6.5447963800905,3.07579071164245,0.037639970618775,0.143457147634778,"Gata3,Dock2"
"GO:1990089","response to nerve growth factor",65,2,0.0307692307692308,6.5447963800905,3.07579071164245,0.037639970618775,0.143457147634778,"E2f1,Sh3gl2"
"GO:0044272","sulfur compound biosynthetic process",157,3,0.0191082802547771,4.06444361183964,2.64611806218033,0.0381075506786807,0.144544310050355,"Cth,Elovl3,Bhmt"
"GO:0006584","catecholamine metabolic process",66,2,0.0303030303030303,6.44563279857397,3.04398385799242,0.0386991367029075,0.145459014646522,"Gata3,Itgam"
"GO:0009712","catechol-containing compound metabolic process",66,2,0.0303030303030303,6.44563279857397,3.04398385799242,0.0386991367029075,0.145459014646522,"Gata3,Itgam"
"GO:0030225","macrophage differentiation",66,2,0.0303030303030303,6.44563279857397,3.04398385799242,0.0386991367029075,0.145459014646522,"Gata3,Itgam"
"GO:0032615","interleukin-12 production",66,2,0.0303030303030303,6.44563279857397,3.04398385799242,0.0386991367029075,0.145459014646522,"Thbs1,Isl1"
"GO:0002367","cytokine production involved in immune response",158,3,0.0189873417721519,4.03871928518243,2.6322942178605,0.0387156759261004,0.145459014646522,"Gata3,Apoa1,Cd226"
"GO:0033559","unsaturated fatty acid metabolic process",158,3,0.0189873417721519,4.03871928518243,2.6322942178605,0.0387156759261004,0.145459014646522,"Ptgr1,Pdpn,Elovl3"
"GO:0006956","complement activation",67,2,0.0298507462686567,6.34942932396839,3.01282844605398,0.0397696045181809,0.148538770232216,"Ighm,Igha"
"GO:1903053","regulation of extracellular matrix organization",67,2,0.0298507462686567,6.34942932396839,3.01282844605398,0.0397696045181809,0.148538770232216,"Fap,Pdpn"
"GO:0030183","B cell differentiation",161,3,0.0186335403726708,3.9634636463281,2.5914956876365,0.0405697077118942,0.149992490128497,"Ada,Pou2af1,Ighm"
"GO:0006887","exocytosis",399,5,0.012531328320802,2.66548724753059,2.30234138551888,0.0405891137495082,0.149992490128497,"Rab3c,Snap25,Itgam,Cd84,Sv2c"
"GO:0050854","regulation of antigen receptor-mediated signaling pathway",68,2,0.0294117647058824,6.2560553633218,2.98230089766392,0.0408512461160312,0.149992490128497,"Ada,Cd226"
"GO:0061337","cardiac conduction",68,2,0.0294117647058824,6.2560553633218,2.98230089766392,0.0408512461160312,0.149992490128497,"Scn10a,Isl1"
"GO:0099172","presynapse organization",68,2,0.0294117647058824,6.2560553633218,2.98230089766392,0.0408512461160312,0.149992490128497,"Slitrk4,C5ar1"
"GO:1903305","regulation of regulated secretory pathway",162,3,0.0185185185185185,3.93899782135076,2.5781148979833,0.0411975706558334,0.149992490128497,"Itgam,Cd84,Sv2c"
"GO:0050890","cognition",401,5,0.0124688279301746,2.65219304679478,2.28976103416518,0.0413205843892053,0.149992490128497,"Snap25,Pianp,Gpr158,C5ar1,Slc17a7"
"GO:0051384","response to glucocorticoid",163,3,0.0184049079754601,3.91483219054493,2.56484075103211,0.0418303426668789,0.150731837041674,"Nefl,Glb1,Zfp764"
"GO:2000377","regulation of reactive oxygen species metabolic process",163,3,0.0184049079754601,3.91483219054493,2.56484075103211,0.0418303426668789,0.150731837041674,"Ptgr1,Itgam,Thbs1"
"GO:1905517","macrophage migration",69,2,0.0289855072463768,6.16538789428815,2.95237882494261,0.0419439344853643,0.150969598471158,"Thbs1,C5ar1"
"GO:0050727","regulation of inflammatory response",403,5,0.0124069478908189,2.63903079842359,2.27725700148151,0.0420600308912246,0.151215825347022,"Gata3,Ada,Apoa1,Isl1,Cd200r4"
"GO:0001824","blastocyst development",164,3,0.0182926829268293,3.8909612625538,2.55167166787032,0.0424680131234274,0.152165050411738,"Bnip2,Ada,Rbbp8"
"GO:0071887","leukocyte apoptotic process",164,3,0.0182926829268293,3.8909612625538,2.55167166787032,0.0424680131234274,0.152165050411738,"Ada,Cxcr2,Itgam"
"GO:1902600","proton transmembrane transport",164,3,0.0182926829268293,3.8909612625538,2.55167166787032,0.0424680131234274,0.152165050411738,"Slc9a4,Slc17a6,Slc17a7"
"GO:0060078","regulation of postsynaptic membrane potential",166,3,0.0180722891566265,3.84408221119773,2.52564254182059,0.0437580057232581,0.155444790511013,"Dmpk,Dpp6,Slc17a7"
"GO:0032922","circadian regulation of gene expression",71,2,0.028169014084507,5.9917149958575,2.89426705372859,0.0441619481462091,0.155444790511013,"Per3,Per2"
"GO:0045744","negative regulation of G protein-coupled receptor signaling pathway",71,2,0.028169014084507,5.9917149958575,2.89426705372859,0.0441619481462091,0.155444790511013,"Grk5,Ada"
"GO:0006937","regulation of muscle contraction",169,3,0.0177514792899408,3.77584406543683,2.48734921411256,0.0457294541876198,0.155444790511013,"Ada,Dmpk,Scn10a"
"GO:0170039","proteinogenic amino acid metabolic process",169,3,0.0177514792899408,3.77584406543683,2.48734921411256,0.0457294541876198,0.155444790511013,"Cth,Glyat,Bhmt"
"GO:0002370","natural killer cell cytokine production",10,1,0.1,21.2705882352941,4.40623301462598,0.0460380412074919,0.155444790511013,"Cd226"
"GO:0002634","regulation of germinal center formation",10,1,0.1,21.2705882352941,4.40623301462598,0.0460380412074919,0.155444790511013,"Ada"
"GO:0002727","regulation of natural killer cell cytokine production",10,1,0.1,21.2705882352941,4.40623301462598,0.0460380412074919,0.155444790511013,"Cd226"
"GO:0006196","AMP catabolic process",10,1,0.1,21.2705882352941,4.40623301462598,0.0460380412074919,0.155444790511013,"Ada"
"GO:0007128","meiotic prophase I",10,1,0.1,21.2705882352941,4.40623301462598,0.0460380412074919,0.155444790511013,"Spo11"
"GO:0007220","Notch receptor processing",10,1,0.1,21.2705882352941,4.40623301462598,0.0460380412074919,0.155444790511013,"Dner"
"GO:0019388","galactose catabolic process",10,1,0.1,21.2705882352941,4.40623301462598,0.0460380412074919,0.155444790511013,"Glb1"
"GO:0030167","proteoglycan catabolic process",10,1,0.1,21.2705882352941,4.40623301462598,0.0460380412074919,0.155444790511013,"Gusb"
"GO:0030300","regulation of intestinal cholesterol absorption",10,1,0.1,21.2705882352941,4.40623301462598,0.0460380412074919,0.155444790511013,"Apoa1"
"GO:0032263","GMP salvage",10,1,0.1,21.2705882352941,4.40623301462598,0.0460380412074919,0.155444790511013,"Ada"
"GO:0033029","regulation of neutrophil apoptotic process",10,1,0.1,21.2705882352941,4.40623301462598,0.0460380412074919,0.155444790511013,"Cxcr2"
"GO:0034372","very-low-density lipoprotein particle remodeling",10,1,0.1,21.2705882352941,4.40623301462598,0.0460380412074919,0.155444790511013,"Apoa1"
"GO:0035338","long-chain fatty-acyl-CoA biosynthetic process",10,1,0.1,21.2705882352941,4.40623301462598,0.0460380412074919,0.155444790511013,"Elovl3"
"GO:0035434","copper ion transmembrane transport",10,1,0.1,21.2705882352941,4.40623301462598,0.0460380412074919,0.155444790511013,"Slc31a1"
"GO:0035646","endosome to melanosome transport",10,1,0.1,21.2705882352941,4.40623301462598,0.0460380412074919,0.155444790511013,"Rab32"
"GO:0042373","vitamin K metabolic process",10,1,0.1,21.2705882352941,4.40623301462598,0.0460380412074919,0.155444790511013,"Ggcx"
"GO:0042421","norepinephrine biosynthetic process",10,1,0.1,21.2705882352941,4.40623301462598,0.0460380412074919,0.155444790511013,"Gata3"
"GO:0042451","purine nucleoside biosynthetic process",10,1,0.1,21.2705882352941,4.40623301462598,0.0460380412074919,0.155444790511013,"Ada"
"GO:0042455","ribonucleoside biosynthetic process",10,1,0.1,21.2705882352941,4.40623301462598,0.0460380412074919,0.155444790511013,"Ada"
"GO:0043485","endosome to pigment granule transport",10,1,0.1,21.2705882352941,4.40623301462598,0.0460380412074919,0.155444790511013,"Rab32"
"GO:0046053","dAMP metabolic process",10,1,0.1,21.2705882352941,4.40623301462598,0.0460380412074919,0.155444790511013,"Ada"
"GO:0046129","purine ribonucleoside biosynthetic process",10,1,0.1,21.2705882352941,4.40623301462598,0.0460380412074919,0.155444790511013,"Ada"
"GO:0046666","retinal cell programmed cell death",10,1,0.1,21.2705882352941,4.40623301462598,0.0460380412074919,0.155444790511013,"Slc4a7"
"GO:0048757","pigment granule maturation",10,1,0.1,21.2705882352941,4.40623301462598,0.0460380412074919,0.155444790511013,"Rab32"
"GO:0051324","prophase",10,1,0.1,21.2705882352941,4.40623301462598,0.0460380412074919,0.155444790511013,"Spo11"
"GO:0051823","regulation of synapse structural plasticity",10,1,0.1,21.2705882352941,4.40623301462598,0.0460380412074919,0.155444790511013,"Dmpk"
"GO:0051918","negative regulation of fibrinolysis",10,1,0.1,21.2705882352941,4.40623301462598,0.0460380412074919,0.155444790511013,"Thbs1"
"GO:0060926","cardiac pacemaker cell development",10,1,0.1,21.2705882352941,4.40623301462598,0.0460380412074919,0.155444790511013,"Isl1"
"GO:0070432","regulation of nucleotide-binding oligomerization domain containing 2 signaling pathway",10,1,0.1,21.2705882352941,4.40623301462598,0.0460380412074919,0.155444790511013,"Slc15a3"
"GO:0086016","AV node cell action potential",10,1,0.1,21.2705882352941,4.40623301462598,0.0460380412074919,0.155444790511013,"Scn10a"
"GO:0086027","AV node cell to bundle of His cell signaling",10,1,0.1,21.2705882352941,4.40623301462598,0.0460380412074919,0.155444790511013,"Scn10a"
"GO:0090091","positive regulation of extracellular matrix disassembly",10,1,0.1,21.2705882352941,4.40623301462598,0.0460380412074919,0.155444790511013,"Pdpn"
"GO:0110025","DNA strand resection involved in replication fork processing",10,1,0.1,21.2705882352941,4.40623301462598,0.0460380412074919,0.155444790511013,"Rbbp8"
"GO:0140928","inhibition of non-skeletal tissue mineralization",10,1,0.1,21.2705882352941,4.40623301462598,0.0460380412074919,0.155444790511013,"Ada"
"GO:1902732","positive regulation of chondrocyte proliferation",10,1,0.1,21.2705882352941,4.40623301462598,0.0460380412074919,0.155444790511013,"Ltf"
"GO:1905603","regulation of blood-brain barrier permeability",10,1,0.1,21.2705882352941,4.40623301462598,0.0460380412074919,0.155444790511013,"Sh3gl2"
"GO:2000192","negative regulation of fatty acid transport",10,1,0.1,21.2705882352941,4.40623301462598,0.0460380412074919,0.155444790511013,"Thbs1"
"GO:2000392","regulation of lamellipodium morphogenesis",10,1,0.1,21.2705882352941,4.40623301462598,0.0460380412074919,0.155444790511013,"Pdpn"
"GO:0006898","receptor-mediated endocytosis",286,4,0.013986013986014,2.97490744549568,2.30681798466734,0.0463949482623143,0.155444790511013,"Hmmr,Cxcr2,Sh3gl2,Itgam"
"GO:0050680","negative regulation of epithelial cell proliferation",170,3,0.0176470588235294,3.75363321799308,2.47477914873652,0.0463962794322728,0.155444790511013,"Gata3,Thbs1,Isl1"
"GO:2000045","regulation of G1/S transition of mitotic cell cycle",170,3,0.0176470588235294,3.75363321799308,2.47477914873652,0.0463962794322728,0.155444790511013,"E2f1,Pdpn,Zc3h12d"
"GO:0008652","amino acid biosynthetic process",73,2,0.0273972602739726,5.82755842062853,2.83833507444756,0.0464226479387982,0.155444790511013,"Cth,Bhmt"
"GO:0010972","negative regulation of G2/M transition of mitotic cell cycle",73,2,0.0273972602739726,5.82755842062853,2.83833507444756,0.0464226479387982,0.155444790511013,"Rbbp8,Clspn"
"GO:0030888","regulation of B cell proliferation",73,2,0.0273972602739726,5.82755842062853,2.83833507444756,0.0464226479387982,0.155444790511013,"Ada,Ighm"
"GO:0048286","lung alveolus development",73,2,0.0273972602739726,5.82755842062853,2.83833507444756,0.0464226479387982,0.155444790511013,"Ada,Pdpn"
"GO:1903556","negative regulation of tumor necrosis factor superfamily cytokine production",73,2,0.0273972602739726,5.82755842062853,2.83833507444756,0.0464226479387982,0.155444790511013,"Ltf,C5ar2"
"GO:0051703","biological process involved in intraspecies interaction between organisms",74,2,0.027027027027027,5.74880763116057,2.81114118864683,0.0475686974009325,0.158779304693007,"Pianp,Ltf"
"GO:0099024","plasma membrane invagination",74,2,0.027027027027027,5.74880763116057,2.81114118864683,0.0475686974009325,0.158779304693007,"Itgam,Thbs1"
"GO:0001837","epithelial to mesenchymal transition",172,3,0.0174418604651163,3.70998632010944,2.44992235029534,0.0477443707732842,0.159198106963285,"Gata3,Pdpn,Isl1"
"GO:0006820","monoatomic anion transport",173,3,0.0173410404624277,3.68854131247875,2.4376329687539,0.0484256118729904,0.16080500590808,"Slc4a7,Slc17a6,Slc17a7"
"GO:0002886","regulation of myeloid leukocyte mediated immunity",75,2,0.0266666666666667,5.6721568627451,2.78443955310915,0.0487250509279879,0.16080500590808,"Itgam,Cd84"
"GO:1902750","negative regulation of cell cycle G2/M phase transition",75,2,0.0266666666666667,5.6721568627451,2.78443955310915,0.0487250509279879,0.16080500590808,"Rbbp8,Clspn"
"GO:0006520","amino acid metabolic process",291,4,0.013745704467354,2.92379219729129,2.26686746237377,0.0488788895601845,0.16080500590808,"Cth,Pm20d1,Glyat,Bhmt"
"GO:0002708","positive regulation of lymphocyte mediated immunity",174,3,0.0172413793103448,3.66734279918864,2.42543454385602,0.049111632919267,0.16080500590808,"Gata3,Cd226,Raet1d"
"GO:0002573","myeloid leukocyte differentiation",292,4,0.0136986301369863,2.91377921031426,2.25897963892988,0.0493843668331026,0.16080500590808,"Gata3,Ccl9,Itgam,Ltf"
"GO:0031348","negative regulation of defense response",292,4,0.0136986301369863,2.91377921031426,2.25897963892988,0.0493843668331026,0.16080500590808,"Gata3,Ada,Apoa1,Isl1"
"GO:1990845","adaptive thermogenesis",175,3,0.0171428571428571,3.64638655462185,2.41332581611789,0.0498024209058109,0.16080500590808,"Elovl3,Pm20d1,Per2"
"GO:0045109","intermediate filament organization",76,2,0.0263157894736842,5.59752321981424,2.75821426898107,0.0498915879084332,0.16080500590808,"Nefl,Krt20"
"GO:0048512","circadian behavior",76,2,0.0263157894736842,5.59752321981424,2.75821426898107,0.0498915879084332,0.16080500590808,"Ada,Per3"
