"","baseMean","log2FoldChange","lfcSE","stat","pvalue","padj"
"Klf6",7787.19081054282,-0.204892119119476,0.0621040315875059,-3.29917581648107,0.000969691575151304,0.156228187911779
"Fap",974.324215250913,0.402383457392715,0.135417887766542,2.97142027563165,0.002964258247592,0.223170010581104
"Dnmt3l",4.98619212215679,1.64503168283966,0.61966427345407,2.65471442087517,0.00793755753574304,0.29259576046951
"Fmr1",3738.33448004144,0.638564036005773,0.19076888328006,3.34731757625442,0.000815976730231909,0.144255580727178
"Col6a1",7660.1020954828,0.557660138364598,0.174277170102906,3.199846187744,0.00137500946031837,0.176773683257007
"Lsr",234.920554558083,-0.426837455124192,0.14323202900546,-2.98004195072822,0.00288208910656475,0.222558742795328
"Sync",49.3635247159007,1.00837215743749,0.22751588848247,4.43209555237362,9.33216419257592e-06,0.016225522809492
"Cct3",3254.20699978529,-0.156309125067707,0.0590002765512375,-2.64929478647382,0.00806599414385998,0.295049342341873
"Ergic1",1972.23964391343,0.293337951982668,0.112041123394522,2.61812755080793,0.00884137498974135,0.300843014270975
"Ddx18",1088.46148785593,-0.246928831487878,0.06129018997144,-4.02884754644979,5.60509507608712e-05,0.0476524421126848
"Naglu",732.499409518494,0.280132337377002,0.0996796094900894,2.81032739604436,0.00494911270244805,0.255953129637002
"Nfix",2533.10648129393,0.379655186616028,0.13210710116144,2.87384389845989,0.0040550933430194,0.244944552054712
"Gtf2f1",1745.547288091,-0.312440895681632,0.108725649241943,-2.87366318674602,0.00405741407342441,0.244944552054712
"Plin4",16864.5099678108,1.32576383607749,0.447437463985189,2.9630148183599,0.00304641902973719,0.224147459788565
"Prkar2b",10819.5572088039,0.415847003149526,0.13228064093202,3.14367242417001,0.00166842091621252,0.189184423890533
"Ddx23",3750.30366510172,-0.186676141866339,0.0699605378500967,-2.66830627097704,0.00762347291293623,0.288668128594377
"Ncstn",2147.8675061142,0.283441324368466,0.108069474717769,2.62276952033582,0.00872182523130851,0.300843014270975
"Kpna6",1807.04727722058,0.275511606111168,0.101750177818811,2.70772604055571,0.00677459195244035,0.27878715285151
"Nob1",489.943801967188,-0.21254114320067,0.0714711906010712,-2.97380163130351,0.00294135158586933,0.223170010581104
"Ruvbl2",736.458367689367,-0.15489222193929,0.0541364623759577,-2.86114413726596,0.00422115093708754,0.247483417614163
"Mmd",6514.62733279162,1.14692186930599,0.42960845167429,2.66969112184864,0.00759210517674441,0.288003058922901
"Dnmt1",814.791306146393,0.206630612491334,0.0789538017009784,2.61710782811834,0.00886783233208636,0.300843014270975
"Ikbkg",1676.91604831735,0.216983849412565,0.0825998516985105,2.62692783280721,0.00861596049375332,0.300843014270975
"Polr2e",1566.79052655784,-0.266574585724841,0.103201154906277,-2.58305816409643,0.00979288117318606,0.310065345034386
"Hdac9",154.965058538809,0.920556296907349,0.264709119806203,3.47761458910558,0.000505896761891496,0.124176824001226
"Pou1f1",2.22958128099004,-2.202100289262,0.667489243288238,-3.29907981500023,0.000970023266669398,NA
"Plod3",2741.9403597349,0.287073569092796,0.0738704240310105,3.88617735526039,0.000101835119396992,0.055912840292075
"Prcc",941.962768482378,-0.214259090102566,0.0770178425786805,-2.78194094938042,0.0054034870784955,0.261884175730755
"Chd5",266.61819398336,0.490419181425079,0.182294391615048,2.69025929476042,0.00713965202987882,0.284048572966072
"Nid1",18384.1384065955,0.476073416946869,0.177283662664149,2.68537669964973,0.00724481005075538,0.284048572966072
"Ranbp1",1535.07070229387,-0.201374253044389,0.0763658796158563,-2.63696632655007,0.00836511349782311,0.298460055032237
"Rfx5",343.693289959544,0.48814148762643,0.141646718846953,3.44618987012229,0.000568550737311883,0.130354314101924
"Gpr108",1473.50927417356,-0.131018744426349,0.0467067516830668,-2.80513501164434,0.00502955075993251,0.257983757067668
"Prg4",219.32473411939,2.18871238035746,0.511190582836465,4.28159761514553,1.85556292905522e-05,0.0236491826103933
"Htra1",3056.83252672763,0.551149223061102,0.192789854840479,2.85880822679774,0.00425235771821363,0.248518743509269
"Zbtb17",500.314585201011,-0.221581154121812,0.0796854180094881,-2.78069889895574,0.00542420207032866,0.261968870359577
"Arpc2",6960.67036015066,-0.167342472567112,0.0591491303749396,-2.82916200975987,0.00466700669835995,0.25221671314025
"Hfe",1256.60133100647,0.400015766968889,0.150568087014834,2.65671016282142,0.00789072505822065,0.292085828612841
"Aplp1",63.6691812506881,0.419900673250492,0.155541185589755,2.69961085649684,0.00694206234631783,0.281241143288496
"Atp1a4",29.9798898383159,2.64132050839755,0.810685261963691,3.25813312801516,0.0011214778134905,0.15917355850793
"Pcdha11",2.57653460078044,-5.1378035492892,1.71556208234693,-2.99482228137181,0.00274604787389523,0.220260265756509
"Tssk4",21.7280409514004,-0.801492212023163,0.283423829090124,-2.82789282254846,0.0046855490506543,0.25221671314025
"Phax",1328.70618033955,-0.238748332793981,0.0654441596914534,-3.64812282592666,0.000264163351462186,0.0847923717678007
"Tbx1",88.0844185584746,-0.773699189497946,0.248068576583171,-3.11889236498499,0.00181532262779836,0.194937674507232
"Tor2a",526.547029546352,-0.241439552750536,0.0880117769049604,-2.74326415442396,0.00608317285603735,0.270041103124177
"Gfod2",466.296218210192,-0.287258038549049,0.0981754887493703,-2.92596494510338,0.00343389628301886,0.230501233440046
"Dedd",803.46173204599,-0.184410345104873,0.0665111796831057,-2.77262177551956,0.00556067095675213,0.264326213447773
"Rnf168",1193.60143774665,-0.203580844596356,0.0682203644037849,-2.98416530570542,0.00284353102795311,0.222200117480201
"Nolc1",1224.12495198369,-0.186046820818035,0.046520530634278,-3.99924115828871,6.35459041335027e-05,0.0476524421126848
"Cacfd1",945.402579483068,-0.145227262905889,0.0466022713434862,-3.11631297615257,0.00183127800054723,0.194937674507232
"Prpf3",620.923029336402,-0.173981989385054,0.0635409046395735,-2.73811004693655,0.00617933946610946,0.271995229158033
"Lbp",3976.3105006787,0.846896056642684,0.301283562438871,2.81096004636667,0.00493939190599486,0.255953129637002
"Mpped2",16.461921178826,0.746794145989639,0.280253268741043,2.66471163510205,0.00770543648596964,0.290066724273464
"Cd34",6957.50717470747,0.352445857290413,0.136350637866596,2.58484934727803,0.00974215547872867,0.310065345034386
"Cd274",349.421183488804,0.799871980698694,0.201681913970926,3.96600748649183,7.30865676574921e-05,0.0476524421126848
"Rab11fip4",396.632076670949,0.468319455376795,0.12750544187306,3.67293700172452,0.000239778612452152,0.0833410258339063
"Anxa6",8592.37211044932,0.509976195101112,0.156327341724451,3.26223288565871,0.00110538292218702,0.15917355850793
"Mtmr4",927.130320328887,0.161402211721622,0.0567980567249463,2.84168545595209,0.00448757427977993,0.249189849013761
"Kdm6b",938.036117097397,0.282917693304053,0.109090761083868,2.59341570718853,0.00950278304521214,0.308345358406386
"Rab3d",1914.43749890719,0.419115694958549,0.123972893365406,3.38070431028192,0.000723003014561748,0.140992265609408
"Hsd17b1",7.67505544193177,-1.0466163703459,0.396446108935345,-2.63999657647438,0.00829068647233816,0.297769692007254
"Atp6v0a1",2504.59040550497,0.253725940788028,0.0932940883918141,2.71963577930508,0.00653538575156119,0.275509024055288
"Xab2",1303.45839392655,-0.145546034721565,0.0544363787947885,-2.67369060808098,0.00750216291851346,0.288003058922901
"Rwdd1",1711.60371153023,-0.271900964247884,0.0994614497615164,-2.73373216356523,0.00626209594593703,0.273331317606758
"Cd164",8882.02053165316,0.29975633711377,0.0888456801846997,3.37389883774441,0.000741115982098256,0.140992265609408
"Rab32",642.369466519747,0.408506171653457,0.12992831022478,3.1440890052886,0.0016660475793055,0.189184423890533
"Ptprk",457.90079266427,0.756245602556873,0.283024264420789,2.67201684669876,0.00753968631099313,0.288003058922901
"Lama2",8775.17022354122,0.316696279805569,0.111314045499131,2.84507025493059,0.00444016286524785,0.249189849013761
"Epyc",290.488014544642,0.597316699168106,0.228893662466467,2.60958164036373,0.00906530120654141,0.301192063674895
"Map7",189.786780687639,0.504301252675396,0.157863478099897,3.1945403632642,0.00140053699085839,0.177041997671368
"Cry1",300.119697135107,-0.264609337019061,0.0913351539416789,-2.89712477178311,0.00376599943584131,0.238794409107664
"Slc1a4",266.648020272024,0.525734503906338,0.169846626406473,3.09534852136634,0.00196581756406342,0.203043651765441
"Glyctk",86.6256241826751,0.920982371575591,0.235511222643756,3.91056681391659,9.20797841903762e-05,0.0548900747813717
"Erlec1",1037.09599928878,0.347027887883454,0.0917271781237902,3.78326135156063,0.000154786733407403,0.0687121362938735
"Shc2",152.027403948571,0.562833041177493,0.172695920538829,3.25909864819849,0.00111766797318365,0.15917355850793
"Slu7",2550.42734153771,-0.174762033808296,0.0596833467840665,-2.9281540534344,0.00340981051596364,0.230501233440046
"Efemp1",5460.66585609089,0.369347486289213,0.127508989048287,2.89663880990652,0.00377183736911436,0.238794409107664
"Rnf187",3628.16928655041,-0.157478301239382,0.0536157429862449,-2.93716532623232,0.00331227471104344,0.230501233440046
"Acaca",6218.69171130621,-0.624471239407722,0.235518682620206,-2.65147219940397,0.00801417103175269,0.294379690856493
"Twistnb",832.525751642597,-0.190158032178483,0.0696914274328382,-2.72857134920559,0.00636093279731612,0.273914371654101
"Mmp28",954.110068097694,0.35752409392083,0.126039893465981,2.83659470100495,0.00455974536596048,0.251841165039575
"Sap30bp",1329.25450776614,-0.119842709720779,0.0455523368765033,-2.63087950999494,0.00851642238145715,0.299912358277087
"Nr1d1",4363.94531932638,0.534252353884309,0.193294836300434,2.76392460403822,0.00571107338491507,0.267165549558
"Acly",5372.6363431803,-0.743966612436572,0.208079692900925,-3.57539268760264,0.000349702599053781,0.0999478770775079
"Nemf",2731.91138372193,-0.273210362839243,0.0846938001465621,-3.22586024439161,0.00125594668150807,0.169058526212802
"Mia2",1503.86153286211,0.240277210356809,0.0820900356180407,2.92699605436648,0.00342253222714216,0.230501233440046
"Nfkbia",2487.04282749329,-0.669554097013777,0.19930223942288,-3.35949108726829,0.000780861700223239,0.140992265609408
"Serpina3n",5109.57907817016,0.724986618070889,0.168333600814265,4.30684435290384,1.65600047132007e-05,0.0236491826103933
"Hif1a",2974.2267412027,0.247886101205397,0.0921872793607161,2.68894041482071,0.00716792124858805,0.284048572966072
"Unc79",33.8779782557825,1.53491238187581,0.381714102523678,4.02110472662089,5.79258433772878e-05,0.0476524421126848
"Entpd5",1466.45029736177,0.393066755673406,0.125711086373541,3.12674694820025,0.00176751991787792,0.194937674507232
"Traf3",639.7462054049,0.366992446040853,0.11395933371401,3.22038076285923,0.00128020436147113,0.170128559221233
"Nedd9",2512.6221015191,0.50419216402688,0.113311510102856,4.44961119633133,8.60258816357658e-06,0.016225522809492
"Ippk",735.067429459411,-0.325595365875856,0.107049213003068,-3.04154843124839,0.0023536469798945,0.216197691506835
"Rasgrf2",447.406369002191,0.523759596821208,0.202726898464105,2.58357228759135,0.00977829734245421,0.310065345034386
"Tkt",8716.13737174978,-0.35278145886464,0.0951755921656383,-3.70663791879203,0.000210028881867835,0.0833410258339063
"Naa16",418.870300750602,-0.352693729600717,0.110462445433103,-3.19288359240888,0.00140859718239298,0.177041997671368
"Wbp4",2000.31589201987,-0.222573145899138,0.0806635053823629,-2.75927936486385,0.00579289897120344,0.268218365118002
"Adamdec1",30.5359912909998,-0.620203804707615,0.238274871295812,-2.60289220317172,0.00924410141420029,0.304690255775474
"Dmtn",840.170436188638,0.233908280173806,0.0905658719036261,2.58274198941866,0.00980185953200798,0.310065345034386
"Rb1",1780.16258394617,0.244791909698309,0.0947353788578759,2.58395451255388,0.00976746754487017,0.310065345034386
"Med4",659.65038245869,-0.246388201716737,0.077646324025113,-3.1732114148385,0.00150762698025302,0.18094721808092
"Dab2",1628.20925133714,0.474336576735737,0.181766804720973,2.60958857401868,0.00906511749188126,0.301192063674895
"C6",141.465842246065,2.45855231383047,0.789319008476402,3.11477651928862,0.00184084322695631,0.19496118318384
"Ngdn",838.061957193257,-0.25874146907255,0.094776020893945,-2.73003093643362,0.00633283824162485,0.273914371654101
"Utp23",300.235952608887,-0.186351344731768,0.0685037180436035,-2.7203099343185,0.00652207539165489,0.275509024055288
"Myc",182.152584279318,-0.420814467581757,0.155857304648231,-2.69999836409037,0.00693398170157197,0.281241143288496
"Enpp2",8493.83360696234,0.26473259282209,0.0945245827135381,2.8006745464762,0.00509959205994513,0.258875641699989
"Csnk1e",1448.08541429017,-0.217771828670693,0.0702161259922705,-3.10145035194145,0.00192575162578352,0.201407868901574
"Fgf12",61.7577632290382,0.871629095218109,0.283637372778088,3.07304036376072,0.00211889825371456,0.209327921738496
"Glyr1",2407.58301086131,0.127497660516185,0.0437099921269736,2.91689964495569,0.00353529499141174,0.230501233440046
"Arsa",951.603068529009,0.235566279013417,0.0765018335040645,3.07922396397077,0.00207540597053294,0.207842208983434
"Muc13",6.10014666218559,1.89750903874712,0.667794008035608,2.84145861734948,0.00449076798452714,0.249189849013761
"Adcy5",1770.95297424164,0.864270421568512,0.2935108096821,2.94459486008232,0.00323377799622521,0.227937649031225
"Tra2b",3525.90521239783,-0.213064160764945,0.0664250727098361,-3.20758641387824,0.00133853840697805,0.175314164379672
"App",25741.3852186774,0.291533554240504,0.0804227357988174,3.62501413741748,0.000288945644795243,0.0913418474698174
"Slc11a2",881.649819497267,0.1861257749193,0.0528720833749827,3.52030340093177,0.000431053415904118,0.117224004294902
"Cep89",444.738454519727,-0.153344305505908,0.0565169631351332,-2.71324390058359,0.006662804681451,0.276367309888258
"Denr",1801.89311147555,-0.256686823049434,0.0931898701859246,-2.75444984028107,0.00587909009111487,0.269585353101144
"Gps2",845.62774145196,-0.316369127060346,0.101515056942205,-3.11647490125986,0.00183027259901741,0.194937674507232
"Parp3",2027.11863114695,0.249566341516951,0.0810733694599383,3.07827765367852,0.00208200832426849,0.207842208983434
"Agpat4",905.259464695758,-0.230062865786157,0.0627074352747664,-3.66882913928925,0.00024366385045381,0.0833410258339063
"Slc22a3",805.640248102538,0.865795949639443,0.313972491150057,2.75755352473109,0.00582356783926645,0.268218365118002
"Crisp2",10.1596481702579,1.53631835344226,0.572802037851896,2.68211048830013,0.00731592926542307,0.284775276480946
"Cdc5l",2047.51653190641,-0.179464474196601,0.0537379694001361,-3.33962142968778,0.00083892665471201,0.145861381032595
"Slc5a7",454.036904086584,3.35234254584175,0.784505330659061,4.27319281951272,1.92693684996494e-05,0.0236491826103933
"Rrp36",363.108944934682,-0.226393950610522,0.0796603866992948,-2.84198909886193,0.0044833024532643,0.249189849013761
"Cebpz",1799.27153918692,-0.226670189044663,0.0632976455710881,-3.58102085787843,0.000342254327160777,0.0991776983594783
"Ralbp1",6660.90833516986,-0.274533376294938,0.104294181564297,-2.63229810308917,0.00848094127999431,0.299401622446364
"C3",15146.8842882646,0.474808466500249,0.169238842810855,2.80555254700545,0.00502303905657053,0.257983757067668
"Jpt2",871.564028561073,0.351670645226871,0.128040210298297,2.74656410207059,0.00602231160445136,0.270041103124177
"Tapbp",4018.49364142552,0.26617636394164,0.0896439827128033,2.96926080130109,0.00298517120243179,0.223170010581104
"Mzb1",6.11858508654523,-2.50744045656667,0.790796143480124,-3.17077982390248,0.00152030327638766,0.18094721808092
"Bag6",3680.82963549668,0.198932666752272,0.0695320356169707,2.86102175762734,0.00422278070699013,0.247483417614163
"Grpel2",799.808647564681,-0.18878492061575,0.0698576918295875,-2.70242138941945,0.00688364598164021,0.280508573751839
"Nedd4l",1321.41454097443,0.290440812270344,0.0795753050586311,3.64988625624931,0.000262356457350986,0.0847923717678007
"Prrc1",1577.38166292857,0.18512312771177,0.064888406798538,2.85294610925692,0.00433159665995591,0.249189849013761
"Isoc1",2101.22349491486,0.405679272714285,0.155458686073647,2.60956324127234,0.00906578872641077,0.301192063674895
"Fads3",3893.36429087782,0.668061032538069,0.205502869707202,3.2508598711537,0.00115056551664553,0.161110059995251
"Vldlr",2184.03672723223,0.768403587885831,0.196375198992327,3.91293601141483,9.11807021547168e-05,0.0548900747813717
"Ltbp3",4060.95748393279,0.67379850027045,0.178471371335266,3.77538702834692,0.000159759417819371,0.0694420936121534
"Men1",976.029868390831,-0.133282218815481,0.049008369157249,-2.71958077992413,0.00653647272370435,0.275509024055288
"Gpam",2063.69774786357,0.350552235171644,0.105559836113414,3.32088650455094,0.000897320190004594,0.152208849140292
"Sorbs1",7730.6592591591,0.527730494512999,0.189224744500458,2.7889084797349,0.00528860077040503,0.260682288640805
"Smndc1",1230.02300987716,-0.157325866398226,0.0547585977786258,-2.87308062624707,0.00406490362356473,0.244944552054712
"Loxl4",73.7453945842018,0.904505611043506,0.324301315385042,2.78909017057051,0.00528563464484485,0.260682288640805
"Gbf1",1595.35413441867,0.239916194962868,0.0927452533973178,2.58682990422243,0.00968633952928266,0.310065345034386
"Tbl1x",3336.28254525896,0.286084805484911,0.0912700320867476,3.13448783728926,0.00172154390415169,0.193109096861403
"Clns1a",1174.67319538758,-0.188693560300371,0.0614256292736607,-3.07190276325395,0.00212699000232751,0.209327921738496
"Gaa",3571.77768063934,0.235931798088084,0.0739914349809843,3.18863660569251,0.00142945451447128,0.177524636844814
"Taf3",842.719921952088,-0.382469937933991,0.128552813510925,-2.97519694426203,0.0029280050043035,0.223170010581104
"Fam20c",958.568574660039,0.63107629315156,0.155603701502317,4.05566376030048,4.999213229731e-05,0.0476524421126848
"Nop58",1207.48095320213,-0.251147790660095,0.0767057149797369,-3.27417312681904,0.00105971663645435,0.156807999311941
"Cdk15",253.511989424241,-0.510764200168124,0.160968687485576,-3.17306557036997,0.00150838453874957,0.18094721808092
"Col5a2",7242.61313998339,0.446813975064536,0.165574808827473,2.69856253030684,0.00696396536600012,0.281581731388036
"Eif5b",7068.5558440028,-0.401586285491234,0.135293909646774,-2.96825102134824,0.00299499630764519,0.223170010581104
"Osgepl1",391.697460181499,0.286506004808058,0.0898112098277332,3.19009180877983,0.00142227603073316,0.177524636844814
"Fn1",19154.6708687033,0.637451665465021,0.244271437987592,2.60960376995612,0.00906471487076789,0.301192063674895
"Ptma",20345.0957302543,-0.220559620259795,0.079119954584807,-2.78766110796211,0.00530900489518996,0.260682288640805
"Ccdc93",829.374933452166,0.255573983503212,0.0990333706439462,2.58068549864949,0.00986043658405727,0.310065345034386
"Nifk",744.431446967491,-0.214281773718268,0.0639698562804966,-3.34973042269596,0.000808902440390109,0.144247354840164
"Steap3",1700.93300521404,0.45264387365049,0.158893608912229,2.84872297098195,0.00438950833199537,0.249189849013761
"Pkp1",67.9560681204339,2.64752611530446,0.738370850133526,3.58563195557583,0.000336262920087904,0.0988139375311834
"Lamc1",15678.0239696294,0.348509582411351,0.129741264863725,2.68618918412281,0.00722721547574013,0.284048572966072
"Uck2",821.280444789346,-0.209750159556427,0.0772091699486221,-2.71664829055931,0.0065946645310062,0.27604873720526
"Lpgat1",4007.60160624743,1.33795192073485,0.405126724251658,3.30255162309099,0.000958094507607899,0.156228187911779
"Optn",1363.50523698012,0.321017574643542,0.11868875681509,2.70470079271003,0.00683659377806447,0.279711052847924
"Pfkfb3",2874.30985742658,0.924242742577357,0.338638474226392,2.72929041712924,0.00634707798368878,0.273914371654101
"Dnm1",1129.09944086989,0.357973894834002,0.129281549086261,2.76894806230354,0.00562375993441538,0.265086588604233
"Ttll11",50.6383292207639,-0.419566712642202,0.161585645658715,-2.59655931027666,0.00941626475626758,0.306923697563974
"Brd3",1977.09249617107,-0.260733393434376,0.0905208259033633,-2.88036913972399,0.00397209805755122,0.243746629037496
"Zmynd19",472.558123916597,-0.166150725539446,0.0563847435251319,-2.94673195534513,0.0032115145425677,0.227908297333784
"Cybrd1",100.472265844533,0.420720989907729,0.16182843865302,2.59979638566376,0.00932790888633443,0.305078605338566
"Zc3h15",2762.07506379859,-0.200913197385959,0.0767278262138854,-2.618518043583,0.00883126209803238,0.300843014270975
"Eif3j1",4584.18980118409,-0.201917553717961,0.0770053271164651,-2.62212448513562,0.00873835064628449,0.300843014270975
"Rtf1",2114.81295730175,-0.307369377393188,0.0927586002860546,-3.31364829185977,0.00092087261011216,0.153704689099041
"Nop56",1555.97367819009,-0.31272917635532,0.0931179175939682,-3.35842106906799,0.000783891047291569,0.140992265609408
"Src",556.350973958419,0.220379189910603,0.0852382418962001,2.58544973486164,0.00972520518645084,0.310065345034386
"Sec62",12020.5712887327,-0.258351356977804,0.0905600041133264,-2.85281962503562,0.00433332101982786,0.249189849013761
"Bche",1214.2789138422,0.823508301955042,0.311098816645984,2.64709557829066,0.00811864032246835,0.295614854603804
"Tsc22d2",940.174361001151,0.400402189532296,0.147677217110364,2.71133352433817,0.0067013182293493,0.277413300668936
"Ptgfrn",1270.51583054584,0.612050838276061,0.20429263118743,2.99595161469397,0.00273589841549987,0.220260265756509
"Larp7",1723.00278103696,-0.441267201430976,0.12293570437843,-3.58941451274915,0.00033142149166036,0.0987825428857392
"Kcnq5",72.7155386396629,0.613073995903346,0.192376386612541,3.18684640406579,0.00143833135282986,0.177570090801433
"Arhgef2",1841.53317013313,0.194339592919335,0.0671458023892823,2.89429250979291,0.00380013971215127,0.238813599260013
"Gpatch4",516.824354465963,-0.565807370274709,0.142408694828098,-3.97312376858517,7.09361655730754e-05,0.0476524421126848
"Oaz3",15.7427145113117,-1.43803809131567,0.505521697466171,-2.84466146265049,0.00444586468269226,0.249189849013761
"Tmem38b",839.389138627615,0.239414291706394,0.0849259768624739,2.81909376319678,0.0048159448003353,0.255442954117413
"Dnajc6",114.541211381664,2.01319409130484,0.394386833601203,5.10461790248439,3.3146356473741e-07,0.00172891395367033
"Rnf11",3869.45052074432,0.422712371213876,0.119610566289579,3.53407215036908,0.000409209356883124,0.113836586960127
"Pramef12",23.544266067964,1.76829380381897,0.605552661421902,2.92013216433865,0.00349882967824641,0.230501233440046
"Ppie",661.184712276424,-0.265517934166631,0.100163107315783,-2.65085560224821,0.00802881589483305,0.294399323075214
"Mknk1",708.337419467776,0.223437896390675,0.0650472290813813,3.43501021559472,0.000592531491594803,0.131516777028021
"Hspg2",28891.6178908118,0.374744519968605,0.113647256947731,3.29743567978027,0.000975720197042236,0.156228187911779
"Zcchc17",1518.38824582823,-0.286332363294323,0.108336343431365,-2.64299453189247,0.0082176362404566,0.297661046043206
"Azin2",260.374410195186,0.375770972420594,0.132960892145418,2.82617667764757,0.00471072734993377,0.25221671314025
"Gpn2",227.626158245975,-0.264148334743376,0.0885133115849412,-2.98427807087398,0.00284248319244975,0.222200117480201
"Gnl2",1836.2365312108,-0.204180851363889,0.0744154652336498,-2.74379593976604,0.00607332779334319,0.270041103124177
"Casp9",678.44012596805,0.189146928077178,0.072621219063114,2.60456834128319,0.00919900731762084,0.304164958280255
"Cdk14",840.252348414944,0.547342080361023,0.203094720047966,2.69500891126935,0.00703867485754966,0.283503691559684
"Slc2a5",5.88963972094049,-3.64230228046065,0.783042134545784,-4.65147674661649,3.29566441543767e-06,0.00687607423636915
"Mtor",1819.73173837162,0.213803355738586,0.0783469626056782,2.72892973291974,0.00635402415481784,0.273914371654101
"Dnajc2",1027.91725431343,-0.298269740462637,0.0920645378176507,-3.23978969028672,0.0011961789022525,0.165278653090041
"Mxra8",5053.7871487951,0.218943693746486,0.0725160225107984,3.01924576342949,0.00253404877149923,0.220260265756509
"Htra3",3747.46262391094,0.685858276058918,0.23039376482027,2.9768959962695,0.00291182770426116,0.223170010581104
"Man2b2",1794.63033483275,0.301204709458478,0.0886421561852403,3.39798491396164,0.000678841634127451,0.140231206479556
"Fam114a1",2767.11351339231,0.170521412773954,0.0615895904480542,2.76867262038015,0.00562851604446296,0.265086588604233
"Asphd2",540.329726027521,-0.423740840566279,0.128996823656831,-3.28489360089635,0.0010202089014006,0.156228187911779
"Rassf6",6.4298060873871,-1.65172519221193,0.565069076218344,-2.92305005127143,0.00346620793619385,0.230501233440046
"Ddx55",392.426127934316,-0.376485203468058,0.111588681459322,-3.37386550808291,0.000741205718024515,0.140992265609408
"Rsrc2",2641.38150870263,-0.131009144083926,0.0501932197172332,-2.61009643975769,0.0090516700771567,0.301192063674895
"Psmd9",1007.03272286117,-0.212560534806365,0.0739751068215768,-2.8734062570406,0.00406071568364829,0.244944552054712
"Mmab",617.134983530114,0.199169194206307,0.0665915450010375,2.99090814311643,0.00278149148833716,0.220593702192221
"Zfp12",780.745985955684,-0.140868083904838,0.0524285944620426,-2.686856005778,0.00721280393158871,0.284048572966072
"Plbd2",1941.76898191227,0.287801331596013,0.108338679270365,2.65649658583884,0.00789572504494069,0.292085828612841
"Tfpi2",101.020326575678,0.827933648110921,0.283757724565375,2.91774840448502,0.00352568700138756,0.230501233440046
"Rbm28",1661.33670684102,0.440800269984805,0.119928635514917,3.67552143065931,0.000237364113464312,0.0833410258339063
"Tfr2",84.0367771705553,2.24792191792024,0.677974848616316,3.31564205148324,0.00091432859186445,0.153704689099041
"Mepce",1750.2350717344,-0.197815634367311,0.0689332640853275,-2.86966875850313,0.00410901999708345,0.244944552054712
"Slc23a4",6.14122294483596,1.50529977037622,0.441333284341739,3.41080046256067,0.000647724743643349,0.135962984655591
"Tcaf2",242.522670411926,0.529876258156049,0.187627226696972,2.82409044510277,0.00474150027360537,0.253009364983382
"Pcyox1",4240.42627446246,0.338835458800808,0.0916841587243721,3.69568160427191,0.000219297660425975,0.0833410258339063
"1700003E16Rik",61.5851540657643,-0.425657305953263,0.15999469770686,-2.66044632762234,0.00780371637301328,0.291618952717853
"Copg1",3836.94789720518,0.144590558369885,0.0526985895050899,2.74372729380014,0.00607459784441142,0.270041103124177
"Nup210",113.233643726849,1.03869045245017,0.356400125390911,2.91439418353433,0.00356379602468185,0.231140292532034
"Slc6a13",1112.94808804142,0.720936127402774,0.211088451774681,3.41532718318627,0.00063705439817259,0.135877428921662
"Klrg1",3.77070514400726,-1.57255248243973,0.558709129010505,-2.81461748302696,0.00488353238433203,0.255953129637002
"Sspn",3192.35088935874,0.2970532638418,0.0905856467391433,3.27925311056414,0.0010408223792052,0.156228187911779
"Pglyrp1",128.407067962337,-0.567131871465516,0.174183720446098,-3.25594073896831,0.0011301733764923,0.159323900859023
"Snrpa1",811.396494562234,-0.236701759009211,0.0883957056356489,-2.67775179017013,0.0074118120818084,0.28649318226513
"Sult1a1",7467.90331378805,-0.262975152277504,0.0980094000797664,-2.68316255444353,0.00729295325042813,0.284775276480946
"Sgf29",755.814484620245,-0.31570449318275,0.115694485958365,-2.72877735328166,0.00635696078535898,0.273914371654101
"Lcmt1",959.847470383895,-0.224055734767938,0.0843041236505838,-2.65770789216177,0.00786740506598988,0.292073913339525
"Fgf21",3.12140393497006,2.84229663764455,1.05691622132306,2.68923551394312,0.00716158730565825,0.284048572966072
"Knop1",1698.6357920804,-0.229181949397877,0.0858055680526166,-2.67094495845935,0.00756380485285717,0.288003058922901
"Rbmx2",247.902674678954,-0.309870451975072,0.12024162811342,-2.57706467250079,0.00996433055586387,0.310756042926074
"Gpc4",983.733527777136,0.365621615000318,0.114441650308581,3.1948299768,0.00139913239528843,0.177041997671368
"Fgf13",229.475659821178,1.60171797362082,0.433040995431961,3.69876753128904,0.000216648914466541,0.0833410258339063
"Aff2",40.5234482791536,1.346684740362,0.350732835037172,3.83963121165793,0.000123219262109357,0.0634298489017089
"Srpx2",336.331697977111,0.995412024351149,0.35872936696266,2.77482725425923,0.00552310357972551,0.264326213447773
"Il13ra2",3.54296105948545,2.60271832141247,0.946492796672942,2.74985539304831,0.00596215697780777,0.270041103124177
"Lrch2",139.658598535046,0.328899369845999,0.127533102303126,2.57893334284503,0.00991059083343291,0.310147418660322
"Map3k15",28.0207014516713,0.659325156404753,0.221993724827813,2.97001708906931,0.0029778318321164,0.223170010581104
"Zrsr2",1048.41315078488,-0.271269956163057,0.104357181545617,-2.59943735682893,0.00933767196165152,0.305078605338566
"Mpp1",1297.8539529797,0.586954697537905,0.223433112178676,2.62698170300079,0.00861459660458425,0.300843014270975
"Aga",592.707017954667,0.254601799379229,0.0972604005758809,2.61773340302658,0.00885159302797623,0.300843014270975
"Mak16",610.039822173273,-0.268445725741065,0.0708665748296243,-3.78804431266017,0.000151837772768493,0.0687121362938735
"Tnpo2",1530.16854792075,0.192716226195986,0.058825885019052,3.27604465506248,0.0010527191461162,0.156807999311941
"Ucp1",57.380334383298,-5.78222675169592,1.62289553380941,-3.56290755087811,0.000366769871805554,0.10340927845069
"Gnao1",575.296222587088,0.271576846526379,0.0911552284580718,2.97927887538887,0.00288927685174299,0.222558742795328
"Emc8",2113.44170311666,-0.130438355056421,0.0442087824213455,-2.95050774783249,0.00317252087458703,0.227908297333784
"2810004N23Rik",699.97032810309,-0.158761500766373,0.053012751048686,-2.99477951296226,0.00274643291398403,0.220260265756509
"Trpc6",37.5404996125969,-0.660448139727491,0.200639061143015,-3.29172263847829,0.000995757644963948,0.156228187911779
"Zpr1",771.804541005912,-0.212046812049985,0.0615293072330558,-3.44627335469276,0.000568375109052905,0.130354314101924
"Sltm",2344.80826364667,-0.430273411761136,0.13195606086738,-3.26073246604091,0.00111124834764949,0.15917355850793
"Rp9",1003.99501927664,-0.484843788978573,0.140633777616863,-3.44756286288108,0.000565668752317818,0.130354314101924
"Car12",10.9627025467568,1.65252030580822,0.550828430181173,3.00006356836864,0.00269923266623645,0.220260265756509
"Rpl4",29299.8554612493,-0.228933174841732,0.0823968882801885,-2.7784201517811,0.00546239367090294,0.263204114433531
"Ngp",13.9755324180833,21.8725954085257,3.60273704598253,6.0711051429402,1.27032978175462e-09,1.32520802832642e-05
"Cck",16.9837337277817,1.97474363475094,0.563952335129613,3.50161443040588,0.00046244833427797,0.12213319046045
"Ip6k2",2171.02369398306,-0.464831489362447,0.172636998986431,-2.69253689586542,0.00709106890896528,0.284048572966072
"Malt1",820.923206877258,0.252570564993102,0.0733716712045455,3.44234444774995,0.0005766954253071,0.130784492973993
"Resf1",1855.22161701854,-0.357205137693638,0.133998120772593,-2.66574736745636,0.00768173947745636,0.289822445673869
"Pdxk",1560.37355322085,0.363009759741121,0.0954143948257959,3.80455968309489,0.000142056658570776,0.0673606846459241
"Igdcc4",136.14092227406,0.657214286073065,0.215005286705641,3.05673546982517,0.00223761652665857,0.213377995319572
"Nol12",644.560316640257,-0.315806137335763,0.112236768741839,-2.81374936997843,0.00489673898337355,0.255953129637002
"Atg9a",1097.53043097841,0.209227008819015,0.0793840035810143,2.63563185756298,0.00839807899144859,0.298460055032237
"Ppip5k1",1364.42169462858,0.343251889180504,0.125704174223775,2.73063238591788,0.0063212938955063,0.273914371654101
"Ttc7b",1116.01108256522,0.51666433852677,0.154992041090563,3.33348948043648,0.000857639146924595,0.146670353782252
"Qsox1",1249.70274548329,0.397669223507812,0.13855183006468,2.87018383894437,0.0041023321411645,0.244944552054712
"Fcsk",250.896233120718,0.188644218605398,0.0722858539139328,2.60969758799568,0.00906222948602606,0.301192063674895
"Adra2a",636.290825239659,-0.331751789523872,0.110642283050933,-2.99841778726813,0.00271385364810889,0.220260265756509
"Sfxn5",263.57670593418,0.510762207505076,0.176406414192946,2.8953720863371,0.00378709339160805,0.238794409107664
"Recql4",46.6188774752365,-0.420348065811227,0.1478602366434,-2.84287429368178,0.00447087003222166,0.249189849013761
"Usp36",795.461941683965,-0.235235857008408,0.0805412639780625,-2.92068742641636,0.00349260045109728,0.230501233440046
"Vhl",1197.17708550732,0.270628052979556,0.0801783091230214,3.37532751612806,0.000737278917784787,0.140992265609408
"Cdkl4",19.2302799445907,2.16971613852527,0.714751698258873,3.03562222210968,0.00240039913346658,0.217021784792493
"Rpap1",424.426006095286,0.226394004980879,0.0877159891643153,2.58098902079053,0.00985177149025359,0.310065345034386
"Ccdc174",1113.45911108309,-0.231786344326636,0.0879205246396957,-2.63631666526686,0.00838114764565302,0.298460055032237
"Chchd4",505.713661781838,-0.249805417342747,0.0847229321683201,-2.94849825129347,0.00319321946210708,0.227908297333784
"Rsrc1",1998.88993999237,-0.147364630167212,0.053857527378764,-2.73619375673971,0.00621544173742183,0.272434824389851
"Hdx",40.3460617316373,0.58555563913765,0.21463043581326,2.72820411941536,0.00636801897904795,0.273914371654101
"Ankrd12",6988.10392322814,-0.45175119549691,0.171065999667147,-2.64080060547338,0.00827103815337853,0.297769692007254
"Prr7",237.289330384266,-0.452042531946422,0.171117502197923,-2.64170833573509,0.00824890573277524,0.297769692007254
"Ttyh2",1507.71557710778,0.264790572752578,0.0861846085778845,3.07236497469601,0.00212369888236428,0.209327921738496
"Gipc3",21.879964656843,0.73456420698644,0.28230879017408,2.60198843448511,0.00926849778753151,0.305012520250879
"Ccl5",23.5287756314036,-1.32790970600567,0.422104446875115,-3.14592683359848,0.00165561417742242,0.189184423890533
"Kri1",617.34031339541,-0.190164792147198,0.0640982065656725,-2.96677243149327,0.00300943614033867,0.223447955985858
"Dcbld2",2035.37509665438,0.294245824208957,0.0875007980291863,3.36277874986706,0.0007716217966537,0.140992265609408
"Tanc1",1315.75746457655,0.474284557119034,0.181954163860444,2.60661557315502,0.00914419588548706,0.302832544372702
"Ubd",217.231311967184,2.48980322271496,0.776529336993306,3.20632216209035,0.00134443377591773,0.175314164379672
"Sec31a",3979.68901537983,0.299955792560271,0.107630281664592,2.7869089248974,0.00532134321260361,0.260682288640805
"Fbxo33",584.874647803563,-0.238022201808934,0.0687799411737048,-3.46063398350117,0.000538904983977743,0.129238087192088
"Hacd2",1606.41084619013,0.515983989732852,0.185338723017713,2.78400531379262,0.00536921545231473,0.261652204619786
"Crb2",28.2600097010152,1.00943437259519,0.384895870644454,2.62261678958787,0.00872573557595238,0.300843014270975
"Ntng2",172.208036261473,0.519247954621783,0.182311990696607,2.84812837947607,0.0043977180531889,0.249189849013761
"Dcaf10",686.593682436862,0.26106504039941,0.0896849650357135,2.91091199394962,0.00360375506696248,0.231349986821862
"Kcnc2",37.2971961228143,0.906919419486314,0.343338895636358,2.64147007814362,0.00825470983122858,0.297769692007254
"Fam122b",259.360044855383,0.323231700622527,0.0966308239324432,3.34501650165485,0.000822776749738024,0.144255580727178
"Mbnl3",15.1462001676202,1.61711601585176,0.590490831607629,2.73859631562629,0.00617020841359042,0.271995229158033
"Mgat5",788.684918150858,0.328799258859013,0.0874812459136684,3.75851138635464,0.000170927261479469,0.0727801302756661
"Abt1",455.572221230404,-0.249810415608964,0.0909967258673509,-2.7452681756168,0.00604614678136138,0.270041103124177
"Glb1l2",2178.99525511134,1.11726535735442,0.422664344036441,2.64338682247134,0.00820812016001614,0.297661046043206
"Thap11",844.994883376364,-0.216837917886267,0.0640573242229373,-3.38506049880589,0.000711625682207901,0.140992265609408
"Megf11",42.9712053416012,-0.594917276447541,0.199346542568936,-2.98433706840847,0.00284193511656834,0.222200117480201
"Upf3b",966.100829860753,-0.426021428685331,0.162649594152445,-2.61925909440659,0.0088120989449712,0.300843014270975
"Arhgap21",1831.05689379657,0.253204163269325,0.0944791426070212,2.68000064651844,0.00736220179891759,0.28551111214241
"Tcaf1",2821.83749340245,0.281386568166209,0.0829449054295444,3.39245149185475,0.000692701959711245,0.140992265609408
"Trim67",63.8946047415768,1.60014586028992,0.503113994857471,3.18048370080271,0.00147029410026679,0.179393076654774
"Zdhhc9",852.318780470434,0.223100221763045,0.0819985943254829,2.72078105238582,0.00651278822467889,0.275509024055288
"Rbmxl1",1073.43145766476,-0.154595536523214,0.0567853339814503,-2.72245535394253,0.00647987883722319,0.275348659999643
"Prf1",3.84140562651551,-1.63184391126824,0.505557273877559,-3.227812150248,0.0012474086049427,0.168999565802107
"Spon2",1911.62624168772,-0.295426773657208,0.0982474664198529,-3.00696582235235,0.00263869428233912,0.220260265756509
"Slc18b1",564.354941564532,0.442954736757465,0.160582986886409,2.758416351234,0.00580821681768151,0.268218365118002
"Mcrs1",953.217331147239,-0.178345279453032,0.068006023355564,-2.62249240071821,0.00872892144482407,0.300843014270975
"Gch1",180.766659409156,-0.460735529033352,0.175853173136935,-2.62000122496841,0.00879294511139882,0.300843014270975
"Ackr1",1345.60889882909,-0.400086475457402,0.138565640344805,-2.88734259418015,0.00388510945191216,0.240198038376872
"Nsrp1",1755.36137042,-0.432584431069323,0.143736839939578,-3.00955851854796,0.00261627673816733,0.220260265756509
"Arap2",529.817593623869,0.369264433817643,0.131996009234897,2.79754241024445,0.00514930065502176,0.260523051120996
"Mrm3",203.836795504624,-0.35618850134603,0.13599964832804,-2.61903987050673,0.00881776407719511,0.300843014270975
"Trp53inp2",6302.69998598231,1.49085667848793,0.301635172507246,4.94258234573794,7.70945252084518e-07,0.00321700034789828
"Upf3a",1898.76100312768,-0.294476160135266,0.10868547358186,-2.70943439293634,0.00673980331971755,0.277903668898393
"Grtp1",254.234186684187,0.654000696343968,0.215196516687678,3.03908588489442,0.0023729719435979,0.216199504939854
"Armc10",1140.83314754471,-0.155027801413429,0.0541607059191233,-2.86236670631523,0.00420490087467046,0.247483417614163
"Rad9b",222.805764993989,-0.610549848622632,0.228520118232213,-2.67175535066989,0.00754556386153195,0.288003058922901
"Abcf1",2725.45034782433,-0.16063992393216,0.0525749720161241,-3.05544478241269,0.00224726979001722,0.213377995319572
"Cnot4",978.770311083815,-0.267534832420726,0.0969951470919723,-2.75822905002707,0.00581154609297222,0.268218365118002
"Zscan2",153.041191769918,-0.278277211278733,0.103751956275112,-2.68213941470988,0.00731529667586216,0.284775276480946
"Rap1gap2",342.525150346173,0.896181408550654,0.266455725146967,3.36334078787894,0.000770052397623208,0.140992265609408
"Man2a2",3652.25907816585,0.280181016721131,0.07961182366188,3.519339261855,0.000432623098672713,0.117224004294902
"Cpq",1247.85359150612,0.447553085107013,0.167417758407161,2.67327127877653,0.00751154794090266,0.288003058922901
"Psmd7",4279.06921276404,-0.272457317179706,0.0804321465922025,-3.38741819935612,0.00070553752960238,0.140992265609408
"Abhd2",2226.80581353973,0.361712333359218,0.120709045112366,2.99656362141302,0.00273041256480614,0.220260265756509
"Arid4b",2499.54090782978,-0.326396707659378,0.115501191243338,-2.82591637493785,0.00471455704201963,0.25221671314025
"Sec24d",2069.51779214614,0.322891621157209,0.110305525886992,2.92724791945611,0.00341976158063302,0.230501233440046
"Rab3gap2",1214.21117060166,0.327055483296429,0.110686638052738,2.95478739846269,0.00312884580940079,0.226667496414368
"Uhrf1bp1",502.507247654083,0.562261010640993,0.184929547279245,3.04040657057347,0.00236258980365981,0.216197691506835
"Cdsn",431.236638586008,1.59107848492863,0.581690246189975,2.73526760221625,0.0062329581586438,0.272629851199044
"Ajap1",47.6875418145161,0.661693857390664,0.238657925953001,2.77256183614438,0.00556169515450404,0.264326213447773
"Bahcc1",766.596399144606,0.508960639252787,0.184327048412871,2.76118260252709,0.00575924658880701,0.268218365118002
"Cc2d2a",799.065966813139,0.279900487680056,0.104124805467786,2.68812495180748,0.00718545032290036,0.284048572966072
"Hip1",3247.37528771308,0.408807389067369,0.132214211546348,3.09200791871046,0.0019880754567606,0.203329442793398
"Ptger3",1240.08698276123,1.33567976594763,0.440045685083558,3.03532067515674,0.00240280062725584,0.217021784792493
"Saa3",103.574194835398,4.35450806336415,1.01420961510627,4.29349909378237,1.75879032831744e-05,0.0236491826103933
"Chrm4",4.2625437285727,2.99959602565843,0.862119349747235,3.47932803797744,0.000502672860726807,0.124176824001226
"Igsf23",1.50469981794409,2.73130073509307,1.01397103483877,2.69366741381065,0.00706706442757668,NA
"Mettl27",288.599684514987,0.246808822565882,0.0923942986590544,2.67125597734807,0.00755679950761953,0.288003058922901
"Klc3",27.7913470207961,-0.67011367456425,0.257813482735667,-2.59921889054697,0.00934361717845781,0.305078605338566
"Reps2",1369.56173330167,0.428856014967454,0.1546325688781,2.77338737937886,0.00554760387141835,0.264326213447773
"Ramp3",150.359298646404,-0.457926012180743,0.11756913151725,-3.89495104940496,9.82185629918538e-05,0.0553846513043794
"Ankrd42",93.9023507471971,0.520781198546194,0.174810497033487,2.97911857344833,0.00289078888504284,0.222558742795328
"Cldn5",3113.83351360674,-0.435215151588709,0.164894185643626,-2.63936020478798,0.00830626729046308,0.297769692007254
"Sox5",289.325577033371,0.314276703728095,0.115711255320907,2.71604264301253,0.00660674077973125,0.27604873720526
"Prelp",9763.43477351866,0.940921313190459,0.287869623108664,3.26856756551657,0.00108093365990415,0.158821125917184
"Abca9",5009.31078978852,0.381173181568824,0.135611655859368,2.81077005625613,0.00494230932554661,0.255953129637002
"Tcf20",1176.7384646749,0.355991251332526,0.125250141835668,2.8422423010075,0.00447974307457409,0.249189849013761
"Pkp2",539.792528922826,0.731399588753516,0.275048307770768,2.65916774650031,0.0078333950418741,0.291618952717853
"Arsb",1387.29582535739,0.417013773886686,0.104250518602879,4.00011222462322,6.33124523139977e-05,0.0476524421126848
"Ppig",4015.23149043084,-0.349750258969903,0.117787691613779,-2.96932773007149,0.0029845210293318,0.223170010581104
"Ptchd4",15.0953474394757,1.97717800076846,0.728654736749999,2.71346345676311,0.00665839116077473,0.276367309888258
"Adora1",1042.20620527625,0.735649816685881,0.27656475215322,2.65995507727724,0.0078151074312847,0.291618952717853
"Elmsan1",1258.33773296613,0.284601833557623,0.109627739452942,2.59607499869856,0.00942954803194531,0.306923697563974
"Mapk6",1366.98264940319,0.389601865873332,0.131032795351964,2.97331568655641,0.00294601281000552,0.223170010581104
"Nhlrc3",811.319813454212,0.327168876619688,0.0971291896852475,3.36838881987893,0.000756088846844058,0.140992265609408
"Fam89a",30.8728798605541,0.766276921522765,0.209692777497835,3.65428380827602,0.000257900867942939,0.0847923717678007
"Teddm1b",2.59307046505825,-1.7218174485518,0.596435481745795,-2.88684610699545,0.00389124506189526,0.240198038376872
"Hoxd9",133.866407376604,-0.415566095194581,0.137792877797268,-3.01587499904019,0.00256238870752582,0.220260265756509
"Rai2",218.762179884037,0.939225302733544,0.298410083886279,3.1474315160592,0.00164711684962061,0.189184423890533
"Lysmd4",434.559036165045,-0.16256628556105,0.0584066350119137,-2.78335304760993,0.0053800228039632,0.261652204619786
"Ncmap",15315.8974323543,-0.468777842397185,0.160979820854629,-2.91202860028345,0.00359089754900188,0.231349986821862
"Slc35g1",102.68962854285,0.920496336702991,0.332286066883667,2.77019239878408,0.0056023188874741,0.265049390630974
"Fmn1",85.7826018925424,0.771311952277607,0.22844634867891,3.37633740586379,0.000734577752901778,0.140992265609408
"Plppr4",50.9539424258709,2.22196977422249,0.459686801734882,4.83366014825021,1.34045348729357e-06,0.00399531736555616
"Abca6",4516.56896396996,0.508639988971807,0.184577065563683,2.75570525199576,0.00585657463988602,0.269144434551943
"Poln",55.7111235623646,0.859787313276098,0.306678528210945,2.80354584421608,0.00505440460023293,0.258468376419755
"Insig1",4909.23133072715,0.277576737356693,0.104397943422497,2.65883338557106,0.00784117295220071,0.291618952717853
"Lhfpl2",4470.18651206764,0.391927669101252,0.0982623709366104,3.98858347672159,6.64690131808148e-05,0.0476524421126848
"Zfp423",400.15074565316,0.885845392994294,0.268935045821416,3.29390091309458,0.000988073229747935,0.156228187911779
"Glb1",822.606912921584,0.233944458288996,0.0852412063558244,2.74449961808889,0.00606032249824528,0.270041103124177
"Esf1",1312.38424666581,-0.325359639043811,0.113850032603862,-2.85779135589615,0.00426600793707401,0.248620082679084
"Wdr89",301.650002591939,-0.376913627331617,0.143602084307408,-2.62470861164355,0.00867231491935129,0.300843014270975
"Zfp764",343.246733087079,-0.245497740121292,0.0678075620845508,-3.62050680741442,0.000294026514407778,0.0915607342776698
"Ccdc9b",757.374095317986,0.465439744732783,0.116713010692306,3.9878993950369,6.66609193737386e-05,0.0476524421126848
"Adra1a",76.8971482197872,1.08970717141235,0.372295530103359,2.9269950437219,0.00342254334887134,0.230501233440046
"Igfals",228.422646413502,1.62845917129071,0.584421493754502,2.78644640673462,0.00532894290922402,0.260682288640805
"Gsg1l",11.3351768518589,1.88729665360123,0.627659498070594,3.00687978020363,0.00263944124025051,0.220260265756509
"Trarg1",2700.89099601459,1.03390128116833,0.392666833821953,2.63302421318612,0.00846283139280148,0.299268668100695
"B430212C06Rik",11.2570936222715,2.19980123627386,0.634462587350601,3.46718826315642,0.000525933392480798,0.127593887217667
"Gpr156",72.3340273609731,1.05921797820083,0.379377780588712,2.79198738670766,0.00523853981214938,0.260682288640805
"Dnah14",33.5309976067465,-0.775909644822204,0.28949634262692,-2.68020534484657,0.00735770093234636,0.28551111214241
"Cd3eap",535.334452018574,-0.327143560778471,0.115764475658781,-2.82594085030658,0.0047141968292374,0.25221671314025
"Rpsa-ps10",227.254716941236,-0.391332245377509,0.144389326717398,-2.71025742881559,0.00672310052270045,0.277763899615094
"Arid4a",1275.56955881251,-0.329299100369867,0.106859771988433,-3.08160025276407,0.00205891131394912,0.207842208983434
"Asb8",1021.12989339399,-0.163477795023634,0.0604573735999468,-2.70401748023962,0.00685066852019216,0.279711052847924
"Zfp454",70.4363317214742,-0.38680457846307,0.125546433469751,-3.08096827423031,0.00206328631981454,0.207842208983434
"Oxtr",538.08878620295,2.71295947179015,0.525008566342911,5.16745753443225,2.37299859612071e-07,0.00165034142364875
"Syt12",172.714075203747,1.08360627605986,0.370114946890813,2.92775605298516,0.00341417806257187,0.230501233440046
"Gm5417",45.7590284412636,0.644415240821095,0.240861590728141,2.6754587100126,0.00746270650763017,0.287803897551194
"Zfp672",613.374074475233,-0.176905084421083,0.0663401727129703,-2.66663587365813,0.0076614629973853,0.289581094162041
"Zfp280b",382.147500955236,0.271250431211202,0.0730749721826924,3.71194710184846,0.000205670976938491,0.0833410258339063
"Armcx4",248.278694987804,0.396367596602087,0.140150226486047,2.82816236933836,0.00468160550346722,0.25221671314025
"Ubqln2",1654.49037420026,0.174021974899366,0.0575642786301987,3.02308964935196,0.0025020810852219,0.220260265756509
"Synpo2",4318.12509886078,0.993412702117933,0.364311217862515,2.72682435623717,0.0063947068543248,0.273961321988979
"Amer1",531.811283137175,0.41495207339649,0.114978511445555,3.6089532572613,0.000307434992425624,0.0943282894407092
"Kif7",203.700218439918,0.311566831452588,0.105728201244687,2.94686590507226,0.0032101237674304,0.227908297333784
"Fbxo46",292.7061622398,-0.222489843784605,0.0848103011342791,-2.62338231098059,0.00870615177717696,0.300843014270975
"Adnp",424.097954129648,0.640278345089144,0.246207715034151,2.60056166396058,0.00930712905514842,0.305078605338566
"Lrrc3",132.417297780295,0.490778331698006,0.190030226708817,2.58263298527778,0.00980495660414313,0.310065345034386
"Slc39a1",3420.519182474,0.253086034161799,0.0980145764468748,2.58212648910415,0.00981935883224006,0.310065345034386
"Mogat2",15.1668007622564,1.66792430811215,0.563742930403066,2.95866115237954,0.00308978640847873,0.226194047812282
"C130026I21Rik",24.5531612522434,1.65675935970369,0.452918135991759,3.65796648013634,0.000254224284467359,0.0847923717678007
"Sh2d6",6.26840407299291,1.00753338799101,0.38303093695185,2.63042300449394,0.00852786845135228,0.299912358277087
"Zfp112",210.382537103175,-0.257677017380172,0.0846376084547531,-3.04447422469321,0.0023308740257874,0.216197691506835
"Zmat1",704.981745095529,-0.438989057613266,0.164770219642488,-2.66424999957983,0.00771601955386179,0.290066724273464
"Map1b",10228.3229463217,-0.396408227185504,0.15166129280156,-2.61377323022151,0.00895484503799819,0.301192063674895
"Swt1",586.856242261843,-0.220978577260372,0.082043770040368,-2.69342300032829,0.00707224791025773,0.284048572966072
"1700030K09Rik",356.381444024799,-0.231294722532399,0.0780730216288644,-2.96254349718786,0.00305108697181521,0.224147459788565
"Dand5",236.408945393665,-0.319692717962017,0.111339268740748,-2.87133840178541,0.0040873770557551,0.244944552054712
"Ggcx",770.573351762838,0.281697233486404,0.0806521458487029,3.49274319389897,0.000478086041370687,0.123268616608253
"Dnajc8",3787.79689349869,-0.234825970544256,0.0809078234495943,-2.90238892275421,0.00370328463565373,0.236550127540541
"Cadps",25.3426329316971,1.08084031002222,0.40191564617735,2.68922178149116,0.00716188194450399,0.284048572966072
"Dedd2",392.311289009709,-0.168925486278681,0.0588930856233137,-2.8683415801839,0.00412629782835242,0.245182544857629
"Zfp867",313.165590817559,0.279066232869225,0.100134697807608,2.78690842414488,0.00532135143523827,0.260682288640805
"Gm4876",44.5438785341367,0.78690034110617,0.278808849399877,2.82236501029267,0.00476708860575919,0.253725858853469
"Slc8a1",287.495847516645,1.39379102153724,0.372008867714704,3.74666074521145,0.000179204185090164,0.0747783223544237
"Ntrk2",5057.55617557546,0.461544542993448,0.144144177383371,3.2019645286532,0.0013649380445324,0.176773683257007
"Unc80",15.1283246850424,0.940581629769343,0.329583115937785,2.85385259221499,0.00431925676883957,0.249189849013761
"Hmcn2",728.730606750647,1.02681565529387,0.361295606736991,2.84203747885966,0.0044826221554815,0.249189849013761
"Eef1d",5531.71935358261,-0.364785932832476,0.114677809707016,-3.18096355140064,0.00146786096138878,0.179393076654774
"Fancm",273.199506992077,0.323479460965188,0.114348726394638,2.82888556055098,0.00467103984950494,0.25221671314025
"Unc93a2",45.3597403470836,-1.25541975699652,0.470137894207799,-2.67032241489905,0.00757784442893771,0.288003058922901
"Med12l",170.64287761018,0.591021092567886,0.21490220217836,2.75018630138263,0.00595613905140482,0.270041103124177
"Tmem154",93.6348672332275,0.574548110862735,0.204302230255206,2.81224590717895,0.00491968760100162,0.255953129637002
"Jakmip3",10.0251202440102,1.0759923482933,0.377277562848486,2.85199135662732,0.00434462819591077,0.249189849013761
"Tatdn2",1070.29033431316,0.261256568493717,0.101146498051942,2.58295218841441,0.00979588972979748,0.310065345034386
"Jmjd6",666.189857821662,-0.235581207281295,0.0896773021176917,-2.6269881198268,0.00861443415581764,0.300843014270975
"Mpp7",740.884895891401,0.593670334915202,0.203189036724207,2.92176361720246,0.00348055589511945,0.230501233440046
"Sez6l",122.174442409987,2.71668170199464,0.646361834594316,4.20303544639164,2.63359328786601e-05,0.0274736451790182
"Nrf1",713.426276549602,-0.166375515457288,0.0590648405490645,-2.81682831800895,0.00485004436057344,0.255953129637002
"Fam133b",1228.17331215143,-0.477841786094962,0.171510883655814,-2.78607267311321,0.0053350909341269,0.260682288640805
"Kcnj14",116.264779226024,2.30248046381544,0.67264816746247,3.42300860270151,0.000619321172580228,0.13459913484077
"Nap1l1",9064.86222872762,0.227936120910129,0.0659721942865529,3.45503319049961,0.000550225083725904,0.130354314101924
"Zfp708",139.554550620825,-0.381522094825995,0.115875870923804,-3.29250681599512,0.000992984908765181,0.156228187911779
"Cfi",2.73875769967218,2.95441850111974,0.986146570274548,2.99592230016803,0.00273616143494335,0.220260265756509
"Lep",7592.03983798215,2.06519660629163,0.73935700708934,2.79323329121041,0.00521840420218053,0.260682288640805
"Hopx",428.440478916299,-0.515281619300234,0.184222675435316,-2.79705860357652,0.00515701783516926,0.260523051120996
"Nkapl",62.972604295208,-0.4258420214895,0.162917260891504,-2.61385453670924,0.00895271439682765,0.301192063674895
"Syn3",1241.73467386747,-0.919922524988069,0.320540327067807,-2.86991198082066,0.00410586074222883,0.244944552054712
"Hydin",26.4204461411768,2.38102454432972,0.563965616572378,4.2219321078489,2.422170742909e-05,0.0274736451790182
"Pyroxd2",121.786355481709,0.544079140855232,0.188599881119414,2.88483289398652,0.00391621474243107,0.24102626662561
"Sntb1",2683.25648312827,0.243770214822569,0.0946121154566307,2.57652218900349,0.00997997998108691,0.310779555709548
"Irak2",704.348219712343,0.625728749853067,0.2002424032669,3.12485637229913,0.00177891895302004,0.194937674507232
"Lrrtm1",15.1600414540723,1.0785807659171,0.415870027396539,2.59355254012729,0.00949900241976332,0.308345358406386
"Fiz1",591.338005829076,-0.174114290917635,0.0569469774148125,-3.05748081499311,0.002232059288965,0.213377995319572
"Hipk2",1501.00380499404,0.602130388645596,0.218170908688443,2.75990228149741,0.00578186531017273,0.268218365118002
"U2af1",1398.76944665951,-0.230576307756319,0.0837586855542044,-2.7528644489902,0.00590763509794493,0.270041103124177
"Tmem91",20.9179286015657,-0.997400139927185,0.362538671843281,-2.75115516602969,0.00593855066043248,0.270041103124177
"Dgkk",2.12865094849357,1.8635377461643,0.720883605384916,2.58507438960172,0.00973579894499415,NA
"Nol7",1708.909132174,-0.188789622019493,0.0722070466566296,-2.61455953069588,0.00893425896317892,0.301192063674895
"Stk24",1130.42297142125,0.318256744215644,0.0987500323398341,3.22285205052298,0.0012692109128752,0.169748823629668
"Aox1",951.125045197204,0.640106166815582,0.219138410381213,2.92101309716564,0.00348895159962049,0.230501233440046
"Fbln2",4725.22561623991,0.525190810888089,0.159258277136406,3.29773007928661,0.000974697830612513,0.156228187911779
"Cnnm2",540.335780735492,0.550883844059238,0.19730767029429,2.79200419952037,0.00523826762634725,0.260682288640805
"Slc31a1",915.535776650079,0.222531835661723,0.0828702295860106,2.68530492522358,0.00724636619206894,0.284048572966072
"Serpina1a",9.10375567251244,1.94893198298308,0.623470007503173,3.1259434447986,0.00177235633004596,0.194937674507232
"Zfyve26",789.597567025749,0.217506051621285,0.082014334072635,2.65204923115822,0.00800048756108425,0.294379690856493
"H2-Q10",369.119783901883,-1.4990986669587,0.519077793615066,-2.88800385105742,0.00387695125772185,0.240198038376872
"Lyar",934.672312157674,-0.402629571142403,0.122674196201224,-3.28210482408186,0.00103035294442209,0.156228187911779
"Mageb18",6.54645409330229,2.30477109013901,0.814526041919968,2.82958551540758,0.00466083423747446,0.25221671314025
"Gm10232",41.6088826873024,-0.497700238625719,0.16229414642593,-3.06665551152745,0.0021646817371083,0.212037181986045
"9230112E08Rik",156.953548394163,0.320734041164328,0.106713730759591,3.00555550706863,0.00265096206199523,0.220260265756509
"Tmem132b",56.1605663573365,3.13407417687213,0.717089357130615,4.37054900579325,1.23934534841582e-05,0.0198905394994981
"Ccdc173",152.553314011701,-0.578126799222326,0.198562980710887,-2.91155379090573,0.00359635978455353,0.231349986821862
"Rpl7a-ps5",12.2557113200977,-0.922453583199445,0.348236964925708,-2.64892494510523,0.00807482623069447,0.295049342341873
"Slc39a2",39.0114706178197,-0.809281944389202,0.289560347703883,-2.79486452757271,0.00519214679155464,0.260682288640805
"Tmem254c",697.505862989868,0.605833908428792,0.209836277393167,2.88717430539263,0.00388718818674469,0.240198038376872
"Sod3",5293.08468718983,0.677060737615659,0.198601204013215,3.409147195153,0.000651663078295584,0.135962984655591
"Gm1141",17.1976859091243,-0.844172417887778,0.291570028920431,-2.89526471912568,0.00378838906320154,0.238794409107664
"Zfp449",335.080237913989,0.320782675676113,0.119479177953209,2.68484167008364,0.00725641724457997,0.284048572966072
"C4b",16967.9402269849,0.461852770703541,0.121295690484313,3.80766018033651,0.000140287869058473,0.0673606846459241
"Prr16",150.228968848108,1.33142895292945,0.515322677492529,2.58368011166897,0.00977524121838675,0.310065345034386
"Arl14epl",8.50673476025292,1.52155411275105,0.505113848888679,3.01229933825549,0.00259276788727454,0.220260265756509
"Gm13304",9.0603521936818,-36.3189237570395,5.55695631555436,-6.53575837106727,6.32880219691237e-11,1.3204412903638e-06
"Adh6b",12.0701837636727,1.65185453685731,0.637366537477675,2.591686948917,0.00955066347385861,0.309417768196562
"Arfgef2",1443.18873656922,0.325335155133412,0.120184600228685,2.70696207762368,0.00679020133444198,0.278879450082278
"Mroh8",3.50092723375085,3.06682150766282,0.835412975534609,3.67102450820836,0.00024158017143724,0.0833410258339063
"Nxpe3",258.556852870623,-0.413778156069861,0.118494685760325,-3.49195538529715,0.000479498331124192,0.123268616608253
"Aldh3b2",170.922674275535,1.12337295432121,0.399795312694659,2.80987024772643,0.00495614764059379,0.255953129637002
"Dolk",979.775625663492,0.397199233736759,0.135503559097578,2.93128266432272,0.00337565475429407,0.230501233440046
"Slfn1",11.8519257237027,-1.41417284223688,0.448347581227514,-3.15418862830724,0.00160945022282458,0.186553163605623
"Gm2026",218.50078098504,0.702501756675317,0.269137088421976,2.61020047736369,0.00904891753861453,0.301192063674895
"Gm14444",6.51231090123288,1.83206856040468,0.544352318407999,3.36559338217334,0.000763792090176633,0.140992265609408
"Serpina3m",34.9204259333959,1.98781482026954,0.505950727183186,3.9288703691295,8.5345827941833e-05,0.0539592531569213
"Gm4204",803.771342944854,0.366639622175899,0.109875972188555,3.33684985782622,0.000847337089610481,0.146106124277959
"Tlr5",92.8650385742891,0.806069829722645,0.305910706059203,2.63498404520254,0.00841412380796924,0.298460055032237
"Mphosph8",2452.6992930337,-0.424696396928128,0.15163343876478,-2.8008096392705,0.00509745785875974,0.258875641699989
"Ccdc13",273.324930921143,-0.497634730101409,0.190141808944038,-2.61717679486194,0.00886604071946374,0.300843014270975
"Rps8-ps5",2.31019970766102,-2.51138383481745,0.899822801638754,-2.79097599021021,0.00525493702305972,NA
"Gm14776",7.68717792064836,-2.32815703373185,0.61068461878232,-3.81237215106891,0.00013763942829978,0.0673606846459241
"Gm15519",125.932022233713,1.60472680667399,0.552965434713657,2.90203818527097,0.00370743345982347,0.236550127540541
"Gm12346",205.102798709246,-0.578132465830123,0.212907329138837,-2.71541833796207,0.00661920985766559,0.27604873720526
"Hmgb1-ps1",4.85571143794238,-1.54601813346333,0.487761675983139,-3.16961788838198,0.00152639524454763,0.18094721808092
"Gm15666",11.2963779083927,-1.22000133407266,0.468522858015739,-2.60393129854867,0.00921612285934257,0.304248714141335
"Gm6542",15.9160840540678,-1.40746724286045,0.371456159369345,-3.78905345182602,0.000151222376676984,0.0687121362938735
"BC046401",6.12589922677626,-1.14325892684743,0.438094818029851,-2.60961527002022,0.00906441018358733,0.301192063674895
"Gm13703",4.85975536105876,2.69799440254793,0.821720193403937,3.28334927656046,0.00102581482922656,0.156228187911779
"Gm15832",40.4209791479692,-0.75801477521433,0.293252899628021,-2.58485006005342,0.00974213533987445,0.310065345034386
"8430436N08Rik",3.36280502465942,2.13077187547839,0.707131543327934,3.01326096337105,0.00258456561254419,0.220260265756509
"Gm15326",17.1736239646097,0.92839450903461,0.286336239474236,3.24232276968961,0.00118559663772219,0.164908588329571
"Gm15265",33.4478078773077,-0.553681208029665,0.21178367847427,-2.61437147573642,0.00893917856688584,0.301192063674895
"D030055H07Rik",6.88333964307234,1.45353695552103,0.55386165502209,2.62436827381209,0.00868098645938868,0.300843014270975
"Gm11827",20.592779142263,-0.823760362726891,0.299412004002941,-2.75126030925199,0.00593664474947879,0.270041103124177
"Gm11730",12.7934371563159,-0.969602821661893,0.355483705723432,-2.72755911466797,0.00638048239186604,0.273914371654101
"Gm12953",15.3197097933623,-0.698148655346082,0.263718510679655,-2.64732518603573,0.00811312946818459,0.295614854603804
"Galnt2",1903.55822243942,0.488194141567351,0.189147486751338,2.58102367603305,0.00985078256766648,0.310065345034386
"Npcd",15.7945268901803,1.63576071090352,0.553514681074657,2.95522551945264,0.00312440573013934,0.226667496414368
"Pakap_ENSMUSG00000089945",145.131686617522,1.34958185838914,0.509969490837708,2.64639725049479,0.00813542160436518,0.295709819431141
"Galnt4",430.549422285864,0.410068900859981,0.151041286801012,2.71494575784581,0.00662866264090467,0.27604873720526
"Kcne1l",35.3453162236673,1.42316976325116,0.469786331391181,3.02939797979375,0.00245041649215872,0.220260265756509
"1700071M16Rik",36.359542522335,0.727123598599104,0.23373957318138,3.1108279556704,0.00186563600885457,0.196589038832029
"BB365896",34.1876996633925,-1.88195223967353,0.446823918182297,-4.21184310663004,2.53295454609002e-05,0.0274736451790182
"Gm20633",76.5778986516534,0.590636173821448,0.179887813473076,3.28335845779708,0.00102578141707938,0.156228187911779
"Fam205a2_ENSMUSG00000094066",14.60220897524,7.67726657815205,2.40020812784271,3.19858369326176,0.00138104440044537,0.176773683257007
"Gm8546",5.95586596210076,1.15098324080642,0.439735948619056,2.61744177254773,0.00885916015743331,0.300843014270975
"Gm21092",109.558895368201,0.469022716288082,0.1672129792969,2.80494204612725,0.00503256274571227,0.257983757067668
"Gm2670",3.1401707858611,2.32516743942967,0.775714067782585,2.99745426311047,0.00272244706395828,0.220260265756509
"G630030J09Rik",13.2636030485898,-0.830341382193042,0.310995695012443,-2.66994493978387,0.00758636860528852,0.288003058922901
"Gm6277",96.0178803288983,1.08171762880129,0.334939742138005,3.22958876691197,0.00123968390758367,0.168999565802107
"Kansl2-ps",29.2458837585064,0.756978567599934,0.251085030236209,3.01482954554401,0.00257123714061059,0.220260265756509
"Dleu2",879.714294508959,-0.355487722217598,0.129771627396863,-2.73933316047934,0.0061563952470441,0.271995229158033
"9530059O14Rik",74.3742023815844,-1.08719329679471,0.393272249320198,-2.76448007372504,0.00570135892502319,0.267165549558
"Cphx2",4.1418090962563,4.83109868077661,1.58334640678044,3.05119502598305,0.00227932470872095,0.215184754401602
"Jmjd7",73.1949444762844,0.642913608280348,0.174030844072441,3.69425093412023,0.000220535936453915,0.0833410258339063
"1700047G03Rik",133.509109518313,2.8923005861365,0.988644874873775,2.92552023445807,0.00343880811848628,0.230501233440046
"Gm28901",41.440463808068,4.28740082372636,1.46585299820195,2.92485046521403,0.00344621779930764,0.230501233440046
"9430060I03Rik",12.1232046661939,-0.947834319089412,0.316674308715918,-2.99308877607654,0.00276169403531643,0.220260265756509
"2810049E08Rik",6.38201775028709,-1.27557215589907,0.424246104510531,-3.00667971334881,0.00264117882838622,0.220260265756509
"Gm10138",42.8664379070337,-0.565470039221413,0.212959125411381,-2.65529846691976,0.00792382649595589,0.29259576046951
"Gm28875",1013.26236662798,-0.427274467628781,0.150297629868549,-2.84285565915097,0.00447113142904376,0.249189849013761
"Gm37109",13.4297916254749,-1.21709895346996,0.454547055701963,-2.67760826564013,0.00741498842135594,0.28649318226513
"Gm10851",134.343954900155,1.52105598503425,0.502559596500472,3.02661812773247,0.00247306169151803,0.220260265756509
"Gm19938",93.8515254985742,-1.0606951588815,0.389134690969791,-2.72577897446784,0.00641499396986723,0.274267283170717
"9430053O09Rik",34.4077800252614,-0.838127727455307,0.302438372437416,-2.77123475007704,0.00558441502638827,0.264802807069465
"Gm37975",31.0040795014037,1.510161933996,0.442236876896116,3.41482588380059,0.000638227954099063,0.135877428921662
"Gm37101",6.0665560623679,-1.39738916625414,0.530030508972416,-2.63643156874742,0.00837830973843718,0.298460055032237
"Gm7694",185.400065685696,0.507468579581562,0.155650244169677,3.26031341800121,0.00111289161961742,0.15917355850793
"Gm33320",11.2990634224526,-1.25159813031629,0.409676885033972,-3.05508603496755,0.00224995968991114,0.213377995319572
"Pcdhgc3",1524.10170023354,0.612783973849849,0.189805922449861,3.2284765719664,0.00124451452318516,0.168999565802107
"Gm37900",6.47662071014771,1.47828808087216,0.525134505508159,2.81506559817787,0.0048767278276463,0.255953129637002
"Gm37519",19.2077853915665,-1.16750922527192,0.403608878527221,-2.8926747833997,0.00381976585754869,0.239326110666354
"Gm37914",8.28351725633017,1.22268142334726,0.386571422909888,3.16288621166979,0.00156213376807934,0.18319515467146
"BC037039",22.2063729870982,0.880022427987814,0.310980500619491,2.82983153681585,0.00465725194822476,0.25221671314025
"Gm37402",2.98799449151822,-1.7847217653121,0.69208076179562,-2.578776732186,0.00991508475107529,0.310147418660322
"9630010A21Rik",32.985335730454,-1.17705603949673,0.449332895119041,-2.61956347350197,0.00880423864412325,0.300843014270975
"Gm37776",9.09670951851509,1.11793830557153,0.37215695862327,3.00394303980544,0.00266505214427653,0.220260265756509
"Gm37566",6.57333540006356,-1.55942202354118,0.542920189876018,-2.87228593192914,0.00407514065585482,0.244944552054712
"Pcdhgb7",401.248809892979,0.438700619570871,0.146730566602847,2.98983797124082,0.00279125466730955,0.220593702192221
"Pcdha4",6.40299519365103,2.9189794064968,1.01795914589124,2.86748188105445,0.00413752495083537,0.245182544857629
"Gm37510",4.78354397068267,-1.56520780413169,0.529591301479322,-2.95550134558394,0.00312161335407075,0.226667496414368
"Gm37070",6.85507451485494,-1.39650526822627,0.519695356120273,-2.68716133746455,0.0072062136270912,0.284048572966072
"Gm37423",4.70250397801336,-1.68457752950485,0.560172244836118,-3.00724918993029,0.00263623564857721,0.220260265756509
"Gm42686",17.7719313557905,-0.9384503641708,0.352879410021137,-2.65940810804061,0.00782780801807785,0.291618952717853
"Gm43162",40.685596049504,-1.29579038555189,0.352598117296863,-3.67497817482936,0.000237869747862317,0.0833410258339063
"C130075A20Rik",10.0849177138569,-1.54142078937239,0.516976616234333,-2.98160640340008,0.00286740384500898,0.222558742795328
"8430422M14Rik",69.7078372733168,-0.568547447253085,0.215806930434513,-2.63451894759984,0.00842566010419801,0.298460055032237
"Gm42875",7.55164806172671,-1.2093662014543,0.410021641231941,-2.94951797622356,0.00318270057149259,0.227908297333784
"Gm43503",3.46332315078612,-1.49862637291134,0.581055401866354,-2.57914541039932,0.00990450848132453,0.310147418660322
"Gm42640",2.4721756077291,-2.14047858582076,0.829506200409263,-2.58042505862487,0.00986787716175386,0.310065345034386
"A430073D23Rik",7.0715911198907,-1.05137543776888,0.40780958968091,-2.5781037630614,0.00993441615944782,0.310286914297484
"Gm42447",2.34385611708986,-1.96897972555181,0.763732445052554,-2.57810145202922,0.00993448260292744,NA
"Gm43361",15.8672577023623,-0.985074949259742,0.362389718595292,-2.7182751019486,0.00656232509252104,0.276041029698304
"C530043K16Rik",13.3419924899458,-1.11856348381783,0.414707325841209,-2.69723589171928,0.00699177222385279,0.28215925663146
"Gm43761",1.89737848157981,-3.48623427027586,1.00551552219397,-3.46711134072711,0.000526083927773088,NA
"Gm43343",34.5383543417218,-1.11239687534045,0.422143611589375,-2.63511479222028,0.00841088329958621,0.298460055032237
"Gm42507",29.988314055625,-1.11124756198138,0.393199563286828,-2.82616682656577,0.00471087223225227,0.25221671314025
"Gm40309",17.9231525556398,-1.42138778578118,0.454233306081822,-3.1292020350554,0.00175281743971915,0.194937674507232
"Gm38910",132.669648370147,-0.434783020509073,0.153838375828404,-2.82623251947253,0.00470990614651303,0.25221671314025
"Gm44241",2.01091352893169,-2.74279814488818,0.918271144687631,-2.98691531445344,0.00281807773710285,NA
"Gm36640",3.31335119928303,2.35043361931974,0.862883859588849,2.72392813146335,0.00645105427264465,0.275244982299505
"Gm49493",22.9895781248621,0.694239147998296,0.253664340514668,2.73684171212135,0.00620321327837544,0.272434824389851
"Gm44625",3.35769025360831,-1.71700055986903,0.621107177132357,-2.76441912617464,0.00570242409194159,0.267165549558
"4833411C07Rik",17.3182903566982,-0.813710366278723,0.270984720122757,-3.00279058505627,0.00267516444419972,0.220260265756509
"Prmt1",2025.25740754198,-0.208472216967149,0.0706130290572203,-2.95231941966711,0.00315396485960717,0.227696618791848
"Gm45289",12.4531060685529,-1.19190429490186,0.447956394028892,-2.66075964265617,0.00779645903038863,0.291618952717853
"Gm35315",35.235424357982,0.827583327111151,0.282927785574544,2.92506911412242,0.00344379728252916,0.230501233440046
"Gm36210",19.5931073056958,0.941357629466017,0.331167993640551,2.84253806993126,0.00447558855757279,0.249189849013761
"B930086L07Rik",18.3455010980113,-1.29826094821769,0.431007117204326,-3.01215663592448,0.0025939871066411,0.220260265756509
"Nudc-ps1",16.7925750941417,-0.642010217461797,0.245262561747527,-2.61764458826244,0.00885389695186823,0.300843014270975
"Gm45869",226.305400566561,-0.765738933054413,0.283520779538068,-2.70082120365925,0.00691685114896205,0.281241143288496
"Gm45705",3.48572607462139,2.62560530909871,0.799008213662398,3.28608049855179,0.00101591972464955,0.156228187911779
"Gm45774",145.118125057363,-1.39156325240977,0.472436549527484,-2.94550295442123,0.00322430068501297,0.227937649031225
"Gm32856",42.7646400981383,-0.569374097211311,0.209122180532224,-2.72268630597783,0.00647535109799128,0.275348659999643
"Gm45709",6.26304983560336,1.49428515949504,0.487997298821658,3.06207670227521,0.00219807120150401,0.213377995319572
"Gm48142",1.96886890776546,3.62552881037081,1.38202721484355,2.62334111183275,0.00870720474522189,NA
"Gm46212",14.2600869906377,-1.19808505014265,0.386763778825683,-3.0977178208889,0.0019501702160503,0.202429608893898
"Gm48181",2.13396588539986,-2.93820838204708,0.994082356891384,-2.95569915478151,0.00311961219778181,NA
"Gm48231",3.87956090643426,-2.08365134120383,0.71037876816568,-2.93315543000275,0.0033553586882177,0.230501233440046
"Gm48698",2.94361146717076,-1.9842126273244,0.674343086163458,-2.94243785995226,0.00325639132630639,0.228758749602884
"Gm17823",11.4132850355458,-1.15001109706227,0.366617962367506,-3.1368105633337,0.00170796442899519,0.192621458630031
"Gm47340",7.00730044538389,-1.7490818312648,0.581315562886697,-3.00883365753913,0.00262252659277104,0.220260265756509
"Gm48146",13.564587100937,-1.07802892472919,0.358091414129432,-3.01048526212232,0.00260830605701142,0.220260265756509
"Gm47664",18.4851896917954,-1.47079009100448,0.48374749837459,-3.04040867590302,0.00236257328655203,0.216197691506835
"Gm47357",3.58788672970166,-1.89006566958165,0.618660776575011,-3.05509212988305,0.002249913965415,0.213377995319572
"Gm48582",32.0872311010166,-1.15724296500773,0.417248135379658,-2.77351261007972,0.00554546911220807,0.264326213447773
"Gm47558",12.942661756407,-1.18474881395249,0.395889907330016,-2.99262191840843,0.0027659216654623,0.220260265756509
"1700087I21Rik",46.6348368753612,0.752430198135067,0.269658394781432,2.79030882292739,0.00526577880172297,0.260682288640805
"Gm30970",12.9303992659314,-0.785731640418585,0.286145393316028,-2.7459174908009,0.00603419372505053,0.270041103124177
"D730044K07Rik",13.0098443754127,-0.89019984175737,0.276835264973249,-3.21563021186405,0.00130158431379194,0.171875032423766
"9530056E24Rik",19.7295516926392,-1.09866351880032,0.425033737817431,-2.58488543625269,0.0097411358624709,0.310065345034386
"Pdxp",135.339647755759,-0.401883395906956,0.130538664717344,-3.0786541043388,0.00207937954494326,0.207842208983434
"Gm49767",262.41760652715,-0.456355416536594,0.168067460962325,-2.71531094670902,0.00662135688621459,0.27604873720526
"Gm8670",1.88566878114801,-2.44758474297014,0.895160586754992,-2.73424096099089,0.00625242701829251,NA
"Gm49839",42.2289611219495,-1.89553495866142,0.619933854231799,-3.05764065911565,0.00223086915136336,0.213377995319572
"Gm49987",1.37138897801887,2.86839870973551,1.10114697445109,2.60491903105431,0.00918959738464104,NA
"Gm50128",3.7130275378819,2.1155036977871,0.627383833668665,3.37194486733355,0.000746393880962087,0.140992265609408
"Gm25432",4.35272549407388,-1.91516670848494,0.548884501151612,-3.48919800881011,0.000484472131991791,0.123268616608253
"Gm36043",14.1784814039581,1.87567164510178,0.480781028625086,3.90130128567205,9.56769828561383e-05,0.0553846513043794
"AC159819.1",48.5832337942255,-0.709797939609532,0.272963126630687,-2.60034367414714,0.00931304398685257,0.305078605338566
