"Annot","Term","Annotated","Significant","RichFactor","FoldEnrichment","zscore","Pvalue","Padj","GeneID","Description"
"GO:0016055","Wnt signaling pathway",482,15,0.0311203319502075,3.52742793426801,5.28466614399877,2.75375788152604e-05,0.00610599914263707,"Itga3,Ifrd1,Rspo3,Wif1,Nxn,Nkd2,Ptk7,Myoc,Rspo1,Caprin2,Fgfr2,Gpc4,Amfr,Snai1,Cthrc1","Wnt signaling pathway"
"GO:0051216","cartilage development",239,10,0.0418410041841004,4.74259487954583,5.48412164812517,5.59737467097e-05,0.0103427045309146,"Osr2,Col2a1,Ecm1,Evc,Snx19,Lum,Hoxa11,Sox5,Snai1,Ptpn11","cartilage development"
"GO:0061448","connective tissue development",345,12,0.0347826086956522,3.94253974334419,5.19125123744597,6.19306176774864e-05,0.0108411175997537,"Ifrd1,Osr2,Col2a1,Ecm1,Evc,Snx19,Lum,Hoxa11,Sox5,Snai1,Ptpn11,Creb5","connective tissue development"
"GO:0002062","chondrocyte differentiation",131,7,0.0534351145038168,6.05676430036655,5.47426233455354,0.000167627927298885,0.020649277266522,"Osr2,Col2a1,Ecm1,Snx19,Hoxa11,Sox5,Ptpn11","chondrocyte differentiation"
"GO:0060272","embryonic skeletal joint morphogenesis",13,3,0.230769230769231,26.1572348356489,8.55959416773018,0.000181557330092382,0.0215664171388308,"Osr2,Col2a1,Hoxa11","embryonic skeletal joint morphogenesis"
"GO:0030111","regulation of Wnt signaling pathway",337,11,0.0326409495548961,3.69978692531929,4.70669634549192,0.000217320537801048,0.0249244175422857,"Itga3,Rspo3,Wif1,Nxn,Nkd2,Ptk7,Rspo1,Caprin2,Fgfr2,Amfr,Cthrc1","regulation of Wnt signaling pathway"
"GO:0072498","embryonic skeletal joint development",15,3,0.2,22.6696035242291,7.92012575256798,0.000285097352079174,0.0296323060317292,"Osr2,Col2a1,Hoxa11","embryonic skeletal joint development"
"GO:0010811","positive regulation of cell-substrate adhesion",151,7,0.0463576158940397,5.2545438632319,4.94684661760533,0.000399400948467657,0.0369002098500952,"Itga3,Myoc,Thy1,Triobp,Abi3bp,Ptpn11,Ndnf","positive regulation of cell-substrate adhesion"
"GO:0055091","phospholipid homeostasis",17,3,0.176470588235294,20.002591344908,7.39417391602472,0.000420561458451089,0.0378050651569816,"Tlcd1,Tlcd2,Lipg","phospholipid homeostasis"
"GO:0097061","dendritic spine organization",114,6,0.0526315789473684,5.96568513795502,5.01308067290105,0.000532823232755854,0.0446406733651902,"Itga3,Lrp8,Caprin2,Abhd17b,Nlgn1,Xlr4b","dendritic spine organization"
"GO:0071865","regulation of apoptotic process in bone marrow cell",5,2,0.4,45.3392070484581,9.35457323015939,0.000761480264991815,0.0562818524747284,"Fgfr2,Flt3l","regulation of apoptotic process in bone marrow cell"
"GO:0071866","negative regulation of apoptotic process in bone marrow cell",5,2,0.4,45.3392070484581,9.35457323015939,0.000761480264991815,0.0562818524747284,"Fgfr2,Flt3l","negative regulation of apoptotic process in bone marrow cell"
"GO:0001959","regulation of cytokine-mediated signaling pathway",169,7,0.0414201183431953,4.69488830383442,4.54657639697683,0.000780842145980049,0.0564582821202096,"Tbk1,Tjp2,Rabgef1,Ecm1,Oas1b,Casp4,Hspa1a","regulation of cytokine-mediated signaling pathway"
"GO:0007264","small GTPase-mediated signal transduction",461,12,0.0260303687635575,2.95049069729663,3.98684236892021,0.000864864153745658,0.0599278786532929,"Kctd10,Itga3,Rnd3,Arfgef3,Plce1,Rabgef1,Myoc,Brap,Adcyap1r1,Itpkb,Cdc42ep4,Dok7","small GTPase-mediated signal transduction"
"GO:0106027","neuron projection organization",126,6,0.0476190476190476,5.39752464862597,4.66840356823235,0.000901704560532754,0.0612054973128967,"Itga3,Lrp8,Caprin2,Abhd17b,Nlgn1,Xlr4b","neuron projection organization"
"GO:0060759","regulation of response to cytokine stimulus",179,7,0.0391061452513966,4.43260404105038,4.34785468497322,0.00109231186260717,0.0698659472121429,"Tbk1,Tjp2,Rabgef1,Ecm1,Oas1b,Casp4,Hspa1a","regulation of response to cytokine stimulus"
"GO:0071839","apoptotic process in bone marrow cell",6,2,0.333333333333333,37.7826725403818,8.50116415204948,0.00113557508026184,0.0712626927726583,"Fgfr2,Flt3l","apoptotic process in bone marrow cell"
"GO:0001955","blood vessel maturation",7,2,0.285714285714286,32.3851478917558,7.8350385428013,0.0015805623463746,0.0892406380962196,"Mmp2,Lyl1","blood vessel maturation"
"GO:1901890","positive regulation of cell junction assembly",141,6,0.0425531914893617,4.82331989877214,4.29489235087498,0.00160879698612613,0.0892406380962196,"Myoc,Thy1,Amigo3,Ptpn11,Nlgn1,Xlr4b","positive regulation of cell junction assembly"
"GO:0035024","negative regulation of Rho protein signal transduction",27,3,0.111111111111111,12.5942241801273,5.68670125994139,0.00169516473748847,0.0916099311771969,"Kctd10,Itga3,Myoc","negative regulation of Rho protein signal transduction"
"GO:0060348","bone development",253,8,0.0316205533596838,3.58412703940381,3.89698490963261,0.00190851765106857,0.0991832766789697,"Osr2,Col2a1,Tjp2,Myoc,Ecm1,Evc,Fgfr2,Hoxa11","bone development"
"GO:0035567","non-canonical Wnt signaling pathway",61,4,0.0655737704918033,7.43265689318986,4.7454737636379,0.00207725037693745,0.100850666969062,"Rspo3,Myoc,Rspo1,Cthrc1","non-canonical Wnt signaling pathway"
"GO:1904515","positive regulation of TORC2 signaling",8,2,0.25,28.3370044052863,7.29578951367184,0.00209517311740572,0.100850666969062,"Tbk1,Otud7b","positive regulation of TORC2 signaling"
"GO:0060070","canonical Wnt signaling pathway",317,9,0.028391167192429,3.21808251921233,3.74893670989438,0.00211537618988616,0.100850666969062,"Rspo3,Nkd2,Ptk7,Rspo1,Caprin2,Fgfr2,Amfr,Snai1,Cthrc1","canonical Wnt signaling pathway"
"GO:0051056","regulation of small GTPase mediated signal transduction",258,8,0.0310077519379845,3.51466721305877,3.82990142350524,0.00215508882586844,0.100955287814626,"Kctd10,Itga3,Arfgef3,Rabgef1,Myoc,Adcyap1r1,Itpkb,Dok7","regulation of small GTPase mediated signal transduction"
"GO:0060828","regulation of canonical Wnt signaling pathway",259,8,0.0308880308880309,3.50109706937901,3.81668376970794,0.00220727928443613,0.101964040278258,"Rspo3,Nkd2,Ptk7,Rspo1,Caprin2,Fgfr2,Amfr,Cthrc1","regulation of canonical Wnt signaling pathway"
"GO:1901888","regulation of cell junction assembly",325,9,0.0276923076923077,3.13886818027787,3.66095884768003,0.00250000750573386,0.110866999520944,"Samd4,Myoc,Gpc4,Thy1,Amigo3,Snai1,Ptpn11,Nlgn1,Xlr4b","regulation of cell junction assembly"
"GO:0042471","ear morphogenesis",155,6,0.0387096774193548,4.38766519823789,3.99105081292368,0.0025906051626153,0.112753721822873,"Osr2,Col2a1,Ptk7,Fgfr2,Triobp,Cthrc1","ear morphogenesis"
"GO:0061001","regulation of dendritic spine morphogenesis",65,4,0.0615384615384615,6.97526262283972,4.55063275671987,0.00262215418108246,0.112753721822873,"Lrp8,Caprin2,Nlgn1,Xlr4b","regulation of dendritic spine morphogenesis"
"GO:0006651","diacylglycerol biosynthetic process",9,2,0.222222222222222,25.1884483602545,6.84721692399767,0.00267815514852885,0.112753721822873,"Plpp1,Plce1","diacylglycerol biosynthetic process"
"GO:0061753","substrate localization to autophagosome",9,2,0.222222222222222,25.1884483602545,6.84721692399767,0.00267815514852885,0.112753721822873,"Gabarapl1,Stbd1","substrate localization to autophagosome"
"GO:0044703","multi-organism reproductive process",268,8,0.0298507462686567,3.38352291406404,3.70057506472053,0.00272304253338553,0.113210493325503,"Itga3,Dedd,Ndrg3,A2m,Tead4,Mmp2,Igfbp2,Nrk","multi-organism reproductive process"
"GO:0048704","embryonic skeletal system morphogenesis",109,5,0.0458715596330275,5.19945034959382,4.14511332398309,0.00284134782742474,0.115247839927009,"Osr2,Col2a1,Fgfr2,Hoxa11,Slc39a3","embryonic skeletal system morphogenesis"
"GO:0060999","positive regulation of dendritic spine development",69,4,0.0579710144927536,6.57089957224031,4.37161425133372,0.0032578290057174,0.12872912269904,"Lrp8,Caprin2,Nlgn1,Xlr4b","positive regulation of dendritic spine development"
"GO:0060174","limb bud formation",10,2,0.2,22.6696035242291,6.46612699427065,0.00332827270222835,0.12872912269904,"Col2a1,Fgfr2","limb bud formation"
"GO:0071864","positive regulation of cell proliferation in bone marrow",10,2,0.2,22.6696035242291,6.46612699427065,0.00332827270222835,0.12872912269904,"Fgfr2,Flt3l","positive regulation of cell proliferation in bone marrow"
"GO:0044706","multi-multicellular organism process",277,8,0.0288808664259928,3.27358895656738,3.58931102978896,0.00332853414074488,0.12872912269904,"Itga3,Dedd,Ndrg3,A2m,Tead4,Mmp2,Igfbp2,Nrk","multi-multicellular organism process"
"GO:0090263","positive regulation of canonical Wnt signaling pathway",114,5,0.043859649122807,4.97140428162918,4.00930979218524,0.00344635389124667,0.130256511844164,"Rspo3,Ptk7,Rspo1,Caprin2,Fgfr2","positive regulation of canonical Wnt signaling pathway"
"GO:0051894","positive regulation of focal adhesion assembly",35,3,0.0857142857142857,9.71554436752675,4.86780279645381,0.00360159604112046,0.133098982586296,"Myoc,Thy1,Ptpn11","positive regulation of focal adhesion assembly"
"GO:0061003","positive regulation of dendritic spine morphogenesis",35,3,0.0857142857142857,9.71554436752675,4.86780279645381,0.00360159604112046,0.133098982586296,"Lrp8,Caprin2,Xlr4b","positive regulation of dendritic spine morphogenesis"
"GO:0033687","osteoblast proliferation",36,3,0.0833333333333333,9.44566813509545,4.78407687117219,0.00390370027514958,0.141891440074996,"Osr2,Fgfr2,Cthrc1","osteoblast proliferation"
"GO:0051058","negative regulation of small GTPase mediated signal transduction",73,4,0.0547945205479452,6.21085028061071,4.20625729418749,0.00399113361858433,0.141891440074996,"Kctd10,Itga3,Rabgef1,Myoc","negative regulation of small GTPase mediated signal transduction"
"GO:0060484","lung-associated mesenchyme development",11,2,0.181818181818182,20.6087304765719,6.13687852939521,0.0040443063566075,0.141891440074996,"Ptk7,Fgfr2","lung-associated mesenchyme development"
"GO:0051897","positive regulation of phosphatidylinositol 3-kinase/protein kinase B signal transduction",226,7,0.0309734513274336,3.51077930684964,3.57673987973322,0.00405282225108978,0.141891440074996,"Tbk1,Myoc,Specc1l,Tspyl5,Ramp3,Meis3,Ptpn11","positive regulation of phosphatidylinositol 3-kinase/protein kinase B signal transduction"
"GO:1900242","regulation of synaptic vesicle endocytosis",37,3,0.0810810810810811,9.19037980711989,4.70355516224661,0.00422078667923794,0.143248331583116,"Dnm1,Kcnc3,Nlgn1","regulation of synaptic vesicle endocytosis"
"GO:1902473","regulation of protein localization to synapse",37,3,0.0810810810810811,9.19037980711989,4.70355516224661,0.00422078667923794,0.143248331583116,"Gpc4,Abhd17b,Nlgn1","regulation of protein localization to synapse"
"GO:0001655","urogenital system development",75,4,0.0533333333333333,6.04522760646109,4.12813729020453,0.00439647558560258,0.147703816138527,"Osr2,Fgfr2,Mmp2,Hoxa11","urogenital system development"
"GO:0061723","glycophagy",12,2,0.166666666666667,18.8913362701909,5.84848731218961,0.00482505281577063,0.157334565345619,"Gabarapl1,Stbd1","glycophagy"
"GO:0071863","regulation of cell proliferation in bone marrow",12,2,0.166666666666667,18.8913362701909,5.84848731218961,0.00482505281577063,0.157334565345619,"Fgfr2,Flt3l","regulation of cell proliferation in bone marrow"
"GO:0007565","female pregnancy",239,7,0.0292887029288703,3.31981641568208,3.39928734858476,0.00547817844766182,0.167357199146223,"Itga3,Dedd,Ndrg3,A2m,Tead4,Mmp2,Igfbp2","female pregnancy"
"GO:0060325","face morphogenesis",41,3,0.0731707317073171,8.29375738691308,4.40959180574633,0.00564310877178599,0.167357199146223,"Mmp2,Specc1l,Ptpn11","face morphogenesis"
"GO:0016266","protein O-linked glycosylation via N-acetyl-galactosamine",13,2,0.153846153846154,17.4381565570993,5.59298149870584,0.00566932472225758,0.167357199146223,"Galnt10,Gxylt2","protein O-linked glycosylation via N-acetyl-galactosamine"
"GO:1900244","positive regulation of synaptic vesicle endocytosis",13,2,0.153846153846154,17.4381565570993,5.59298149870584,0.00566932472225758,0.167357199146223,"Dnm1,Nlgn1","positive regulation of synaptic vesicle endocytosis"
"GO:1903939","regulation of TORC2 signaling",13,2,0.153846153846154,17.4381565570993,5.59298149870584,0.00566932472225758,0.167357199146223,"Tbk1,Otud7b","regulation of TORC2 signaling"
"GO:0010976","positive regulation of neuron projection development",241,7,0.029045643153527,3.29226607198348,3.37307420701182,0.00572706791574218,0.167357199146223,"Itga3,Ptk7,Lrp8,Caprin2,Ndnf,Nlgn1,Xlr4b","positive regulation of neuron projection development"
"GO:0010810","regulation of cell-substrate adhesion",242,7,0.0289256198347107,3.27866166672735,3.36007055456293,0.00585464166207271,0.167357199146223,"Itga3,Myoc,Thy1,Triobp,Abi3bp,Ptpn11,Ndnf","regulation of cell-substrate adhesion"
"GO:0042098","T cell proliferation",243,7,0.0288065843621399,3.26516923188485,3.3471346050655,0.00598432965884881,0.167357199146223,"Scgb1a1,Cd151,Slc4a2,Malt1,Igfbp2,Slc7a1,Ptpn11","T cell proliferation"
"GO:0042472","inner ear morphogenesis",130,5,0.0384615384615385,4.35953913927482,3.62293168719596,0.00600268719071599,0.167357199146223,"Col2a1,Ptk7,Fgfr2,Triobp,Cthrc1","inner ear morphogenesis"
"GO:0060997","dendritic spine morphogenesis",82,4,0.0487804878048781,5.52917159127538,3.87549958666249,0.00603186623535684,0.167357199146223,"Lrp8,Caprin2,Nlgn1,Xlr4b","dendritic spine morphogenesis"
"GO:0150117","positive regulation of cell-substrate junction organization",42,3,0.0714285714285714,8.09628697293896,4.34229590994682,0.00603814308404894,0.167357199146223,"Myoc,Thy1,Ptpn11","positive regulation of cell-substrate junction organization"
"GO:0007567","parturition",14,2,0.142857142857143,16.1925739458779,5.36441557496235,0.00657595047150954,0.172260584074853,"Mmp2,Nrk","parturition"
"GO:0045117","azole transmembrane transport",14,2,0.142857142857143,16.1925739458779,5.36441557496235,0.00657595047150954,0.172260584074853,"Slc19a3,Slc7a1","azole transmembrane transport"
"GO:0060670","branching involved in labyrinthine layer morphogenesis",14,2,0.142857142857143,16.1925739458779,5.36441557496235,0.00657595047150954,0.172260584074853,"Rspo3,Fgfr2","branching involved in labyrinthine layer morphogenesis"
"GO:0071838","cell proliferation in bone marrow",14,2,0.142857142857143,16.1925739458779,5.36441557496235,0.00657595047150954,0.172260584074853,"Fgfr2,Flt3l","cell proliferation in bone marrow"
"GO:0002367","cytokine production involved in immune response",133,5,0.037593984962406,4.26120366996787,3.55744304138283,0.00659914338434025,0.172260584074853,"Rsad2,Rabgef1,Malt1,Casp4,Spon2","cytokine production involved in immune response"
"GO:0002718","regulation of cytokine production involved in immune response",133,5,0.037593984962406,4.26120366996787,3.55744304138283,0.00659914338434025,0.172260584074853,"Rsad2,Rabgef1,Malt1,Casp4,Spon2","regulation of cytokine production involved in immune response"
"GO:0070661","leukocyte proliferation",381,9,0.0236220472440945,2.67751222727115,3.11226460158934,0.00698746449222963,0.179059252424749,"Tbk1,Scgb1a1,Cd151,Slc4a2,Malt1,Igfbp2,Slc7a1,Ptpn11,Flt3l","leukocyte proliferation"
"GO:0099560","synaptic membrane adhesion",45,3,0.0666666666666667,7.55653450807636,4.15307304666379,0.00732069368538253,0.179059252424749,"Itga3,Gpc4,Nlgn1","synaptic membrane adhesion"
"GO:0071277","cellular response to calcium ion",87,4,0.0459770114942529,5.21140310901818,3.71219490359534,0.00741956171142796,0.179059252424749,"Add1,Itpkb,Cpne8,Nlgn1","cellular response to calcium ion"
"GO:0002440","production of molecular mediator of immune response",254,7,0.0275590551181102,3.12376426514968,3.20912248784395,0.00755650863755249,0.179059252424749,"Rsad2,Tmbim6,Rabgef1,Ctnnbl1,Malt1,Casp4,Spon2","production of molecular mediator of immune response"
"GO:1903421","regulation of synaptic vesicle recycling",46,3,0.0652173913043478,7.39226201877035,4.09384033152133,0.00778120531439931,0.179059252424749,"Dnm1,Kcnc3,Nlgn1","regulation of synaptic vesicle recycling"
"GO:0051896","regulation of phosphatidylinositol 3-kinase/protein kinase B signal transduction",320,8,0.025,2.83370044052863,3.11408019565811,0.00778304385293798,0.179059252424749,"Tbk1,Myoc,Specc1l,Ppp1r16b,Tspyl5,Ramp3,Meis3,Ptpn11","regulation of phosphatidylinositol 3-kinase/protein kinase B signal transduction"
"GO:0060998","regulation of dendritic spine development",90,4,0.0444444444444444,5.03768967205091,3.62012801140919,0.00834533198275293,0.179059252424749,"Lrp8,Caprin2,Nlgn1,Xlr4b","regulation of dendritic spine development"
"GO:0048505","regulation of timing of cell differentiation",16,2,0.125,14.1685022026432,4.97096034794659,0.00857165474542514,0.179059252424749,"Gdpd5,Sox5","regulation of timing of cell differentiation"
"GO:0055057","neuroblast division",16,2,0.125,14.1685022026432,4.97096034794659,0.00857165474542514,0.179059252424749,"Fgfr2,Sox5","neuroblast division"
"GO:0071599","otic vesicle development",16,2,0.125,14.1685022026432,4.97096034794659,0.00857165474542514,0.179059252424749,"Col2a1,Fgfr2","otic vesicle development"
"GO:2000052","positive regulation of non-canonical Wnt signaling pathway",16,2,0.125,14.1685022026432,4.97096034794659,0.00857165474542514,0.179059252424749,"Rspo3,Rspo1","positive regulation of non-canonical Wnt signaling pathway"
"GO:0001960","negative regulation of cytokine-mediated signaling pathway",91,4,0.043956043956044,4.98233044488551,3.59034510907671,0.0086699487307634,0.179059252424749,"Tjp2,Rabgef1,Ecm1,Oas1b","negative regulation of cytokine-mediated signaling pathway"
"GO:0060323","head morphogenesis",48,3,0.0625,7.08425110132159,3.98054074640979,0.00875255905051923,0.179059252424749,"Mmp2,Specc1l,Ptpn11","head morphogenesis"
"GO:0021541","ammon gyrus development",1,1,1,113.348017621145,10.5994347783807,0.00882238631947185,0.179059252424749,"Lrp8","ammon gyrus development"
"GO:0035602","fibroblast growth factor receptor signaling pathway involved in negative regulation of apoptotic process in bone marrow cell",1,1,1,113.348017621145,10.5994347783807,0.00882238631947185,0.179059252424749,"Fgfr2","fibroblast growth factor receptor signaling pathway involved in negative regulation of apoptotic process in bone marrow cell"
"GO:0035603","fibroblast growth factor receptor signaling pathway involved in hemopoiesis",1,1,1,113.348017621145,10.5994347783807,0.00882238631947185,0.179059252424749,"Fgfr2","fibroblast growth factor receptor signaling pathway involved in hemopoiesis"
"GO:0035604","fibroblast growth factor receptor signaling pathway involved in positive regulation of cell proliferation in bone marrow",1,1,1,113.348017621145,10.5994347783807,0.00882238631947185,0.179059252424749,"Fgfr2","fibroblast growth factor receptor signaling pathway involved in positive regulation of cell proliferation in bone marrow"
"GO:0036032","neural crest cell delamination",1,1,1,113.348017621145,10.5994347783807,0.00882238631947185,0.179059252424749,"Specc1l","neural crest cell delamination"
"GO:0048789","cytoskeletal matrix organization at active zone",1,1,1,113.348017621145,10.5994347783807,0.00882238631947185,0.179059252424749,"Nlgn1","cytoskeletal matrix organization at active zone"
"GO:0051463","negative regulation of cortisol secretion",1,1,1,113.348017621145,10.5994347783807,0.00882238631947185,0.179059252424749,"Ptpn11","negative regulation of cortisol secretion"
"GO:0060365","coronal suture morphogenesis",1,1,1,113.348017621145,10.5994347783807,0.00882238631947185,0.179059252424749,"Fgfr2","coronal suture morphogenesis"
"GO:0090125","cell-cell adhesion involved in synapse maturation",1,1,1,113.348017621145,10.5994347783807,0.00882238631947185,0.179059252424749,"Nlgn1","cell-cell adhesion involved in synapse maturation"
"GO:0097115","neurexin clustering involved in presynaptic membrane assembly",1,1,1,113.348017621145,10.5994347783807,0.00882238631947185,0.179059252424749,"Nlgn1","neurexin clustering involved in presynaptic membrane assembly"
"GO:0099049","clathrin coat assembly involved in endocytosis",1,1,1,113.348017621145,10.5994347783807,0.00882238631947185,0.179059252424749,"Dnm1","clathrin coat assembly involved in endocytosis"
"GO:1901032","negative regulation of response to reactive oxygen species",1,1,1,113.348017621145,10.5994347783807,0.00882238631947185,0.179059252424749,"Adcyap1r1","negative regulation of response to reactive oxygen species"
"GO:1905518","regulation of presynaptic active zone assembly",1,1,1,113.348017621145,10.5994347783807,0.00882238631947185,0.179059252424749,"Nlgn1","regulation of presynaptic active zone assembly"
"GO:1905520","positive regulation of presynaptic active zone assembly",1,1,1,113.348017621145,10.5994347783807,0.00882238631947185,0.179059252424749,"Nlgn1","positive regulation of presynaptic active zone assembly"
"GO:0099175","regulation of postsynapse organization",200,6,0.03,3.40044052863436,3.2152095842049,0.00883773907760532,0.179059252424749,"Samd4,Lrp8,Caprin2,Abhd17b,Nlgn1,Xlr4b","regulation of postsynapse organization"
"GO:0046488","phosphatidylinositol metabolic process",143,5,0.034965034965035,3.96321739934075,3.35235958184268,0.00888627585211734,0.179059252424749,"Pip4k2b,Plce1,Pi4k2b,Itpkb,Mppe1","phosphatidylinositol metabolic process"
"GO:0099173","postsynapse organization",328,8,0.024390243902439,2.76458579563769,3.03441161178643,0.00895766672661977,0.179059252424749,"Itga3,Samd4,Lrp8,Caprin2,Dok7,Abhd17b,Nlgn1,Xlr4b","postsynapse organization"
"GO:0002720","positive regulation of cytokine production involved in immune response",92,4,0.0434782608695652,4.92817467918023,3.5609951369068,0.00900271229113151,0.179059252424749,"Rsad2,Malt1,Casp4,Spon2","positive regulation of cytokine production involved in immune response"
"GO:0001890","placenta development",201,6,0.0298507462686567,3.38352291406404,3.20058381746768,0.00904448418741965,0.179059252424749,"Dedd,Rspo3,Ndrg3,Fgfr2,Snai1,Nrk","placenta development"
"GO:2001239","regulation of extrinsic apoptotic signaling pathway in absence of ligand",49,3,0.0612244897959184,6.93967454823339,3.92629991496842,0.00926365362952612,0.182313088590556,"Col2a1,Srpx,Hspa1a","regulation of extrinsic apoptotic signaling pathway in absence of ligand"
"GO:1905477","positive regulation of protein localization to membrane",93,4,0.043010752688172,4.87518355359765,3.53206671030356,0.00934370065092291,0.182806755088056,"Itga3,Nkd2,Ramp3,Dok7","positive regulation of protein localization to membrane"
"GO:1903358","regulation of Golgi organization",17,2,0.117647058823529,13.3350608966053,4.79974461792002,0.00965846718368834,0.186351942216895,"Rbsn,Armh3","regulation of Golgi organization"
"GO:1903423","positive regulation of synaptic vesicle recycling",17,2,0.117647058823529,13.3350608966053,4.79974461792002,0.00965846718368834,0.186351942216895,"Dnm1,Nlgn1","positive regulation of synaptic vesicle recycling"
"GO:0062208","positive regulation of pattern recognition receptor signaling pathway",94,4,0.0425531914893617,4.82331989877214,3.50354886511296,0.00969299037989262,0.186351942216895,"Rsad2,Casp4,Nek9,Hspa1a","positive regulation of pattern recognition receptor signaling pathway"
"GO:0072583","clathrin-dependent endocytosis",50,3,0.06,6.80088105726872,3.87355921833841,0.00979184924081185,0.187170635488162,"Gpr107,Tnk2,Dnm1","clathrin-dependent endocytosis"
"GO:0048705","skeletal system morphogenesis",268,7,0.0261194029850746,2.96058254980604,3.04393251406496,0.00997572922762111,0.188518610290158,"Osr2,Col2a1,Fgfr2,Mmp2,Hoxa11,Sox5,Slc39a3","skeletal system morphogenesis"
"GO:0060761","negative regulation of response to cytokine stimulus",95,4,0.0421052631578947,4.77254811036402,3.47543103777546,0.0100506566205916,0.188861491073942,"Tjp2,Rabgef1,Ecm1,Oas1b","negative regulation of response to cytokine stimulus"
"GO:0046854","phosphatidylinositol phosphate biosynthetic process",51,3,0.0588235294117647,6.66753044830267,3.82224607225751,0.0103372537174185,0.193155650922101,"Pip4k2b,Pi4k2b,Itpkb","phosphatidylinositol phosphate biosynthetic process"
"GO:0040034","regulation of development, heterochronic",18,2,0.111111111111111,12.5942241801273,4.64235943701862,0.0108031009347328,0.199617298382896,"Gdpd5,Sox5","regulation of development, heterochronic"
"GO:0006661","phosphatidylinositol biosynthetic process",98,4,0.0408163265306122,4.62644969882226,3.39337765060317,0.0111746442430752,0.204213553584989,"Pip4k2b,Pi4k2b,Itpkb,Mppe1","phosphatidylinositol biosynthetic process"
"GO:0030177","positive regulation of Wnt signaling pathway",152,5,0.0328947368421053,3.72855321122189,3.18309555947178,0.0113679346131746,0.205832803400734,"Rspo3,Ptk7,Rspo1,Caprin2,Fgfr2","positive regulation of Wnt signaling pathway"
"GO:0032728","positive regulation of interferon-beta production",53,3,0.0566037735849057,6.41592552572521,3.72363603626806,0.0114800853140065,0.205832803400734,"Tbk1,Oas1b,Ptpn11","positive regulation of interferon-beta production"
"GO:0045071","negative regulation of viral genome replication",53,3,0.0566037735849057,6.41592552572521,3.72363603626806,0.0114800853140065,0.205832803400734,"Rsad2,Oas1b,Zfp809","negative regulation of viral genome replication"
"GO:0032943","mononuclear cell proliferation",343,8,0.0233236151603499,2.64368554218415,2.89127133351918,0.0115107941769502,0.205832803400734,"Tbk1,Scgb1a1,Cd151,Slc4a2,Malt1,Igfbp2,Slc7a1,Ptpn11","mononuclear cell proliferation"
"GO:0090596","sensory organ morphogenesis",345,8,0.0231884057971014,2.62835982889612,2.87276492896482,0.0118879547992768,0.210315625863801,"Osr2,Col2a1,Ptk7,Prom1,Fgfr2,Thy1,Triobp,Cthrc1","sensory organ morphogenesis"
"GO:0061028","establishment of endothelial barrier",54,3,0.0555555555555556,6.29711209006363,3.67621672036275,0.0120776932593085,0.211423198844527,"Tjp2,Add1,Ppp1r16b","establishment of endothelial barrier"
"GO:0016311","dephosphorylation",101,4,0.0396039603960396,4.48903040083744,3.31457886318706,0.0123765868050333,0.214296915274644,"Plpp1,Plpp5,Tmem132c,Ptpn11","dephosphorylation"
"GO:0002700","regulation of production of molecular mediator of immune response",216,6,0.0277777777777778,3.14855604503182,2.9916655011872,0.0125749561127412,0.214296915274644,"Rsad2,Tmbim6,Rabgef1,Malt1,Casp4,Spon2","regulation of production of molecular mediator of immune response"
"GO:1902414","protein localization to cell junction",156,5,0.032051282051282,3.63294928272902,3.11196145369831,0.0126086729127307,0.214296915274644,"Tjp2,Gpc4,Dok7,Abhd17b,Nlgn1","protein localization to cell junction"
"GO:0048562","embryonic organ morphogenesis",349,8,0.0229226361031519,2.59823536094316,2.83614108207881,0.0126694964721226,0.214296915274644,"Osr2,Col2a1,Ptk7,Fgfr2,Triobp,Hoxa11,Slc39a3,Cthrc1","embryonic organ morphogenesis"
"GO:0043583","ear development",281,7,0.0249110320284698,2.82361609732391,2.89987957352474,0.0126883411967375,0.214296915274644,"Osr2,Col2a1,Ptk7,Fgfr2,Triobp,Ptpn11,Cthrc1","ear development"
"GO:0048873","homeostasis of number of cells within a tissue",55,3,0.0545454545454545,6.18261914297157,3.62997939716668,0.012692872011156,0.214296915274644,"Add1,Ptpn11,Flt3l","homeostasis of number of cells within a tissue"
"GO:0007044","cell-substrate junction assembly",103,4,0.0388349514563107,4.40186476198623,3.26373973704337,0.0132220804861421,0.219412193130123,"Myoc,Tln1,Thy1,Ptpn11","cell-substrate junction assembly"
"GO:1902236","negative regulation of endoplasmic reticulum stress-induced intrinsic apoptotic signaling pathway",20,2,0.1,11.3348017621145,4.36209235929994,0.0132614648426328,0.219412193130123,"Tmbim6,Hspa1a","negative regulation of endoplasmic reticulum stress-induced intrinsic apoptotic signaling pathway"
"GO:0046632","alpha-beta T cell differentiation",158,5,0.0316455696202532,3.58696258294764,3.07726636165558,0.0132621271416846,0.219412193130123,"Tbk1,Rsad2,Slc4a2,Malt1,Itpkb","alpha-beta T cell differentiation"
"GO:0048489","synaptic vesicle transport",56,3,0.0535714285714286,6.07221522970422,3.58487209807122,0.0133256954336394,0.219412193130123,"Dnm1,Fgfr2,Nlgn1","synaptic vesicle transport"
"GO:0048706","embryonic skeletal system development",160,5,0.03125,3.54212555066079,3.04312904845494,0.0139380767073255,0.226755826288577,"Osr2,Col2a1,Fgfr2,Hoxa11,Slc39a3","embryonic skeletal system development"
"GO:0030865","cortical cytoskeleton organization",57,3,0.0526315789473684,5.96568513795502,3.54084603220991,0.0139762310250025,0.226755826288577,"Tln1,Kcnc3,Nlgn1","cortical cytoskeleton organization"
"GO:0048736","appendage development",222,6,0.027027027027027,3.06345993570663,2.91315149844934,0.0142259402960219,0.227815535845771,"Rspo3,Osr2,Col2a1,Fgfr2,Hoxa11,Slc39a3","appendage development"
"GO:0060173","limb development",222,6,0.027027027027027,3.06345993570663,2.91315149844934,0.0142259402960219,0.227815535845771,"Rspo3,Osr2,Col2a1,Fgfr2,Hoxa11,Slc39a3","limb development"
"GO:0045017","glycerolipid biosynthetic process",223,6,0.0269058295964126,3.04972244720571,2.90032418668497,0.0145150930827174,0.227815535845771,"Pip4k2b,Plpp1,Plce1,Pi4k2b,Itpkb,Mppe1","glycerolipid biosynthetic process"
"GO:0032330","regulation of chondrocyte differentiation",58,3,0.0517241379310345,5.86282849764545,3.497855340019,0.0146445400550639,0.227815535845771,"Hoxa11,Sox5,Ptpn11","regulation of chondrocyte differentiation"
"GO:0010171","body morphogenesis",59,3,0.0508474576271186,5.76345852310909,3.45585686979958,0.01533067770046,0.227815535845771,"Mmp2,Specc1l,Ptpn11","body morphogenesis"
"GO:0030850","prostate gland development",59,3,0.0508474576271186,5.76345852310909,3.45585686979958,0.01533067770046,0.227815535845771,"Fgfr2,Mmp2,Hoxa11","prostate gland development"
"GO:0001502","cartilage condensation",22,2,0.0909090909090909,10.3043652382859,4.11900853154683,0.0159381571864826,0.227815535845771,"Col2a1,Sox5","cartilage condensation"
"GO:0010522","regulation of calcium ion transport into cytosol",22,2,0.0909090909090909,10.3043652382859,4.11900853154683,0.0159381571864826,0.227815535845771,"Tmbim6,Adcyap1r1","regulation of calcium ion transport into cytosol"
"GO:0002753","cytoplasmic pattern recognition receptor signaling pathway",228,6,0.0263157894736842,2.98284256897751,2.83724790157818,0.0160224261500258,0.227815535845771,"Tbk1,Rsad2,Oas1b,Casp4,Nek9,Hspa1a","cytoplasmic pattern recognition receptor signaling pathway"
"GO:0061082","myeloid leukocyte cytokine production",60,3,0.05,5.66740088105727,3.41480997478413,0.0160346931777384,0.227815535845771,"Rabgef1,Casp4,Spon2","myeloid leukocyte cytokine production"
"GO:0071709","membrane assembly",60,3,0.05,5.66740088105727,3.41480997478413,0.0160346931777384,0.227815535845771,"Tlcd1,Tlcd2,Nlgn1","membrane assembly"
"GO:0030100","regulation of endocytosis",365,8,0.0219178082191781,2.48434011224428,2.69458054202676,0.016176241985889,0.227815535845771,"Tnk2,Rabgef1,Cd151,Dnm1,Rspo1,Add1,Kcnc3,Nlgn1","regulation of endocytosis"
"GO:0043491","phosphatidylinositol 3-kinase/protein kinase B signal transduction",367,8,0.0217983651226158,2.47080147403042,2.67741396547634,0.0166593557343006,0.227815535845771,"Tbk1,Myoc,Specc1l,Ppp1r16b,Tspyl5,Ramp3,Meis3,Ptpn11","phosphatidylinositol 3-kinase/protein kinase B signal transduction"
"GO:0032332","positive regulation of chondrocyte differentiation",23,2,0.0869565217391304,9.85634935836047,4.00886753211649,0.0173557552565978,0.227815535845771,"Hoxa11,Sox5","positive regulation of chondrocyte differentiation"
"GO:0010631","epithelial cell migration",112,4,0.0357142857142857,4.04814348646948,3.05000502015667,0.0174783376560919,0.227815535845771,"Itga3,Glipr2,Snai1,Ptpn11","epithelial cell migration"
"GO:0032526","response to retinoic acid",112,4,0.0357142857142857,4.04814348646948,3.05000502015667,0.0174783376560919,0.227815535845771,"Ptk7,Add1,Mmp2,Igfbp2","response to retinoic acid"
"GO:0150115","cell-substrate junction organization",112,4,0.0357142857142857,4.04814348646948,3.05000502015667,0.0174783376560919,0.227815535845771,"Myoc,Tln1,Thy1,Ptpn11","cell-substrate junction organization"
"GO:0007229","integrin-mediated signaling pathway",113,4,0.0353982300884956,4.01231920782815,3.02764411978506,0.0179979622504858,0.231124410985004,"Itga3,Tln1,Thy1,Ptpn11","integrin-mediated signaling pathway"
"GO:0030178","negative regulation of Wnt signaling pathway",171,5,0.0292397660818713,3.31426952108612,2.86463179931681,0.0180717962106169,0.231179977678892,"Wif1,Nxn,Nkd2,Amfr,Cthrc1","negative regulation of Wnt signaling pathway"
"GO:0060324","face development",63,3,0.0476190476190476,5.39752464862597,3.29700608332104,0.0182544121008473,0.23173349102068,"Mmp2,Specc1l,Ptpn11","face development"
"GO:0038203","TORC2 signaling",24,2,0.0833333333333333,9.44566813509545,3.90527056543551,0.0188248181268481,0.234862796762674,"Tbk1,Otud7b","TORC2 signaling"
"GO:0051346","negative regulation of hydrolase activity",24,2,0.0833333333333333,9.44566813509545,3.90527056543551,0.0188248181268481,0.234862796762674,"Ecm1,Tmem132c","negative regulation of hydrolase activity"
"GO:0001961","positive regulation of cytokine-mediated signaling pathway",64,3,0.046875,5.31318832599119,3.25940299099641,0.0190303164097167,0.234862796762674,"Tbk1,Casp4,Hspa1a","positive regulation of cytokine-mediated signaling pathway"
"GO:0043627","response to estrogen",115,4,0.0347826086956522,3.94253974334419,2.98368399073189,0.0190658313667835,0.234862796762674,"Rcan1,Mmp2,Hoxa11,Igfbp2","response to estrogen"
"GO:0046330","positive regulation of JNK cascade",115,4,0.0347826086956522,3.94253974334419,2.98368399073189,0.0190658313667835,0.234862796762674,"Map3k11,Myoc,Nrk,Tnfrsf19","positive regulation of JNK cascade"
"GO:0090132","epithelium migration",115,4,0.0347826086956522,3.94253974334419,2.98368399073189,0.0190658313667835,0.234862796762674,"Itga3,Glipr2,Snai1,Ptpn11","epithelium migration"
"GO:0001894","tissue homeostasis",307,7,0.0228013029315961,2.58448248647563,2.63494757483488,0.0196416974803039,0.238424400801061,"Col2a1,Tjp2,Slc4a2,Prom1,Add1,Ptpn11,Flt3l","tissue homeostasis"
"GO:0060249","anatomical structure homeostasis",307,7,0.0228013029315961,2.58448248647563,2.63494757483488,0.0196416974803039,0.238424400801061,"Col2a1,Tjp2,Slc4a2,Prom1,Add1,Ptpn11,Flt3l","anatomical structure homeostasis"
"GO:0060349","bone morphogenesis",117,4,0.0341880341880342,3.87514590157762,2.94070419414352,0.0201721564411327,0.243973062993481,"Osr2,Col2a1,Fgfr2,Hoxa11","bone morphogenesis"
"GO:0040019","positive regulation of embryonic development",25,2,0.08,9.06784140969163,3.80756476758637,0.0203443357896579,0.245163988537689,"Osr2,Rbm19","positive regulation of embryonic development"
"GO:1903078","positive regulation of protein localization to plasma membrane",66,3,0.0454545454545455,5.15218261914297,3.18650781015104,0.0206362582360452,0.245483009989987,"Itga3,Nkd2,Ramp3","positive regulation of protein localization to plasma membrane"
"GO:1904262","negative regulation of TORC1 signaling",66,3,0.0454545454545455,5.15218261914297,3.18650781015104,0.0206362582360452,0.245483009989987,"Tbk1,Depdc5,Otud7b","negative regulation of TORC1 signaling"
"GO:0035418","protein localization to synapse",118,4,0.0338983050847458,3.84230568207272,2.91956929118183,0.0207398454020404,0.245483009989987,"Gpc4,Dok7,Abhd17b,Nlgn1","protein localization to synapse"
"GO:0071774","response to fibroblast growth factor",118,4,0.0338983050847458,3.84230568207272,2.91956929118183,0.0207398454020404,0.245483009989987,"Scgb1a1,Fgfr2,Ptpn11,Ndnf","response to fibroblast growth factor"
"GO:1902904","negative regulation of supramolecular fiber organization",178,5,0.0280898876404494,3.18393307924566,2.75845323008335,0.0210840487921527,0.247793449762191,"Myoc,Camsap1,Add1,Specc1l,Ssh3","negative regulation of supramolecular fiber organization"
"GO:0007265","Ras protein signal transduction",119,4,0.0336134453781513,3.8100173990301,2.8986646100841,0.0213172719118154,0.24965227598133,"Plce1,Rabgef1,Brap,Itpkb","Ras protein signal transduction"
"GO:0030199","collagen fibril organization",67,3,0.0447761194029851,5.07528437109606,3.15115927407979,0.0214663229358421,0.250515754682845,"Aebp1,Col2a1,Adamts19","collagen fibril organization"
"GO:0051494","negative regulation of cytoskeleton organization",180,5,0.0277777777777778,3.14855604503182,2.7290797923258,0.0220012145689608,0.255131771950683,"Myoc,Camsap1,Add1,Specc1l,Ssh3","negative regulation of cytoskeleton organization"
"GO:0050775","positive regulation of dendrite morphogenesis",68,3,0.0441176470588235,5.000647836227,3.11650821649396,0.0223144599215504,0.255131771950683,"Lrp8,Caprin2,Xlr4b","positive regulation of dendrite morphogenesis"
"GO:0060135","maternal process involved in female pregnancy",68,3,0.0441176470588235,5.000647836227,3.11650821649396,0.0223144599215504,0.255131771950683,"Itga3,Dedd,Ndrg3","maternal process involved in female pregnancy"
"GO:0001892","embryonic placenta development",121,4,0.0330578512396694,3.74704190483125,2.8575274180371,0.0225014885081084,0.255131771950683,"Rspo3,Fgfr2,Snai1,Nrk","embryonic placenta development"
"GO:0090130","tissue migration",121,4,0.0330578512396694,3.74704190483125,2.8575274180371,0.0225014885081084,0.255131771950683,"Itga3,Glipr2,Snai1,Ptpn11","tissue migration"
"GO:0048839","inner ear development",247,6,0.0242914979757085,2.75339314059462,2.6123493175348,0.0227343172072905,0.255131771950683,"Col2a1,Ptk7,Fgfr2,Triobp,Ptpn11,Cthrc1","inner ear development"
"GO:0051893","regulation of focal adhesion assembly",69,3,0.0434782608695652,4.92817467918023,3.08252988346849,0.0231806704177246,0.255131771950683,"Myoc,Thy1,Ptpn11","regulation of focal adhesion assembly"
"GO:0090109","regulation of cell-substrate junction assembly",69,3,0.0434782608695652,4.92817467918023,3.08252988346849,0.0231806704177246,0.255131771950683,"Myoc,Thy1,Ptpn11","regulation of cell-substrate junction assembly"
"GO:0046339","diacylglycerol metabolic process",27,2,0.0740740740740741,8.39614945341818,3.62764181216705,0.0235307636891376,0.255131771950683,"Plpp1,Plce1","diacylglycerol metabolic process"
"GO:0098743","cell aggregation",27,2,0.0740740740740741,8.39614945341818,3.62764181216705,0.0235307636891376,0.255131771950683,"Col2a1,Sox5","cell aggregation"
"GO:0031346","positive regulation of cell projection organization",469,9,0.0191897654584222,2.17512187332688,2.423108207961,0.0239912809194348,0.255131771950683,"Itga3,Ptk7,Plce1,Lrp8,Caprin2,Cdc42ep4,Ndnf,Nlgn1,Xlr4b","positive regulation of cell projection organization"
"GO:0010770","positive regulation of cell morphogenesis",70,3,0.0428571428571429,4.85777218376337,3.04920075007483,0.0240649509078299,0.255131771950683,"Lrp8,Caprin2,Xlr4b","positive regulation of cell morphogenesis"
"GO:0044091","membrane biogenesis",70,3,0.0428571428571429,4.85777218376337,3.04920075007483,0.0240649509078299,0.255131771950683,"Tlcd1,Tlcd2,Nlgn1","membrane biogenesis"
"GO:0060760","positive regulation of response to cytokine stimulus",70,3,0.0428571428571429,4.85777218376337,3.04920075007483,0.0240649509078299,0.255131771950683,"Tbk1,Casp4,Hspa1a","positive regulation of response to cytokine stimulus"
"GO:0046486","glycerolipid metabolic process",394,8,0.0203045685279188,2.30148259129229,2.45610085163737,0.0242386221579171,0.255131771950683,"Pip4k2b,Plpp1,Plce1,Pi4k2b,Itpkb,Ptpn11,Lipg,Mppe1","glycerolipid metabolic process"
"GO:1903037","regulation of leukocyte cell-cell adhesion",396,8,0.0202020202020202,2.28985894184132,2.44043179882422,0.0248824079074513,0.255131771950683,"Scgb1a1,Slc4a2,Thy1,Malt1,Itpkb,Igfbp2,Slc7a1,Ptpn11","regulation of leukocyte cell-cell adhesion"
"GO:0097479","synaptic vesicle localization",71,3,0.0422535211267606,4.78935285723149,3.01649844267439,0.0249672932455507,0.255131771950683,"Dnm1,Fgfr2,Nlgn1","synaptic vesicle localization"
"GO:0030198","extracellular matrix organization",323,7,0.021671826625387,2.45645858621677,2.48514340181329,0.025049453262384,0.255131771950683,"Aebp1,Col2a1,Adamts10,Mmp2,Abi3bp,Ndnf,Adamts19","extracellular matrix organization"
"GO:0007263","nitric oxide mediated signal transduction",28,2,0.0714285714285714,8.09628697293896,3.54450401530989,0.025195721656002,0.255131771950683,"Gucy1a2,Ndnf","nitric oxide mediated signal transduction"
"GO:0009110","vitamin biosynthetic process",28,2,0.0714285714285714,8.09628697293896,3.54450401530989,0.025195721656002,0.255131771950683,"Slc19a3,Snai1","vitamin biosynthetic process"
"GO:0060713","labyrinthine layer morphogenesis",28,2,0.0714285714285714,8.09628697293896,3.54450401530989,0.025195721656002,0.255131771950683,"Rspo3,Fgfr2","labyrinthine layer morphogenesis"
"GO:0097062","dendritic spine maintenance",28,2,0.0714285714285714,8.09628697293896,3.54450401530989,0.025195721656002,0.255131771950683,"Itga3,Abhd17b","dendritic spine maintenance"
"GO:0141163","positive regulation of cAMP/PKA signal transduction",28,2,0.0714285714285714,8.09628697293896,3.54450401530989,0.025195721656002,0.255131771950683,"Adcyap1r1,Ramp3","positive regulation of cAMP/PKA signal transduction"
"GO:2000050","regulation of non-canonical Wnt signaling pathway",28,2,0.0714285714285714,8.09628697293896,3.54450401530989,0.025195721656002,0.255131771950683,"Rspo3,Rspo1","regulation of non-canonical Wnt signaling pathway"
"GO:0045229","external encapsulating structure organization",324,7,0.0216049382716049,2.44887692391363,2.47607959023042,0.0254181033014029,0.255131771950683,"Aebp1,Col2a1,Adamts10,Mmp2,Abi3bp,Ndnf,Adamts19","external encapsulating structure organization"
"GO:0043062","extracellular structure organization",325,7,0.0215384615384615,2.4413419179939,2.46704939363133,0.025790456492127,0.255131771950683,"Aebp1,Col2a1,Adamts10,Mmp2,Abi3bp,Ndnf,Adamts19","extracellular structure organization"
"GO:0050863","regulation of T cell activation",400,8,0.02,2.26696035242291,2.40937373614172,0.0262057574097314,0.255131771950683,"Scgb1a1,Slc4a2,Thy1,Malt1,Itpkb,Igfbp2,Slc7a1,Ptpn11","regulation of T cell activation"
"GO:0006612","protein targeting to membrane",127,4,0.031496062992126,3.5700163030282,2.73918306078515,0.0262914995316468,0.255131771950683,"Srp68,Rabgef1,Golga7b,Mtcl1","protein targeting to membrane"
"GO:0001954","positive regulation of cell-matrix adhesion",73,3,0.0410958904109589,4.65813771045803,2.95289014251875,0.0268261083848091,0.257128635411744,"Myoc,Thy1,Ptpn11","positive regulation of cell-matrix adhesion"
"GO:0032608","interferon-beta production",73,3,0.0410958904109589,4.65813771045803,2.95289014251875,0.0268261083848091,0.257128635411744,"Tbk1,Oas1b,Ptpn11","interferon-beta production"
"GO:0032648","regulation of interferon-beta production",73,3,0.0410958904109589,4.65813771045803,2.95289014251875,0.0268261083848091,0.257128635411744,"Tbk1,Oas1b,Ptpn11","regulation of interferon-beta production"
"GO:0045600","positive regulation of fat cell differentiation",73,3,0.0410958904109589,4.65813771045803,2.95289014251875,0.0268261083848091,0.257128635411744,"Wif1,Crebl2,Vstm2a","positive regulation of fat cell differentiation"
"GO:0034755","iron ion transmembrane transport",29,2,0.0689655172413793,7.81710466352727,3.46539461805253,0.0269072295591347,0.257165073315178,"Scara5,Steap3","iron ion transmembrane transport"
"GO:0002726","positive regulation of T cell cytokine production",30,2,0.0666666666666667,7.55653450807636,3.38998021583939,0.0286643441862282,0.269937632126161,"Rsad2,Malt1","positive regulation of T cell cytokine production"
"GO:0033688","regulation of osteoblast proliferation",30,2,0.0666666666666667,7.55653450807636,3.38998021583939,0.0286643441862282,0.269937632126161,"Fgfr2,Cthrc1","regulation of osteoblast proliferation"
"GO:0060907","positive regulation of macrophage cytokine production",30,2,0.0666666666666667,7.55653450807636,3.38998021583939,0.0286643441862282,0.269937632126161,"Casp4,Spon2","positive regulation of macrophage cytokine production"
"GO:0090103","cochlea morphogenesis",30,2,0.0666666666666667,7.55653450807636,3.38998021583939,0.0286643441862282,0.269937632126161,"Ptk7,Cthrc1","cochlea morphogenesis"
"GO:0001704","formation of primary germ layer",132,4,0.0303030303030303,3.43478841276198,2.64590301475874,0.0297252726256769,0.275689378698416,"Itga3,Mmp2,Hoxa11,Snai1","formation of primary germ layer"
"GO:0001885","endothelial cell development",76,3,0.0394736842105263,4.47426385346626,2.86167820254726,0.0297493370883416,0.275689378698416,"Tjp2,Add1,Ppp1r16b","endothelial cell development"
"GO:0150116","regulation of cell-substrate junction organization",76,3,0.0394736842105263,4.47426385346626,2.86167820254726,0.0297493370883416,0.275689378698416,"Myoc,Thy1,Ptpn11","regulation of cell-substrate junction organization"
"GO:0046651","lymphocyte proliferation",336,7,0.0208333333333333,2.36141703377386,2.36986718706377,0.0301349999105899,0.275689378698416,"Scgb1a1,Cd151,Slc4a2,Malt1,Igfbp2,Slc7a1,Ptpn11","lymphocyte proliferation"
"GO:0042129","regulation of T cell proliferation",196,5,0.0255102040816327,2.89153106176391,2.50790356464528,0.0302768158378739,0.275689378698416,"Scgb1a1,Slc4a2,Igfbp2,Slc7a1,Ptpn11","regulation of T cell proliferation"
"GO:0001707","mesoderm formation",77,3,0.038961038961039,4.41615653069398,2.83232307642475,0.0307596337428438,0.275689378698416,"Itga3,Hoxa11,Snai1","mesoderm formation"
"GO:2001242","regulation of intrinsic apoptotic signaling pathway",198,5,0.0252525252525253,2.86232367730165,2.48184176526092,0.0314314809451798,0.275689378698416,"Tmbim6,Steap3,Mmp2,Snai1,Hspa1a","regulation of intrinsic apoptotic signaling pathway"
"GO:0050807","regulation of synapse organization",415,8,0.0192771084337349,2.18502202643172,2.29609710991724,0.0316050317067124,0.275689378698416,"Samd4,Lrp8,Caprin2,Gpc4,Amigo3,Abhd17b,Nlgn1,Xlr4b","regulation of synapse organization"
"GO:0042130","negative regulation of T cell proliferation",78,3,0.0384615384615385,4.35953913927482,2.80346499307008,0.0317878145608403,0.275689378698416,"Scgb1a1,Slc4a2,Ptpn11","negative regulation of T cell proliferation"
"GO:0061035","regulation of cartilage development",78,3,0.0384615384615385,4.35953913927482,2.80346499307008,0.0317878145608403,0.275689378698416,"Hoxa11,Sox5,Ptpn11","regulation of cartilage development"
"GO:1904377","positive regulation of protein localization to cell periphery",78,3,0.0384615384615385,4.35953913927482,2.80346499307008,0.0317878145608403,0.275689378698416,"Itga3,Nkd2,Ramp3","positive regulation of protein localization to cell periphery"
"GO:0046697","decidualization",32,2,0.0625,7.08425110132159,3.24908596978253,0.03231168506091,0.275689378698416,"Dedd,Ndrg3","decidualization"
"GO:0060402","calcium ion transport into cytosol",32,2,0.0625,7.08425110132159,3.24908596978253,0.03231168506091,0.275689378698416,"Tmbim6,Adcyap1r1","calcium ion transport into cytosol"
"GO:1905475","regulation of protein localization to membrane",200,5,0.025,2.83370044052863,2.45610385286344,0.0326134267062547,0.275689378698416,"Itga3,Nkd2,Gpc4,Ramp3,Dok7","regulation of protein localization to membrane"
"GO:0097192","extrinsic apoptotic signaling pathway in absence of ligand",80,3,0.0375,4.25055066079295,2.74717923054626,0.033897659417655,0.275689378698416,"Col2a1,Srpx,Hspa1a","extrinsic apoptotic signaling pathway in absence of ligand"
"GO:0006493","protein O-linked glycosylation",138,4,0.0289855072463768,3.28544978612016,2.53973181921333,0.0341804718969356,0.275689378698416,"Galnt10,Galnt16,B3gat2,Gxylt2","protein O-linked glycosylation"
"GO:0032958","inositol phosphate biosynthetic process",33,2,0.0606060606060606,6.86957682552396,3.18310742531148,0.0342000887262913,0.275689378698416,"Adcyap1r1,Itpkb","inositol phosphate biosynthetic process"
"GO:0048333","mesodermal cell differentiation",33,2,0.0606060606060606,6.86957682552396,3.18310742531148,0.0342000887262913,0.275689378698416,"Itga3,Hoxa11","mesodermal cell differentiation"
"GO:0060669","embryonic placenta morphogenesis",33,2,0.0606060606060606,6.86957682552396,3.18310742531148,0.0342000887262913,0.275689378698416,"Rspo3,Fgfr2","embryonic placenta morphogenesis"
"GO:0060740","prostate gland epithelium morphogenesis",33,2,0.0606060606060606,6.86957682552396,3.18310742531148,0.0342000887262913,0.275689378698416,"Fgfr2,Mmp2","prostate gland epithelium morphogenesis"
"GO:1902235","regulation of endoplasmic reticulum stress-induced intrinsic apoptotic signaling pathway",33,2,0.0606060606060606,6.86957682552396,3.18310742531148,0.0342000887262913,0.275689378698416,"Tmbim6,Hspa1a","regulation of endoplasmic reticulum stress-induced intrinsic apoptotic signaling pathway"
"GO:0039531","regulation of cytoplasmic pattern recognition receptor signaling pathway",139,4,0.0287769784172662,3.26181345672361,2.52260528890732,0.0349587237755478,0.275689378698416,"Rsad2,Casp4,Nek9,Hspa1a","regulation of cytoplasmic pattern recognition receptor signaling pathway"
"GO:0032436","positive regulation of proteasomal ubiquitin-dependent protein catabolic process",81,3,0.037037037037037,4.19807472670909,2.71972281597316,0.0349792296484461,0.275689378698416,"Nkd2,Nub1,Hspa1a","positive regulation of proteasomal ubiquitin-dependent protein catabolic process"
"GO:0048332","mesoderm morphogenesis",81,3,0.037037037037037,4.19807472670909,2.71972281597316,0.0349792296484461,0.275689378698416,"Itga3,Hoxa11,Snai1","mesoderm morphogenesis"
"GO:0051057","positive regulation of small GTPase mediated signal transduction",81,3,0.037037037037037,4.19807472670909,2.71972281597316,0.0349792296484461,0.275689378698416,"Adcyap1r1,Itpkb,Dok7","positive regulation of small GTPase mediated signal transduction"
"GO:0050803","regulation of synapse structure or activity",424,8,0.0188679245283019,2.1386418419084,2.2304221119928,0.0351868497788369,0.276670123792935,"Samd4,Lrp8,Caprin2,Gpc4,Amigo3,Abhd17b,Nlgn1,Xlr4b","regulation of synapse structure or activity"
"GO:0060996","dendritic spine development",140,4,0.0285714285714286,3.23851478917558,2.50563374593461,0.0357472116912994,0.279464857778554,"Lrp8,Caprin2,Nlgn1,Xlr4b","dendritic spine development"
"GO:0038034","signal transduction in absence of ligand",82,3,0.0365853658536585,4.14687869345654,2.69270590216998,0.0360784966135001,0.279464857778554,"Col2a1,Srpx,Hspa1a","signal transduction in absence of ligand"
"GO:0048525","negative regulation of viral process",82,3,0.0365853658536585,4.14687869345654,2.69270590216998,0.0360784966135001,0.279464857778554,"Rsad2,Oas1b,Zfp809","negative regulation of viral process"
"GO:0002828","regulation of type 2 immune response",34,2,0.0588235294117647,6.66753044830267,3.11981832995949,0.0361304536514667,0.279464857778554,"Rsad2,Ecm1","regulation of type 2 immune response"
"GO:0022011","myelination in peripheral nervous system",34,2,0.0588235294117647,6.66753044830267,3.11981832995949,0.0361304536514667,0.279464857778554,"Ndrg1,Myoc","myelination in peripheral nervous system"
"GO:0032292","peripheral nervous system axon ensheathment",34,2,0.0588235294117647,6.66753044830267,3.11981832995949,0.0361304536514667,0.279464857778554,"Ndrg1,Myoc","peripheral nervous system axon ensheathment"
"GO:0060512","prostate gland morphogenesis",34,2,0.0588235294117647,6.66753044830267,3.11981832995949,0.0361304536514667,0.279464857778554,"Fgfr2,Mmp2","prostate gland morphogenesis"
"GO:0007369","gastrulation",207,5,0.0241545893719807,2.7378748217668,2.36846270420007,0.0369670680256539,0.285272548151565,"Itga3,Osr2,Mmp2,Hoxa11,Snai1","gastrulation"
"GO:0043113","receptor clustering",83,3,0.036144578313253,4.09691629955947,2.6661155920362,0.0371954046532116,0.286370175640236,"Thy1,Dok7,Nlgn1","receptor clustering"
"GO:0038127","ERBB signaling pathway",142,4,0.028169014084507,3.192901904821,2.47214507135414,0.0373549283379679,0.286602894686505,"Plce1,Myoc,Ptpn11,Dbx2","ERBB signaling pathway"
"GO:0061036","positive regulation of cartilage development",35,2,0.0571428571428571,6.47702957835116,3.05902864737797,0.0381018995672453,0.286602894686505,"Hoxa11,Sox5","positive regulation of cartilage development"
"GO:0097205","renal filtration",35,2,0.0571428571428571,6.47702957835116,3.05902864737797,0.0381018995672453,0.286602894686505,"Itga3,Jchain","renal filtration"
"GO:1901099","negative regulation of signal transduction in absence of ligand",35,2,0.0571428571428571,6.47702957835116,3.05902864737797,0.0381018995672453,0.286602894686505,"Col2a1,Hspa1a","negative regulation of signal transduction in absence of ligand"
"GO:1905606","regulation of presynapse assembly",35,2,0.0571428571428571,6.47702957835116,3.05902864737797,0.0381018995672453,0.286602894686505,"Gpc4,Nlgn1","regulation of presynapse assembly"
"GO:2001240","negative regulation of extrinsic apoptotic signaling pathway in absence of ligand",35,2,0.0571428571428571,6.47702957835116,3.05902864737797,0.0381018995672453,0.286602894686505,"Col2a1,Hspa1a","negative regulation of extrinsic apoptotic signaling pathway in absence of ligand"
"GO:0032271","regulation of protein polymerization",209,5,0.0239234449760766,2.71167506270683,2.34409047104976,0.0382734245413153,0.286602894686505,"Camsap1,Add1,Ssh3,Cdc42ep4,Hspa1a","regulation of protein polymerization"
"GO:0046637","regulation of alpha-beta T cell differentiation",84,3,0.0357142857142857,4.04814348646948,2.63993952059714,0.0383298947684214,0.286602894686505,"Slc4a2,Malt1,Itpkb","regulation of alpha-beta T cell differentiation"
"GO:0045069","regulation of viral genome replication",85,3,0.0352941176470588,4.0005182689816,2.61416582695146,0.0394819047084228,0.286602894686505,"Rsad2,Oas1b,Zfp809","regulation of viral genome replication"
"GO:1901880","negative regulation of protein depolymerization",85,3,0.0352941176470588,4.0005182689816,2.61416582695146,0.0394819047084228,0.286602894686505,"Camsap1,Add1,Specc1l","negative regulation of protein depolymerization"
"GO:1990874","vascular associated smooth muscle cell proliferation",85,3,0.0352941176470588,4.0005182689816,2.61416582695146,0.0394819047084228,0.286602894686505,"Fgfr2,Mmp2,Spon2","vascular associated smooth muscle cell proliferation"
"GO:0003401","axis elongation",36,2,0.0555555555555556,6.29711209006363,3.00056680285291,0.0401135583491333,0.286602894686505,"Ptk7,Fgfr2","axis elongation"
"GO:0003416","endochondral bone growth",36,2,0.0555555555555556,6.29711209006363,3.00056680285291,0.0401135583491333,0.286602894686505,"Ecm1,Evc","endochondral bone growth"
"GO:0005980","glycogen catabolic process",36,2,0.0555555555555556,6.29711209006363,3.00056680285291,0.0401135583491333,0.286602894686505,"Gabarapl1,Stbd1","glycogen catabolic process"
"GO:0035115","embryonic forelimb morphogenesis",36,2,0.0555555555555556,6.29711209006363,3.00056680285291,0.0401135583491333,0.286602894686505,"Osr2,Hoxa11","embryonic forelimb morphogenesis"
"GO:0071392","cellular response to estradiol stimulus",36,2,0.0555555555555556,6.29711209006363,3.00056680285291,0.0401135583491333,0.286602894686505,"Mmp2,Ramp3","cellular response to estradiol stimulus"
"GO:1900227","positive regulation of NLRP3 inflammasome complex assembly",36,2,0.0555555555555556,6.29711209006363,3.00056680285291,0.0401135583491333,0.286602894686505,"Casp4,Nek9","positive regulation of NLRP3 inflammasome complex assembly"
"GO:0007422","peripheral nervous system development",86,3,0.0348837209302326,3.95400061469112,2.5887831280099,0.0406513690574732,0.286602894686505,"Ndrg1,Myoc,Artn","peripheral nervous system development"
"GO:0043086","negative regulation of catalytic activity",86,3,0.0348837209302326,3.95400061469112,2.5887831280099,0.0406513690574732,0.286602894686505,"Ecm1,Thy1,Tmem132c","negative regulation of catalytic activity"
"GO:0007159","leukocyte cell-cell adhesion",438,8,0.0182648401826484,2.07028342687024,2.13143952911261,0.0412894278375222,0.286602894686505,"Scgb1a1,Slc4a2,Thy1,Malt1,Itpkb,Igfbp2,Slc7a1,Ptpn11","leukocyte cell-cell adhesion"
"GO:0030968","endoplasmic reticulum unfolded protein response",87,3,0.0344827586206897,3.90855233176363,2.56378049389114,0.0418382193198319,0.286602894686505,"Tmbim6,Amfr,Hspa1a","endoplasmic reticulum unfolded protein response"
"GO:0070663","regulation of leukocyte proliferation",286,6,0.020979020979021,2.37793043960445,2.21078426004024,0.0419021695162303,0.286602894686505,"Scgb1a1,Slc4a2,Igfbp2,Slc7a1,Ptpn11,Flt3l","regulation of leukocyte proliferation"
"GO:0009251","glucan catabolic process",37,2,0.0540540540540541,6.12691987141326,2.94427743224406,0.0421645738731273,0.286602894686505,"Gabarapl1,Stbd1","glucan catabolic process"
"GO:0018105","peptidyl-serine phosphorylation",37,2,0.0540540540540541,6.12691987141326,2.94427743224406,0.0421645738731273,0.286602894686505,"Tbk1,Crebl2","peptidyl-serine phosphorylation"
"GO:0141087","positive regulation of inflammasome-mediated signaling pathway",37,2,0.0540540540540541,6.12691987141326,2.94427743224406,0.0421645738731273,0.286602894686505,"Casp4,Nek9","positive regulation of inflammasome-mediated signaling pathway"
"GO:0051965","positive regulation of synapse assembly",88,3,0.0340909090909091,3.86413696435723,2.53914742485272,0.0430423840033457,0.286602894686505,"Amigo3,Nlgn1,Xlr4b","positive regulation of synapse assembly"
"GO:0007266","Rho protein signal transduction",149,4,0.0268456375838926,3.04289980190994,2.35944679368361,0.0433051977900329,0.286602894686505,"Kctd10,Itga3,Myoc,Cdc42ep4","Rho protein signal transduction"
"GO:0030278","regulation of ossification",150,4,0.0266666666666667,3.02261380323054,2.34388917248061,0.0441962997960442,0.288669335728479,"Rsad2,Osr2,Ecm1,Ptpn11","regulation of ossification"
"GO:0001736","establishment of planar polarity",38,2,0.0526315789473684,5.96568513795502,2.89001945803662,0.0442541018730883,0.288669335728479,"Ptk7,Cthrc1","establishment of planar polarity"
"GO:0007026","negative regulation of microtubule depolymerization",38,2,0.0526315789473684,5.96568513795502,2.89001945803662,0.0442541018730883,0.288669335728479,"Camsap1,Specc1l","negative regulation of microtubule depolymerization"
"GO:0030866","cortical actin cytoskeleton organization",38,2,0.0526315789473684,5.96568513795502,2.89001945803662,0.0442541018730883,0.288669335728479,"Tln1,Kcnc3","cortical actin cytoskeleton organization"
"GO:0051150","regulation of smooth muscle cell differentiation",38,2,0.0526315789473684,5.96568513795502,2.89001945803662,0.0442541018730883,0.288669335728479,"Rcan1,Fgfr2","regulation of smooth muscle cell differentiation"
"GO:0003281","ventricular septum development",89,3,0.0337078651685393,3.82071969509479,2.51487382964468,0.0442637887016007,0.288669335728479,"Ptk7,Fgfr2,Adamts19","ventricular septum development"
"GO:0032007","negative regulation of TOR signaling",89,3,0.0337078651685393,3.82071969509479,2.51487382964468,0.0442637887016007,0.288669335728479,"Tbk1,Depdc5,Otud7b","negative regulation of TOR signaling"
"GO:2001233","regulation of apoptotic signaling pathway",446,8,0.0179372197309417,2.03314829813714,2.07651919397623,0.0450748533305864,0.292239692353861,"Col2a1,Tmbim6,Steap3,Mmp2,Meis3,Snai1,Srpx,Hspa1a","regulation of apoptotic signaling pathway"
"GO:0032956","regulation of actin cytoskeleton organization",368,7,0.0190217391304348,2.15607642214135,2.10740230544815,0.0454975277035346,0.293831528946355,"Rnd3,Myoc,Slc4a2,Add1,Specc1l,Ssh3,Cdc42ep4","regulation of actin cytoskeleton organization"
"GO:0048488","synaptic vesicle endocytosis",90,3,0.0333333333333333,3.77826725403818,2.49095000518348,0.0455023561746645,0.293831528946355,"Dnm1,Kcnc3,Nlgn1","synaptic vesicle endocytosis"
"GO:0051592","response to calcium ion",152,4,0.0263157894736842,2.98284256897751,2.31315898494701,0.0460092748317785,0.293831528946355,"Add1,Itpkb,Cpne8,Nlgn1","response to calcium ion"
"GO:0002063","chondrocyte development",39,2,0.0512820512820513,5.81271885236643,2.83766443772972,0.0463813097996806,0.293831528946355,"Ecm1,Hoxa11","chondrocyte development"
"GO:0002369","T cell cytokine production",39,2,0.0512820512820513,5.81271885236643,2.83766443772972,0.0463813097996806,0.293831528946355,"Rsad2,Malt1","T cell cytokine production"
"GO:0002724","regulation of T cell cytokine production",39,2,0.0512820512820513,5.81271885236643,2.83766443772972,0.0463813097996806,0.293831528946355,"Rsad2,Malt1","regulation of T cell cytokine production"
"GO:0007164","establishment of tissue polarity",39,2,0.0512820512820513,5.81271885236643,2.83766443772972,0.0463813097996806,0.293831528946355,"Ptk7,Cthrc1","establishment of tissue polarity"
"GO:0018209","peptidyl-serine modification",39,2,0.0512820512820513,5.81271885236643,2.83766443772972,0.0463813097996806,0.293831528946355,"Tbk1,Crebl2","peptidyl-serine modification"
"GO:0031069","hair follicle morphogenesis",39,2,0.0512820512820513,5.81271885236643,2.83766443772972,0.0463813097996806,0.293831528946355,"Fgfr2,Snai1","hair follicle morphogenesis"
"GO:1902229","regulation of intrinsic apoptotic signaling pathway in response to DNA damage",39,2,0.0512820512820513,5.81271885236643,2.83766443772972,0.0463813097996806,0.293831528946355,"Steap3,Snai1","regulation of intrinsic apoptotic signaling pathway in response to DNA damage"
"GO:0046631","alpha-beta T cell activation",221,5,0.0226244343891403,2.56443478780872,2.20361454978843,0.046701569595939,0.293831528946355,"Tbk1,Rsad2,Slc4a2,Malt1,Itpkb","alpha-beta T cell activation"
"GO:0051963","regulation of synapse assembly",221,5,0.0226244343891403,2.56443478780872,2.20361454978843,0.046701569595939,0.293831528946355,"Samd4,Gpc4,Amigo3,Nlgn1,Xlr4b","regulation of synapse assembly"
"GO:0002702","positive regulation of production of molecular mediator of immune response",153,4,0.0261437908496732,2.9633468659123,2.29798237698123,0.0469311358283487,0.293831528946355,"Rsad2,Malt1,Casp4,Spon2","positive regulation of production of molecular mediator of immune response"
"GO:0048041","focal adhesion assembly",92,3,0.0326086956521739,3.69613100938518,2.4441146835374,0.0480306567926125,0.293831528946355,"Myoc,Thy1,Ptpn11","focal adhesion assembly"
"GO:0006644","phospholipid metabolic process",373,7,0.0187667560321716,2.12717459342632,2.06883292080426,0.0482803768950002,0.293831528946355,"Pip4k2b,Plpp1,Plce1,Pi4k2b,Plpp5,Itpkb,Mppe1","phospholipid metabolic process"
"GO:0000272","polysaccharide catabolic process",40,2,0.05,5.66740088105727,2.78709514010897,0.0485453766808588,0.293831528946355,"Gabarapl1,Stbd1","polysaccharide catabolic process"
"GO:0009595","detection of biotic stimulus",40,2,0.05,5.66740088105727,2.78709514010897,0.0485453766808588,0.293831528946355,"Casp4,Srpx","detection of biotic stimulus"
"GO:0046839","phospholipid dephosphorylation",40,2,0.05,5.66740088105727,2.78709514010897,0.0485453766808588,0.293831528946355,"Plpp1,Plpp5","phospholipid dephosphorylation"
"GO:0099174","regulation of presynapse organization",40,2,0.05,5.66740088105727,2.78709514010897,0.0485453766808588,0.293831528946355,"Gpc4,Nlgn1","regulation of presynapse organization"
"GO:0031345","negative regulation of cell projection organization",224,5,0.0223214285714286,2.53008967904342,2.16994368882153,0.04896772733699,0.293831528946355,"Itga3,Ifrd1,Thy1,Amigo3,Nlgn1","negative regulation of cell projection organization"
"GO:0032008","positive regulation of TOR signaling",93,3,0.032258064516129,3.65638766519824,2.42118555473253,0.0493202219973355,0.293831528946355,"Tbk1,Depdc5,Otud7b","positive regulation of TOR signaling"
"GO:0140238","presynaptic endocytosis",93,3,0.032258064516129,3.65638766519824,2.42118555473253,0.0493202219973355,0.293831528946355,"Dnm1,Kcnc3,Nlgn1","presynaptic endocytosis"
"GO:0006898","receptor-mediated endocytosis",298,6,0.0201342281879195,2.28217485143246,2.10036066142276,0.0493748785696897,0.293831528946355,"Gpr107,Tnk2,Rabgef1,Dnm1,Rspo1,Ramp3","receptor-mediated endocytosis"
