"Annot","Term","Annotated","Significant","RichFactor","FoldEnrichment","zscore","Pvalue","Padj","GeneID","ko","Level3","Level2","Level1","Description"
"04668","TNF signaling pathway",118,3,0.0254237288135593,7.96286141575274,4.3043485252224,0.00618000889457602,0.34434998393608,"Rps6ka5,Ccl5,Cxcl2","04668","TNF signaling pathway","Signal transduction","Environmental Information Processing","TNF signaling pathway"
"00620","Pyruvate metabolism",44,2,0.0454545454545455,14.2366310160428,4.97922721798874,0.00860715571118634,0.34434998393608,"Ldhd,Me1","00620","Pyruvate metabolism","Carbohydrate metabolism","Metabolism","Pyruvate metabolism"
"03460","Fanconi anemia pathway",52,2,0.0384615384615385,12.0463800904977,4.51901380206008,0.0118741373771062,0.34434998393608,"Eme1,Poln","03460","Fanconi anemia pathway","Replication and repair","Genetic Information Processing","Fanconi anemia pathway"
"05323","Rheumatoid arthritis",87,2,0.0229885057471264,7.20013522650439,3.2862544477731,0.0312564914727014,0.354413584541061,"Ccl5,Cxcl2","05323","Rheumatoid arthritis","Immune disease","Human Diseases","Rheumatoid arthritis"
"04621","NOD-like receptor signaling pathway",220,3,0.0136363636363636,4.27098930481283,2.77448647007277,0.0325262379941832,0.354413584541061,"Atg16l1,Ccl5,Cxcl2","04621","NOD-like receptor signaling pathway","Immune system","Organismal Systems","NOD-like receptor signaling pathway"
"03320","PPAR signaling pathway",89,2,0.0224719101123595,7.03833443489755,3.23738006124674,0.0325897549003274,0.354413584541061,"Acsl6,Me1","03320","PPAR signaling pathway","Endocrine system","Organismal Systems","PPAR signaling pathway"
"04061","Viral protein interaction with cytokine and cytokine receptor",95,2,0.0210526315789474,6.5938080495356,3.0993762285642,0.0367216044740433,0.354975509915752,"Ccl5,Cxcl2","04061","Viral protein interaction with cytokine and cytokine receptor","Signaling molecules and interaction","Environmental Information Processing","Viral protein interaction with cytokine and cytokine receptor"
"00533","Glycosaminoglycan biosynthesis - keratan sulfate",14,1,0.0714285714285714,22.3718487394958,4.52846320154402,0.0438093264860752,0.366347036378505,"B3gnt2","00533","Glycosaminoglycan biosynthesis - keratan sulfate","Glycan biosynthesis and metabolism","Metabolism","Glycosaminoglycan biosynthesis - keratan sulfate"
"05146","Amoebiasis",108,2,0.0185185185185185,5.80010893246187,2.83749787421133,0.046319740231765,0.366347036378505,"Serpinb9b,Cxcl2","05146","Amoebiasis","Infectious disease: parasitic","Human Diseases","Amoebiasis"
