"Annot","Term","Annotated","Significant","RichFactor","FoldEnrichment","zscore","Pvalue","Padj","GeneID","Description"
"GO:0071347","cellular response to interleukin-1",92,4,0.0434782608695652,13.6426299045599,6.86880036161121,0.000216313000962729,0.231354572755939,"Rps6ka5,Ccl5,Akap12,Cxcl2","cellular response to interleukin-1"
"GO:0070555","response to interleukin-1",113,4,0.0353982300884956,11.1072739045975,6.08836597052699,0.000473850826514436,0.231354572755939,"Rps6ka5,Ccl5,Akap12,Cxcl2","response to interleukin-1"
"GO:0006261","DNA-templated DNA replication",155,4,0.0258064516129032,8.09756097560976,5.011396753804,0.0015386564543847,0.231354572755939,"Cdc7,Eme1,Polg,Poln","DNA-templated DNA replication"
"GO:1901568","fatty acid derivative metabolic process",72,3,0.0416666666666667,13.0741869918699,5.80102012906536,0.001588031353133,0.231354572755939,"Acsl6,Awat2,Nudt8","fatty acid derivative metabolic process"
"GO:0006260","DNA replication",275,5,0.0181818181818182,5.70509977827051,4.43547628014734,0.00187718274885453,0.231354572755939,"Cdc7,Recql4,Eme1,Polg,Poln","DNA replication"
"GO:0015936","coenzyme A metabolic process",22,2,0.0909090909090909,28.5254988913525,7.30304574734211,0.00222363528015566,0.231354572755939,"Coasy,Nudt8","coenzyme A metabolic process"
"GO:0032361","pyridoxal phosphate catabolic process",1,1,1,313.780487804878,17.6856011434409,0.00318694131364161,0.231354572755939,"Pdxp","pyridoxal phosphate catabolic process"
"GO:0035687","T-helper 1 cell extravasation",1,1,1,313.780487804878,17.6856011434409,0.00318694131364161,0.231354572755939,"Ccl5","T-helper 1 cell extravasation"
"GO:0035688","T-helper 1 cell diapedesis",1,1,1,313.780487804878,17.6856011434409,0.00318694131364161,0.231354572755939,"Ccl5","T-helper 1 cell diapedesis"
"GO:0035689","chemokine (C-C motif) ligand 5 signaling pathway",1,1,1,313.780487804878,17.6856011434409,0.00318694131364161,0.231354572755939,"Ccl5","chemokine (C-C motif) ligand 5 signaling pathway"
"GO:0042820","vitamin B6 catabolic process",1,1,1,313.780487804878,17.6856011434409,0.00318694131364161,0.231354572755939,"Pdxp","vitamin B6 catabolic process"
"GO:1902955","positive regulation of early endosome to recycling endosome transport",1,1,1,313.780487804878,17.6856011434409,0.00318694131364161,0.231354572755939,"Sorl1","positive regulation of early endosome to recycling endosome transport"
"GO:1902997","negative regulation of neurofibrillary tangle assembly",1,1,1,313.780487804878,17.6856011434409,0.00318694131364161,0.231354572755939,"Sorl1","negative regulation of neurofibrillary tangle assembly"
"GO:1903457","lactate catabolic process",1,1,1,313.780487804878,17.6856011434409,0.00318694131364161,0.231354572755939,"Ldhd","lactate catabolic process"
"GO:0003272","endocardial cushion formation",28,2,0.0714285714285714,22.4128919860627,6.41006612279622,0.00359388652512512,0.231354572755939,"Heyl,Nog","endocardial cushion formation"
"GO:0006302","double-strand break repair",323,5,0.0154798761609907,4.85728309295477,3.94455220534153,0.00374849716637626,0.231354572755939,"Spo11,Cdc7,Recql4,Eme1,Poln","double-strand break repair"
"GO:1901293","nucleoside phosphate biosynthetic process",329,5,0.0151975683890578,4.76870042256654,3.89005539021387,0.00405190983462215,0.231354572755939,"Coasy,Acsl6,Gne,Ldhd,Nme5","nucleoside phosphate biosynthetic process"
"GO:0007286","spermatid development",334,5,0.0149700598802395,4.69731269168979,3.84563784422775,0.00431787940990116,0.231354572755939,"Spo11,Dnah12,Nme5,Cep128,Acrbp","spermatid development"
"GO:0035337","fatty-acyl-CoA metabolic process",31,2,0.0645161290322581,20.2439024390244,6.06188242160044,0.00439378553466345,0.231354572755939,"Acsl6,Nudt8","fatty-acyl-CoA metabolic process"
"GO:0060317","cardiac epithelial to mesenchymal transition",33,2,0.0606060606060606,19.0169992609017,5.85584867886383,0.00496855127516347,0.231354572755939,"Heyl,Nog","cardiac epithelial to mesenchymal transition"
"GO:0048515","spermatid differentiation",346,5,0.0144508670520231,4.53440011278725,3.74253059535985,0.0050067979873505,0.231354572755939,"Spo11,Dnah12,Nme5,Cep128,Acrbp","spermatid differentiation"
"GO:0006310","DNA recombination",348,5,0.014367816091954,4.50834034202411,3.72580436050142,0.00512877684924357,0.231354572755939,"Spo11,Cdc7,Recql4,Eme1,Poln","DNA recombination"
"GO:0019079","viral genome replication",110,3,0.0272727272727273,8.55764966740577,4.49143546067467,0.00526970416069189,0.231354572755939,"Atg16l1,Ilf3,Ccl5","viral genome replication"
"GO:1901570","fatty acid derivative biosynthetic process",38,2,0.0526315789473684,16.5147625160462,5.4116487580688,0.00654756421574434,0.231354572755939,"Acsl6,Awat2","fatty acid derivative biosynthetic process"
"GO:0001835","blastocyst hatching",39,2,0.0512820512820513,16.0913070669168,5.332861220936,0.00688730005139375,0.231354572755939,"Bcor,Slc25a34","blastocyst hatching"
"GO:0003203","endocardial cushion morphogenesis",39,2,0.0512820512820513,16.0913070669168,5.332861220936,0.00688730005139375,0.231354572755939,"Heyl,Nog","endocardial cushion morphogenesis"
"GO:0035188","hatching",39,2,0.0512820512820513,16.0913070669168,5.332861220936,0.00688730005139375,0.231354572755939,"Bcor,Slc25a34","hatching"
"GO:0071684","organism emergence from protective structure",39,2,0.0512820512820513,16.0913070669168,5.332861220936,0.00688730005139375,0.231354572755939,"Bcor,Slc25a34","organism emergence from protective structure"
"GO:1903900","regulation of viral life cycle",124,3,0.0241935483870968,7.59146341463415,4.1601926758604,0.00733526566191852,0.231354572755939,"Ilf3,Ccl5,Clec4g","regulation of viral life cycle"
"GO:0019058","viral life cycle",249,4,0.0160642570281124,5.04065040650406,3.62271645790824,0.00830586725464748,0.231354572755939,"Atg16l1,Ilf3,Ccl5,Clec4g","viral life cycle"
"GO:0060294","cilium movement involved in cell motility",263,4,0.0152091254752852,4.77232681072058,3.47688172666617,0.010011431896409,0.231354572755939,"Dnah12,Nme5,Dnah14,Cep128","cilium movement involved in cell motility"
"GO:0072522","purine-containing compound biosynthetic process",264,4,0.0151515151515152,4.75424981522543,3.46686069549057,0.0101412951757813,0.231354572755939,"Coasy,Acsl6,Ldhd,Nme5","purine-containing compound biosynthetic process"
"GO:0001539","cilium or flagellum-dependent cell motility",267,4,0.0149812734082397,4.7008312779757,3.43709676266825,0.0105374407371044,0.231354572755939,"Dnah12,Nme5,Dnah14,Cep128","cilium or flagellum-dependent cell motility"
"GO:0060285","cilium-dependent cell motility",267,4,0.0149812734082397,4.7008312779757,3.43709676266825,0.0105374407371044,0.231354572755939,"Dnah12,Nme5,Dnah14,Cep128","cilium-dependent cell motility"
"GO:0030326","embryonic limb morphogenesis",147,3,0.0204081632653061,6.40368342458935,3.71504823634832,0.0116447618343742,0.231354572755939,"Lmbr1,Wdr19,Nog","embryonic limb morphogenesis"
"GO:0035113","embryonic appendage morphogenesis",147,3,0.0204081632653061,6.40368342458935,3.71504823634832,0.0116447618343742,0.231354572755939,"Lmbr1,Wdr19,Nog","embryonic appendage morphogenesis"
"GO:0003197","endocardial cushion development",52,2,0.0384615384615385,12.0684803001876,4.51752638907057,0.0119998637534041,0.231354572755939,"Heyl,Nog","endocardial cushion development"
"GO:0045071","negative regulation of viral genome replication",53,2,0.0377358490566038,11.8407731247124,4.46701773834093,0.0124448982509995,0.231354572755939,"Ilf3,Ccl5","negative regulation of viral genome replication"
"GO:0060412","ventricular septum morphogenesis",53,2,0.0377358490566038,11.8407731247124,4.46701773834093,0.0124448982509995,0.231354572755939,"Heyl,Nog","ventricular septum morphogenesis"
"GO:0035640","exploration behavior",55,2,0.0363636363636364,11.410199556541,4.36995334677918,0.013356353733469,0.231354572755939,"Jph3,Nog","exploration behavior"
"GO:0006639","acylglycerol metabolic process",157,3,0.0191082802547771,5.99580549945627,3.55022710836334,0.0138876557234996,0.231354572755939,"Acsl6,Awat2,Sorl1","acylglycerol metabolic process"
"GO:0050792","regulation of viral process",158,3,0.0189873417721519,5.95785736338376,3.53453145385515,0.0141245021791181,0.231354572755939,"Ilf3,Ccl5,Clec4g","regulation of viral process"
"GO:0006638","neutral lipid metabolic process",159,3,0.0188679245283019,5.92038656235619,3.51896993993827,0.0143636440534204,0.231354572755939,"Acsl6,Awat2,Sorl1","neutral lipid metabolic process"
"GO:0007131","reciprocal meiotic recombination",58,2,0.0344827586206897,10.8200168208579,4.23338730979455,0.0147762731700717,0.231354572755939,"Spo11,Eme1","reciprocal meiotic recombination"
"GO:0140527","reciprocal homologous recombination",58,2,0.0344827586206897,10.8200168208579,4.23338730979455,0.0147762731700717,0.231354572755939,"Spo11,Eme1","reciprocal homologous recombination"
"GO:0090101","negative regulation of transmembrane receptor protein serine/threonine kinase signaling pathway",162,3,0.0185185185185185,5.81074977416441,3.47306989706696,0.015094869184356,0.231354572755939,"Arid4a,Nog,Sorl1","negative regulation of transmembrane receptor protein serine/threonine kinase signaling pathway"
"GO:0046460","neutral lipid biosynthetic process",59,2,0.0338983050847458,10.6366267052501,4.19006997323634,0.0152634495885468,0.231354572755939,"Acsl6,Awat2","neutral lipid biosynthetic process"
"GO:0046463","acylglycerol biosynthetic process",59,2,0.0338983050847458,10.6366267052501,4.19006997323634,0.0152634495885468,0.231354572755939,"Acsl6,Awat2","acylglycerol biosynthetic process"
"GO:0072132","mesenchyme morphogenesis",60,2,0.0333333333333333,10.4593495934959,4.14777886390193,0.0157574812086808,0.231354572755939,"Heyl,Nog","mesenchyme morphogenesis"
"GO:0006790","sulfur compound metabolic process",302,4,0.0132450331125828,4.15603295105799,3.11946793695987,0.0159132774911492,0.231354572755939,"Coasy,Acsl6,Gsta3,Nudt8","sulfur compound metabolic process"
"GO:0016032","viral process",303,4,0.0132013201320132,4.14231667069146,3.11110973175224,0.0160879751516224,0.232108954477605,"Atg16l1,Ilf3,Ccl5,Clec4g","viral process"
"GO:0007062","sister chromatid cohesion",61,2,0.0327868852459016,10.2878848460616,4.10647224590771,0.0162583205116684,0.232789589144343,"Recql4,Stag1","sister chromatid cohesion"
"GO:0000280","nuclear division",467,5,0.0107066381156317,3.35953413067321,2.90960390028506,0.0168011593067142,0.234357202524399,"Spo11,Stag1,Eme1,Hsf5,Pdxp","nuclear division"
"GO:0003341","cilium movement",309,4,0.0129449838187702,4.06188333727997,3.06170392478066,0.017161566847312,0.234357202524399,"Dnah12,Nme5,Dnah14,Cep128","cilium movement"
"GO:0007140","male meiotic nuclear division",63,2,0.0317460317460317,9.96128532713898,4.02665713997119,0.0172802332237531,0.234357202524399,"Spo11,Hsf5","male meiotic nuclear division"
"GO:0045005","DNA-templated DNA replication maintenance of fidelity",63,2,0.0317460317460317,9.96128532713898,4.02665713997119,0.0172802332237531,0.234357202524399,"Eme1,Polg","DNA-templated DNA replication maintenance of fidelity"
"GO:0030514","negative regulation of BMP signaling pathway",64,2,0.03125,9.80564024390244,3.98807628939806,0.0178012127252125,0.234357202524399,"Nog,Sorl1","negative regulation of BMP signaling pathway"
"GO:0043604","amide biosynthetic process",174,3,0.0172413793103448,5.41000841042893,3.30034415103941,0.0182278601927471,0.234357202524399,"Coasy,Acsl6,Gne","amide biosynthetic process"
"GO:0035825","homologous recombination",65,2,0.0307692307692308,9.65478424015009,3.95033491031906,0.0183288120923932,0.234357202524399,"Spo11,Eme1","homologous recombination"
"GO:0072073","kidney epithelium development",175,3,0.0171428571428571,5.37909407665505,3.28667668606771,0.0185040369230098,0.234357202524399,"Gsta3,Heyl,Nog","kidney epithelium development"
"GO:0120316","sperm flagellum assembly",66,2,0.0303030303030303,9.50849963045085,3.91340148949269,0.0188629849308927,0.234357202524399,"Dnah12,Cep128","sperm flagellum assembly"
"GO:0035107","appendage morphogenesis",181,3,0.0165745856353591,5.20078156582671,3.20681614134824,0.0202100473041624,0.244251908071148,"Lmbr1,Wdr19,Nog","appendage morphogenesis"
"GO:0035108","limb morphogenesis",181,3,0.0165745856353591,5.20078156582671,3.20681614134824,0.0202100473041624,0.244251908071148,"Lmbr1,Wdr19,Nog","limb morphogenesis"
"GO:0007613","memory",184,3,0.016304347826087,5.11598621420997,3.16820296631779,0.0210945610619227,0.244251908071148,"Rin1,Jph3,Nog","memory"
"GO:0000724","double-strand break repair via homologous recombination",185,3,0.0162162162162162,5.0883322346737,3.155518415,0.0213940714032518,0.244251908071148,"Cdc7,Recql4,Poln","double-strand break repair via homologous recombination"
"GO:0002707","negative regulation of lymphocyte mediated immunity",73,2,0.0273972602739726,8.59672569328433,3.67516265729961,0.0227824012800203,0.244404559204174,"Serpinb9b,Clec4g","negative regulation of lymphocyte mediated immunity"
"GO:0042733","embryonic digit morphogenesis",73,2,0.0273972602739726,8.59672569328433,3.67516265729961,0.0227824012800203,0.244404559204174,"Lmbr1,Nog","embryonic digit morphogenesis"
"GO:0000725","recombinational repair",190,3,0.0157894736842105,4.95442875481386,3.09344028297394,0.0229266827009095,0.244404559204174,"Cdc7,Recql4,Poln","recombinational repair"
"GO:0071772","response to BMP",191,3,0.0157068062827225,4.92848933724939,3.08128553707188,0.0232402180339289,0.244404559204174,"Heyl,Nog,Sorl1","response to BMP"
"GO:0071773","cellular response to BMP stimulus",191,3,0.0157068062827225,4.92848933724939,3.08128553707188,0.0232402180339289,0.244404559204174,"Heyl,Nog,Sorl1","cellular response to BMP stimulus"
"GO:0048255","mRNA stabilization",76,2,0.0263157894736842,8.25738125802311,3.58262058502559,0.0245562051038983,0.244404559204174,"Vip,Dnd1","mRNA stabilization"
"GO:0032835","glomerulus development",78,2,0.0256410256410256,8.04565353345841,3.52370543289143,0.0257692026367168,0.244439032718474,"Heyl,Nog","glomerulus development"
"GO:0051607","defense response to virus",351,4,0.0113960113960114,3.57584601487041,2.7474375507517,0.0259318004122226,0.244439032718474,"Atg16l1,Ilf3,Ccl5,Fv1","defense response to virus"
"GO:0099175","regulation of postsynapse organization",200,3,0.015,4.70670731707317,2.97556548815112,0.0261671994957839,0.244439032718474,"Ncan,Rps6ka5,Psd","regulation of postsynapse organization"
"GO:0048168","regulation of neuronal synaptic plasticity",79,2,0.0253164556962025,7.94380981784501,3.49502945371041,0.0263847085307043,0.244439032718474,"Jph3,Nog","regulation of neuronal synaptic plasticity"
"GO:0048525","negative regulation of viral process",82,2,0.024390243902439,7.65318262938727,3.41193890371142,0.0282667349450906,0.244439032718474,"Ilf3,Ccl5","negative regulation of viral process"
"GO:0003208","cardiac ventricle morphogenesis",83,2,0.0240963855421687,7.5609756097561,3.38517255133075,0.0289057701642113,0.248326843683451,"Heyl,Nog","cardiac ventricle morphogenesis"
"GO:0045069","regulation of viral genome replication",85,2,0.0235294117647059,7.38307030129125,3.33295435471798,0.0302011247091936,0.251355993033106,"Ilf3,Ccl5","regulation of viral genome replication"
"GO:0007612","learning",212,3,0.0141509433962264,4.44028992176714,2.84401108158328,0.03036370358056,0.251355993033106,"Rin1,Jph3,Nog","learning"
"GO:0007611","learning or memory",369,4,0.010840108401084,3.4014145019499,2.62717348438344,0.0303837280191292,0.251355993033106,"Vip,Rin1,Jph3,Nog","learning or memory"
"GO:0002704","negative regulation of leukocyte mediated immunity",86,2,0.0232558139534884,7.29722064662507,3.30747735467409,0.0308573595849651,0.251355993033106,"Serpinb9b,Clec4g","negative regulation of leukocyte mediated immunity"
"GO:1904888","cranial skeletal system development",86,2,0.0232558139534884,7.29722064662507,3.30747735467409,0.0308573595849651,0.251355993033106,"Wdr19,Nog","cranial skeletal system development"
"GO:0003149","membranous septum morphogenesis",10,1,0.1,31.3780487804878,5.43270371208172,0.0314216462164775,0.251355993033106,"Nog","membranous septum morphogenesis"
"GO:0035338","long-chain fatty-acyl-CoA biosynthetic process",10,1,0.1,31.3780487804878,5.43270371208172,0.0314216462164775,0.251355993033106,"Acsl6","long-chain fatty-acyl-CoA biosynthetic process"
"GO:0042270","protection from natural killer cell mediated cytotoxicity",10,1,0.1,31.3780487804878,5.43270371208172,0.0314216462164775,0.251355993033106,"Serpinb9b","protection from natural killer cell mediated cytotoxicity"
"GO:0051823","regulation of synapse structural plasticity",10,1,0.1,31.3780487804878,5.43270371208172,0.0314216462164775,0.251355993033106,"Ncan","regulation of synapse structural plasticity"
"GO:0060513","prostatic bud formation",10,1,0.1,31.3780487804878,5.43270371208172,0.0314216462164775,0.251355993033106,"Nog","prostatic bud formation"
"GO:0062042","regulation of cardiac epithelial to mesenchymal transition",10,1,0.1,31.3780487804878,5.43270371208172,0.0314216462164775,0.251355993033106,"Nog","regulation of cardiac epithelial to mesenchymal transition"
"GO:0070528","protein kinase C signaling",10,1,0.1,31.3780487804878,5.43270371208172,0.0314216462164775,0.251355993033106,"Akap12","protein kinase C signaling"
"GO:0071888","macrophage apoptotic process",10,1,0.1,31.3780487804878,5.43270371208172,0.0314216462164775,0.251355993033106,"Ccl5","macrophage apoptotic process"
"GO:0060411","cardiac septum morphogenesis",87,2,0.0229885057471264,7.21334454723858,3.28240582313319,0.031519243570818,0.251355993033106,"Heyl,Nog","cardiac septum morphogenesis"
"GO:1902373","negative regulation of mRNA catabolic process",87,2,0.0229885057471264,7.21334454723858,3.28240582313319,0.031519243570818,0.251355993033106,"Vip,Dnd1","negative regulation of mRNA catabolic process"
"GO:0003281","ventricular septum development",89,2,0.0224719101123595,7.05124691696355,3.23343418512914,0.032859792217953,0.251827166510943,"Heyl,Nog","ventricular septum development"
"GO:0071356","cellular response to tumor necrosis factor",220,3,0.0136363636363636,4.27882483370288,2.76163293887648,0.0333470491474584,0.251827166510943,"Anxa4,Ccl5,Akap12","cellular response to tumor necrosis factor"
"GO:0140013","meiotic nuclear division",220,3,0.0136363636363636,4.27882483370288,2.76163293887648,0.0333470491474584,0.251827166510943,"Spo11,Eme1,Hsf5","meiotic nuclear division"
"GO:0001822","kidney development",382,4,0.0104712041884817,3.28565955816626,2.54485477263306,0.0338640097750468,0.251827166510943,"Gsta3,Anxa4,Heyl,Nog","kidney development"
"GO:0048736","appendage development",222,3,0.0135135135135135,4.24027686222808,2.7416501141575,0.0341159719341049,0.251827166510943,"Lmbr1,Wdr19,Nog","appendage development"
"GO:0060173","limb development",222,3,0.0135135135135135,4.24027686222808,2.7416501141575,0.0341159719341049,0.251827166510943,"Lmbr1,Wdr19,Nog","limb development"
"GO:0001960","negative regulation of cytokine-mediated signaling pathway",91,2,0.021978021978022,6.89627445725007,3.18595379330896,0.0342224393632882,0.251827166510943,"Anxa4,Ccl5","negative regulation of cytokine-mediated signaling pathway"
"GO:0006183","GTP biosynthetic process",11,1,0.0909090909090909,28.5254988913525,5.16292872629869,0.0345096487440922,0.251827166510943,"Nme5","GTP biosynthetic process"
"GO:0007618","mating",11,1,0.0909090909090909,28.5254988913525,5.16292872629869,0.0345096487440922,0.251827166510943,"Nme5","mating"
"GO:0031620","regulation of fever generation",11,1,0.0909090909090909,28.5254988913525,5.16292872629869,0.0345096487440922,0.251827166510943,"Ccl5","regulation of fever generation"
"GO:0045050","protein insertion into ER membrane by stop-transfer membrane-anchor sequence",11,1,0.0909090909090909,28.5254988913525,5.16292872629869,0.0345096487440922,0.251827166510943,"Emc1","protein insertion into ER membrane by stop-transfer membrane-anchor sequence"
"GO:0046051","UTP metabolic process",11,1,0.0909090909090909,28.5254988913525,5.16292872629869,0.0345096487440922,0.251827166510943,"Nme5","UTP metabolic process"
"GO:0048318","axial mesoderm development",11,1,0.0909090909090909,28.5254988913525,5.16292872629869,0.0345096487440922,0.251827166510943,"Nog","axial mesoderm development"
"GO:0060405","regulation of penile erection",11,1,0.0909090909090909,28.5254988913525,5.16292872629869,0.0345096487440922,0.251827166510943,"Vip","regulation of penile erection"
"GO:0070099","regulation of chemokine-mediated signaling pathway",11,1,0.0909090909090909,28.5254988913525,5.16292872629869,0.0345096487440922,0.251827166510943,"Ccl5","regulation of chemokine-mediated signaling pathway"
"GO:0070863","positive regulation of protein exit from endoplasmic reticulum",11,1,0.0909090909090909,28.5254988913525,5.16292872629869,0.0345096487440922,0.251827166510943,"Sorl1","positive regulation of protein exit from endoplasmic reticulum"
"GO:0090184","positive regulation of kidney development",11,1,0.0909090909090909,28.5254988913525,5.16292872629869,0.0345096487440922,0.251827166510943,"Nog","positive regulation of kidney development"
"GO:0099562","maintenance of postsynaptic density structure",11,1,0.0909090909090909,28.5254988913525,5.16292872629869,0.0345096487440922,0.251827166510943,"Psd","maintenance of postsynaptic density structure"
"GO:1902031","regulation of NADP metabolic process",11,1,0.0909090909090909,28.5254988913525,5.16292872629869,0.0345096487440922,0.251827166510943,"Me1","regulation of NADP metabolic process"
"GO:1902965","regulation of protein localization to early endosome",11,1,0.0909090909090909,28.5254988913525,5.16292872629869,0.0345096487440922,0.251827166510943,"Sorl1","regulation of protein localization to early endosome"
"GO:1902966","positive regulation of protein localization to early endosome",11,1,0.0909090909090909,28.5254988913525,5.16292872629869,0.0345096487440922,0.251827166510943,"Sorl1","positive regulation of protein localization to early endosome"
"GO:0003151","outflow tract morphogenesis",92,2,0.0217391304347826,6.82131495227996,3.16274782629297,0.0349119472258524,0.252815586656006,"Heyl,Nog","outflow tract morphogenesis"
"GO:0048608","reproductive structure development",386,4,0.0103626943005181,3.25161127258941,2.52023543664372,0.0349799135604411,0.252815586656006,"Spo11,Wdr19,Arid4a,Nog","reproductive structure development"
"GO:0061458","reproductive system development",391,4,0.010230179028133,3.2100305657788,2.48990943192923,0.0364047056834313,0.252815586656006,"Spo11,Wdr19,Arid4a,Nog","reproductive system development"
"GO:0141188","nucleic acid catabolic process",393,4,0.0101781170483461,3.19369453236517,2.47791531248235,0.0369839409557724,0.252815586656006,"Vip,Nme5,Pnrc1,Dnd1","nucleic acid catabolic process"
"GO:0060761","negative regulation of response to cytokine stimulus",95,2,0.0210526315789474,6.60590500641848,3.09515571667367,0.0370127200571751,0.252815586656006,"Anxa4,Ccl5","negative regulation of response to cytokine stimulus"
"GO:0061053","somite development",95,2,0.0210526315789474,6.60590500641848,3.09515571667367,0.0370127200571751,0.252815586656006,"Wdr19,Nog","somite development"
"GO:0072001","renal system development",395,4,0.010126582278481,3.17752392713801,2.46599763927217,0.0375685059597661,0.252815586656006,"Gsta3,Anxa4,Heyl,Nog","renal system development"
"GO:0000727","double-strand break repair via break-induced replication",12,1,0.0833333333333333,26.1483739837398,4.92689792119215,0.0375879258467395,0.252815586656006,"Cdc7","double-strand break repair via break-induced replication"
"GO:0006241","CTP biosynthetic process",12,1,0.0833333333333333,26.1483739837398,4.92689792119215,0.0375879258467395,0.252815586656006,"Nme5","CTP biosynthetic process"
"GO:0015911","long-chain fatty acid import across plasma membrane",12,1,0.0833333333333333,26.1483739837398,4.92689792119215,0.0375879258467395,0.252815586656006,"Acsl6","long-chain fatty acid import across plasma membrane"
"GO:0015937","coenzyme A biosynthetic process",12,1,0.0833333333333333,26.1483739837398,4.92689792119215,0.0375879258467395,0.252815586656006,"Coasy","coenzyme A biosynthetic process"
"GO:0033262","regulation of nuclear cell cycle DNA replication",12,1,0.0833333333333333,26.1483739837398,4.92689792119215,0.0375879258467395,0.252815586656006,"Cdc7","regulation of nuclear cell cycle DNA replication"
"GO:0033632","regulation of cell-cell adhesion mediated by integrin",12,1,0.0833333333333333,26.1483739837398,4.92689792119215,0.0375879258467395,0.252815586656006,"Ccl5","regulation of cell-cell adhesion mediated by integrin"
"GO:0043084","penile erection",12,1,0.0833333333333333,26.1483739837398,4.92689792119215,0.0375879258467395,0.252815586656006,"Vip","penile erection"
"GO:0043922","host-mediated suppression of viral transcription",12,1,0.0833333333333333,26.1483739837398,4.92689792119215,0.0375879258467395,0.252815586656006,"Ccl5","host-mediated suppression of viral transcription"
"GO:0046949","fatty-acyl-CoA biosynthetic process",12,1,0.0833333333333333,26.1483739837398,4.92689792119215,0.0375879258467395,0.252815586656006,"Acsl6","fatty-acyl-CoA biosynthetic process"
"GO:0060628","regulation of ER to Golgi vesicle-mediated transport",12,1,0.0833333333333333,26.1483739837398,4.92689792119215,0.0375879258467395,0.252815586656006,"Sorl1","regulation of ER to Golgi vesicle-mediated transport"
"GO:0070445","regulation of oligodendrocyte progenitor proliferation",12,1,0.0833333333333333,26.1483739837398,4.92689792119215,0.0375879258467395,0.252815586656006,"Nog","regulation of oligodendrocyte progenitor proliferation"
"GO:0090084","negative regulation of inclusion body assembly",12,1,0.0833333333333333,26.1483739837398,4.92689792119215,0.0375879258467395,0.252815586656006,"Sorl1","negative regulation of inclusion body assembly"
"GO:1903441","protein localization to ciliary membrane",12,1,0.0833333333333333,26.1483739837398,4.92689792119215,0.0375879258467395,0.252815586656006,"Wdr19","protein localization to ciliary membrane"
"GO:0050777","negative regulation of immune response",233,3,0.0128755364806867,4.04009211765937,2.63579596641525,0.0385090217023988,0.256135998994641,"Serpinb9b,Trafd1,Clec4g","negative regulation of immune response"
"GO:0043489","RNA stabilization",98,2,0.0204081632653061,6.40368342458935,3.03042343414389,0.0391610222438642,0.256135998994641,"Vip,Dnd1","RNA stabilization"
"GO:0044458","motile cilium assembly",98,2,0.0204081632653061,6.40368342458935,3.03042343414389,0.0391610222438642,0.256135998994641,"Dnah12,Cep128","motile cilium assembly"
"GO:0046718","symbiont entry into host cell",99,2,0.0202020202020202,6.3389997536339,3.00944457950447,0.0398874992129835,0.256135998994641,"Ilf3,Clec4g","symbiont entry into host cell"
"GO:0009952","anterior/posterior pattern specification",238,3,0.0126050420168067,3.9552162328346,2.58980708385284,0.0405969830213121,0.256135998994641,"Bhlhe40,Heyl,Nog","anterior/posterior pattern specification"
"GO:0006047","UDP-N-acetylglucosamine metabolic process",13,1,0.0769230769230769,24.1369606003752,4.71801652757557,0.0406565077769272,0.256135998994641,"Gne","UDP-N-acetylglucosamine metabolic process"
"GO:0009209","pyrimidine ribonucleoside triphosphate biosynthetic process",13,1,0.0769230769230769,24.1369606003752,4.71801652757557,0.0406565077769272,0.256135998994641,"Nme5","pyrimidine ribonucleoside triphosphate biosynthetic process"
"GO:0030836","positive regulation of actin filament depolymerization",13,1,0.0769230769230769,24.1369606003752,4.71801652757557,0.0406565077769272,0.256135998994641,"Pdxp","positive regulation of actin filament depolymerization"
"GO:0033085","negative regulation of T cell differentiation in thymus",13,1,0.0769230769230769,24.1369606003752,4.71801652757557,0.0406565077769272,0.256135998994641,"Clec4g","negative regulation of T cell differentiation in thymus"
"GO:0046349","amino sugar biosynthetic process",13,1,0.0769230769230769,24.1369606003752,4.71801652757557,0.0406565077769272,0.256135998994641,"Gne","amino sugar biosynthetic process"
"GO:0048241","epinephrine transport",13,1,0.0769230769230769,24.1369606003752,4.71801652757557,0.0406565077769272,0.256135998994641,"Vip","epinephrine transport"
"GO:0048570","notochord morphogenesis",13,1,0.0769230769230769,24.1369606003752,4.71801652757557,0.0406565077769272,0.256135998994641,"Nog","notochord morphogenesis"
"GO:0060272","embryonic skeletal joint morphogenesis",13,1,0.0769230769230769,24.1369606003752,4.71801652757557,0.0406565077769272,0.256135998994641,"Nog","embryonic skeletal joint morphogenesis"
"GO:0060601","lateral sprouting from an epithelium",13,1,0.0769230769230769,24.1369606003752,4.71801652757557,0.0406565077769272,0.256135998994641,"Nog","lateral sprouting from an epithelium"
"GO:0061626","pharyngeal arch artery morphogenesis",13,1,0.0769230769230769,24.1369606003752,4.71801652757557,0.0406565077769272,0.256135998994641,"Nog","pharyngeal arch artery morphogenesis"
"GO:0070170","regulation of tooth mineralization",13,1,0.0769230769230769,24.1369606003752,4.71801652757557,0.0406565077769272,0.256135998994641,"Bcor","regulation of tooth mineralization"
"GO:0072014","proximal tubule development",13,1,0.0769230769230769,24.1369606003752,4.71801652757557,0.0406565077769272,0.256135998994641,"Heyl","proximal tubule development"
"GO:0044409","symbiont entry into host",102,2,0.0196078431372549,6.15255858440937,2.9482023890519,0.042097508125102,0.2581942271003,"Ilf3,Clec4g","symbiont entry into host"
"GO:0034612","response to tumor necrosis factor",243,3,0.0123456790123457,3.87383318277627,2.54505375440891,0.0427413930496071,0.2581942271003,"Anxa4,Ccl5,Akap12","response to tumor necrosis factor"
"GO:0050679","positive regulation of epithelial cell proliferation",243,3,0.0123456790123457,3.87383318277627,2.54505375440891,0.0427413930496071,0.2581942271003,"Vip,Ccl5,Nog","positive regulation of epithelial cell proliferation"
"GO:0030317","flagellated sperm motility",244,3,0.0122950819672131,3.85795681727309,2.53624593179047,0.0431770142498397,0.2581942271003,"Dnah12,Nme5,Cep128","flagellated sperm motility"
"GO:0097722","sperm motility",245,3,0.0122448979591837,3.84221005475361,2.52748462199536,0.0436148741527603,0.2581942271003,"Dnah12,Nme5,Cep128","sperm motility"
"GO:0050807","regulation of synapse organization",415,4,0.00963855421686747,3.02439024390244,2.35082848986578,0.0437077379921023,0.2581942271003,"Ncan,Rps6ka5,Psd,Pdxp","regulation of synapse organization"
"GO:0050890","cognition",415,4,0.00963855421686747,3.02439024390244,2.35082848986578,0.0437077379921023,0.2581942271003,"Vip,Rin1,Jph3,Nog","cognition"
"GO:0001660","fever generation",14,1,0.0714285714285714,22.4128919860627,4.53136726279135,0.0437154246942307,0.2581942271003,"Ccl5","fever generation"
"GO:0001840","neural plate development",14,1,0.0714285714285714,22.4128919860627,4.53136726279135,0.0437154246942307,0.2581942271003,"Nog","neural plate development"
"GO:0002551","mast cell chemotaxis",14,1,0.0714285714285714,22.4128919860627,4.53136726279135,0.0437154246942307,0.2581942271003,"Ccl5","mast cell chemotaxis"
"GO:0006104","succinyl-CoA metabolic process",14,1,0.0714285714285714,22.4128919860627,4.53136726279135,0.0437154246942307,0.2581942271003,"Nudt8","succinyl-CoA metabolic process"
"GO:0031652","positive regulation of heat generation",14,1,0.0714285714285714,22.4128919860627,4.53136726279135,0.0437154246942307,0.2581942271003,"Ccl5","positive regulation of heat generation"
"GO:0045141","meiotic telomere clustering",14,1,0.0714285714285714,22.4128919860627,4.53136726279135,0.0437154246942307,0.2581942271003,"Spo11","meiotic telomere clustering"
"GO:0046036","CTP metabolic process",14,1,0.0714285714285714,22.4128919860627,4.53136726279135,0.0437154246942307,0.2581942271003,"Nme5","CTP metabolic process"
"GO:0070444","oligodendrocyte progenitor proliferation",14,1,0.0714285714285714,22.4128919860627,4.53136726279135,0.0437154246942307,0.2581942271003,"Nog","oligodendrocyte progenitor proliferation"
"GO:0072172","mesonephric tubule formation",14,1,0.0714285714285714,22.4128919860627,4.53136726279135,0.0437154246942307,0.2581942271003,"Nog","mesonephric tubule formation"
"GO:0072683","T cell extravasation",14,1,0.0714285714285714,22.4128919860627,4.53136726279135,0.0437154246942307,0.2581942271003,"Ccl5","T cell extravasation"
"GO:0090220","chromosome localization to nuclear envelope involved in homologous chromosome segregation",14,1,0.0714285714285714,22.4128919860627,4.53136726279135,0.0437154246942307,0.2581942271003,"Spo11","chromosome localization to nuclear envelope involved in homologous chromosome segregation"
"GO:1902946","protein localization to early endosome",14,1,0.0714285714285714,22.4128919860627,4.53136726279135,0.0437154246942307,0.2581942271003,"Sorl1","protein localization to early endosome"
"GO:1990918","double-strand break repair involved in meiotic recombination",14,1,0.0714285714285714,22.4128919860627,4.53136726279135,0.0437154246942307,0.2581942271003,"Spo11","double-strand break repair involved in meiotic recombination"
"GO:0044272","sulfur compound biosynthetic process",105,2,0.019047619047619,5.97677119628339,2.88936238386325,0.044352568060728,0.259194415243212,"Coasy,Acsl6","sulfur compound biosynthetic process"
"GO:0045926","negative regulation of growth",247,3,0.0121457489878543,3.81109904216451,2.51009971192253,0.0444972964422709,0.259194415243212,"Atg16l1,Nog,Osgin1","negative regulation of growth"
"GO:1903046","meiotic cell cycle process",251,3,0.0119521912350598,3.75036439607424,2.47586828025845,0.0462888529644567,0.259194415243212,"Spo11,Eme1,Hsf5","meiotic cell cycle process"
"GO:0050803","regulation of synapse structure or activity",424,4,0.00943396226415094,2.96019328117809,2.30123886382122,0.0466446476856028,0.259194415243212,"Ncan,Rps6ka5,Psd,Pdxp","regulation of synapse structure or activity"
"GO:0060271","cilium assembly",424,4,0.00943396226415094,2.96019328117809,2.30123886382122,0.0466446476856028,0.259194415243212,"Dnah12,Nme5,Wdr19,Cep128","cilium assembly"
"GO:0099111","microtubule-based transport",252,3,0.0119047619047619,3.73548199767712,2.46742006415278,0.0467422861319286,0.259194415243212,"Atg16l1,Nme5,Wdr19","microtubule-based transport"
"GO:0003198","epithelial to mesenchymal transition involved in endocardial cushion formation",15,1,0.0666666666666667,20.9186991869919,4.36319843973086,0.0467647066655742,0.259194415243212,"Heyl","epithelial to mesenchymal transition involved in endocardial cushion formation"
"GO:0006054","N-acetylneuraminate metabolic process",15,1,0.0666666666666667,20.9186991869919,4.36319843973086,0.0467647066655742,0.259194415243212,"Gne","N-acetylneuraminate metabolic process"
"GO:0010820","positive regulation of T cell chemotaxis",15,1,0.0666666666666667,20.9186991869919,4.36319843973086,0.0467647066655742,0.259194415243212,"Ccl5","positive regulation of T cell chemotaxis"
"GO:0031269","pseudopodium assembly",15,1,0.0666666666666667,20.9186991869919,4.36319843973086,0.0467647066655742,0.259194415243212,"Ccl5","pseudopodium assembly"
"GO:0032717","negative regulation of interleukin-8 production",15,1,0.0666666666666667,20.9186991869919,4.36319843973086,0.0467647066655742,0.259194415243212,"Anxa4","negative regulation of interleukin-8 production"
"GO:0034397","telomere localization",15,1,0.0666666666666667,20.9186991869919,4.36319843973086,0.0467647066655742,0.259194415243212,"Spo11","telomere localization"
"GO:0044793","host-mediated suppression of viral proces",15,1,0.0666666666666667,20.9186991869919,4.36319843973086,0.0467647066655742,0.259194415243212,"Ccl5","host-mediated suppression of viral proces"
"GO:0071318","cellular response to ATP",15,1,0.0666666666666667,20.9186991869919,4.36319843973086,0.0467647066655742,0.259194415243212,"Pdxp","cellular response to ATP"
"GO:0072498","embryonic skeletal joint development",15,1,0.0666666666666667,20.9186991869919,4.36319843973086,0.0467647066655742,0.259194415243212,"Nog","embryonic skeletal joint development"
"GO:1905668","positive regulation of protein localization to endosome",15,1,0.0666666666666667,20.9186991869919,4.36319843973086,0.0467647066655742,0.259194415243212,"Sorl1","positive regulation of protein localization to endosome"
"GO:2000105","positive regulation of DNA-templated DNA replication",15,1,0.0666666666666667,20.9186991869919,4.36319843973086,0.0467647066655742,0.259194415243212,"Cdc7","positive regulation of DNA-templated DNA replication"
"GO:2000343","positive regulation of chemokine (C-X-C motif) ligand 2 production",15,1,0.0666666666666667,20.9186991869919,4.36319843973086,0.0467647066655742,0.259194415243212,"Ccl5","positive regulation of chemokine (C-X-C motif) ligand 2 production"
"GO:0048704","embryonic skeletal system morphogenesis",109,2,0.018348623853211,5.75744014320877,2.81436337704054,0.0474276050923433,0.260044733696895,"Wdr19,Nog","embryonic skeletal system morphogenesis"
"GO:0009953","dorsal/ventral pattern formation",110,2,0.0181818181818182,5.70509977827051,2.79619364751405,0.048208306961448,0.260044733696895,"Wdr19,Nog","dorsal/ventral pattern formation"
"GO:0030510","regulation of BMP signaling pathway",110,2,0.0181818181818182,5.70509977827051,2.79619364751405,0.048208306961448,0.260044733696895,"Nog,Sorl1","regulation of BMP signaling pathway"
"GO:0044344","cellular response to fibroblast growth factor stimulus",110,2,0.0181818181818182,5.70509977827051,2.79619364751405,0.048208306961448,0.260044733696895,"Ccl5,Nog","cellular response to fibroblast growth factor stimulus"
"GO:1902369","negative regulation of RNA catabolic process",110,2,0.0181818181818182,5.70509977827051,2.79619364751405,0.048208306961448,0.260044733696895,"Vip,Dnd1","negative regulation of RNA catabolic process"
"GO:0014910","regulation of smooth muscle cell migration",111,2,0.018018018018018,5.65370248297078,2.7782456598237,0.048993711079168,0.260044733696895,"Ccl5,Sorl1","regulation of smooth muscle cell migration"
"GO:0002024","diet induced thermogenesis",16,1,0.0625,19.6112804878049,4.21059095381763,0.0498043836655125,0.260044733696895,"Sorl1","diet induced thermogenesis"
"GO:0009111","vitamin catabolic process",16,1,0.0625,19.6112804878049,4.21059095381763,0.0498043836655125,0.260044733696895,"Pdxp","vitamin catabolic process"
"GO:0009208","pyrimidine ribonucleoside triphosphate metabolic process",16,1,0.0625,19.6112804878049,4.21059095381763,0.0498043836655125,0.260044733696895,"Nme5","pyrimidine ribonucleoside triphosphate metabolic process"
"GO:0009404","toxin metabolic process",16,1,0.0625,19.6112804878049,4.21059095381763,0.0498043836655125,0.260044733696895,"Gsta3","toxin metabolic process"
"GO:0010819","regulation of T cell chemotaxis",16,1,0.0625,19.6112804878049,4.21059095381763,0.0498043836655125,0.260044733696895,"Ccl5","regulation of T cell chemotaxis"
"GO:0019732","antifungal humoral response",16,1,0.0625,19.6112804878049,4.21059095381763,0.0498043836655125,0.260044733696895,"Vip","antifungal humoral response"
"GO:0031573","mitotic intra-S DNA damage checkpoint signaling",16,1,0.0625,19.6112804878049,4.21059095381763,0.0498043836655125,0.260044733696895,"Eme1","mitotic intra-S DNA damage checkpoint signaling"
"GO:0033084","regulation of immature T cell proliferation in thymus",16,1,0.0625,19.6112804878049,4.21059095381763,0.0498043836655125,0.260044733696895,"Clec4g","regulation of immature T cell proliferation in thymus"
"GO:0035721","intraciliary retrograde transport",16,1,0.0625,19.6112804878049,4.21059095381763,0.0498043836655125,0.260044733696895,"Wdr19","intraciliary retrograde transport"
"GO:0038092","nodal signaling pathway",16,1,0.0625,19.6112804878049,4.21059095381763,0.0498043836655125,0.260044733696895,"Nog","nodal signaling pathway"
"GO:0046185","aldehyde catabolic process",16,1,0.0625,19.6112804878049,4.21059095381763,0.0498043836655125,0.260044733696895,"Pdxp","aldehyde catabolic process"
"GO:0046462","monoacylglycerol metabolic process",16,1,0.0625,19.6112804878049,4.21059095381763,0.0498043836655125,0.260044733696895,"Awat2","monoacylglycerol metabolic process"
"GO:0140059","dendrite arborization",16,1,0.0625,19.6112804878049,4.21059095381763,0.0498043836655125,0.260044733696895,"Atg16l1","dendrite arborization"
"GO:1905666","regulation of protein localization to endosome",16,1,0.0625,19.6112804878049,4.21059095381763,0.0498043836655125,0.260044733696895,"Sorl1","regulation of protein localization to endosome"
