"Annot","Term","Annotated","Significant","RichFactor","FoldEnrichment","zscore","Pvalue","Padj","GeneID","Description"
"GO:0019882","antigen processing and presentation",142,7,0.0492957746478873,9.98724631252079,7.56346029787489,6.91686446235301e-06,0.00127595805611406,"Cd68,Rab32,Rab3c,Tapbp,Thbs1,Ighm,Raet1d","antigen processing and presentation"
"GO:0002429","immune response-activating cell surface receptor signaling pathway",314,9,0.0286624203821656,5.80696123175686,6.03600691343872,2.69198602734819e-05,0.00337682727270557,"Gata3,Ada,Gusb,Itgam,Ltf,Cd226,C5ar1,C5ar2,Ighm","immune response-activating cell surface receptor signaling pathway"
"GO:0002768","immune response-regulating cell surface receptor signaling pathway",332,9,0.0271084337349398,5.49212598425197,5.80215192212431,4.15407398044076e-05,0.00440661629729106,"Gata3,Ada,Gusb,Itgam,Ltf,Cd226,C5ar1,C5ar2,Ighm","immune response-regulating cell surface receptor signaling pathway"
"GO:0071621","granulocyte chemotaxis",129,6,0.0465116279069767,9.42318256729537,6.7547688207573,4.44894219988359e-05,0.00440661629729106,"Cxcr2,Itgam,Thbs1,C5ar1,Scg2,C5ar2","granulocyte chemotaxis"
"GO:0050803","regulation of synapse structure or activity",424,10,0.0235849056603774,4.77826474520874,5.52498938827195,5.00383770742945e-05,0.00461530442661728,"Elavl2,Nefl,Dclk1,Dmpk,Slc17a6,Cc2d1a,Gpr158,Slitrk4,Nrg2,Slc17a7","regulation of synapse structure or activity"
"GO:0002605","negative regulation of dendritic cell antigen processing and presentation",3,2,0.666666666666667,135.0656167979,16.3550302056782,7.22809511702184e-05,0.00629647396860569,"Cd68,Thbs1","negative regulation of dendritic cell antigen processing and presentation"
"GO:0002274","myeloid leukocyte activation",292,8,0.0273972602739726,5.55064178621508,5.50795623119943,0.000104343531353897,0.00798100766648344,"Dock2,Cxcr2,Itgam,Cd226,Cd84,Thbs1,C5ar1,Cd300lb","myeloid leukocyte activation"
"GO:0002430","complement receptor mediated signaling pathway",19,3,0.157894736842105,31.9892250310816,9.51690902598561,0.000107402683538885,0.00801940037090343,"Itgam,C5ar1,C5ar2","complement receptor mediated signaling pathway"
"GO:0006935","chemotaxis",479,10,0.0208768267223382,4.22961221705324,5.02512339831708,0.000136648797493182,0.00922200582319931,"Ccl9,Dock2,Cxcr2,Ptgr1,Itgam,Apoa1,Thbs1,C5ar1,Scg2,C5ar2","chemotaxis"
"GO:0042330","taxis",481,10,0.0207900207900208,4.21202547186799,5.00838047180563,0.000141345923724614,0.00922200582319931,"Ccl9,Dock2,Cxcr2,Ptgr1,Itgam,Apoa1,Thbs1,C5ar1,Scg2,C5ar2","taxis"
"GO:0038178","complement component C5a signaling pathway",4,2,0.5,101.299212598425,14.1289299669503,0.000144093840987489,0.00922200582319931,"C5ar1,C5ar2","complement component C5a signaling pathway"
"GO:1905039","carboxylic acid transmembrane transport",165,6,0.0363636363636364,7.36721546170365,5.77878458641702,0.000173085796499185,0.0100161049526639,"Slc17a6,Mfsd12,Thbs1,Per2,Slc38a10,Slc17a7","carboxylic acid transmembrane transport"
"GO:0097530","granulocyte migration",166,6,0.036144578313253,7.32283464566929,5.75598097429834,0.000178859017011856,0.0100161049526639,"Cxcr2,Itgam,Thbs1,C5ar1,Scg2,C5ar2","granulocyte migration"
"GO:1903825","organic acid transmembrane transport",169,6,0.0355029585798817,7.19284349811303,5.688692030052,0.000197096712599009,0.0106568153570775,"Slc17a6,Mfsd12,Thbs1,Per2,Slc38a10,Slc17a7","organic acid transmembrane transport"
"GO:0050900","leukocyte migration",414,9,0.0217391304347826,4.40431359123588,4.91813076321204,0.000220830336195284,0.0117376938018375,"Gata3,Ada,Cxcr2,Add2,Itgam,Thbs1,C5ar1,Scg2,C5ar2","leukocyte migration"
"GO:0071622","regulation of granulocyte chemotaxis",61,4,0.0655737704918033,13.285142635859,6.76563449032812,0.000237617568510197,0.0124194782474663,"Cxcr2,Thbs1,C5ar1,C5ar2","regulation of granulocyte chemotaxis"
"GO:0006836","neurotransmitter transport",252,7,0.0277777777777778,5.62773403324584,5.19940779186768,0.000262034575639537,0.0132538778904127,"Snap25,Slc17a6,Gpr158,Sv2c,Ggcx,Per2,Slc17a7","neurotransmitter transport"
"GO:0003333","amino acid transmembrane transport",115,5,0.0434782608695652,8.80862718247176,5.91077345362916,0.000269225734196209,0.013401458768878,"Slc17a6,Mfsd12,Per2,Slc38a10,Slc17a7","amino acid transmembrane transport"
"GO:0033003","regulation of mast cell activation",28,3,0.107142857142857,21.706974128234,7.72111609871572,0.000351512496463325,0.0162109292486616,"Cd226,Cd84,Cd300lb","regulation of mast cell activation"
"GO:0006865","amino acid transport",195,6,0.0307692307692308,6.23379769836463,5.16694920722869,0.00042428255468012,0.018267451742224,"Pianp,Slc17a6,Mfsd12,Per2,Slc38a10,Slc17a7","amino acid transport"
"GO:0002578","negative regulation of antigen processing and presentation",7,2,0.285714285714286,57.8852643419572,10.6012207404851,0.000499449232967368,0.0202926903459605,"Cd68,Thbs1","negative regulation of antigen processing and presentation"
"GO:0060374","mast cell differentiation",7,2,0.285714285714286,57.8852643419572,10.6012207404851,0.000499449232967368,0.0202926903459605,"Gata3,Itgam","mast cell differentiation"
"GO:0070345","negative regulation of fat cell proliferation",7,2,0.285714285714286,57.8852643419572,10.6012207404851,0.000499449232967368,0.0202926903459605,"E2f1,Per2","negative regulation of fat cell proliferation"
"GO:0032640","tumor necrosis factor production",202,6,0.0297029702970297,6.01777500584704,5.0425052480761,0.000511199788689693,0.0202926903459605,"Cd2,Ltf,Cd84,Thbs1,Isl1,C5ar2","tumor necrosis factor production"
"GO:0032680","regulation of tumor necrosis factor production",202,6,0.0297029702970297,6.01777500584704,5.0425052480761,0.000511199788689693,0.0202926903459605,"Cd2,Ltf,Cd84,Thbs1,Isl1,C5ar2","regulation of tumor necrosis factor production"
"GO:0071706","tumor necrosis factor superfamily cytokine production",205,6,0.0292682926829268,5.92971000576147,4.99095108294334,0.000552437526020701,0.0213881985382829,"Cd2,Ltf,Cd84,Thbs1,Isl1,C5ar2","tumor necrosis factor superfamily cytokine production"
"GO:1903555","regulation of tumor necrosis factor superfamily cytokine production",205,6,0.0292682926829268,5.92971000576147,4.99095108294334,0.000552437526020701,0.0213881985382829,"Cd2,Ltf,Cd84,Thbs1,Isl1,C5ar2","regulation of tumor necrosis factor superfamily cytokine production"
"GO:0099188","postsynaptic cytoskeleton organization",33,3,0.0909090909090909,18.4180386542591,7.05152246017884,0.000574980193795543,0.0219084559513031,"Nefl,Cpne6,Sh3gl2","postsynaptic cytoskeleton organization"
"GO:1902475","L-alpha-amino acid transmembrane transport",77,4,0.051948051948052,10.5245935167195,5.89509242010157,0.000579847526772373,0.0219084559513031,"Slc17a6,Per2,Slc38a10,Slc17a7","L-alpha-amino acid transmembrane transport"
"GO:0015813","L-glutamate transmembrane transport",34,3,0.0882352941176471,17.8763316350162,6.93509849772524,0.000628358456514138,0.0221511977632467,"Slc17a6,Per2,Slc17a7","L-glutamate transmembrane transport"
"GO:0002314","germinal center B cell differentiation",9,2,0.222222222222222,45.0218722659667,9.30280087782949,0.000850672677866306,0.0289968425846602,"Ada,Pou2af1","germinal center B cell differentiation"
"GO:0090022","regulation of neutrophil chemotaxis",38,3,0.0789473684210526,15.9946125155408,6.51472330355449,0.000873183075306533,0.0293369497814899,"Cxcr2,C5ar1,C5ar2","regulation of neutrophil chemotaxis"
"GO:0015800","acidic amino acid transport",86,4,0.0465116279069767,9.42318256729537,5.51061971000133,0.000879360101868638,0.0293369497814899,"Pianp,Slc17a6,Per2,Slc17a7","acidic amino acid transport"
"GO:0050920","regulation of chemotaxis",225,6,0.0266666666666667,5.40262467191601,4.67151926281177,0.000897571629855611,0.0296293119076547,"Cxcr2,Ptgr1,Thbs1,C5ar1,Scg2,C5ar2","regulation of chemotaxis"
"GO:0002604","regulation of dendritic cell antigen processing and presentation",10,2,0.2,40.5196850393701,8.80330762980631,0.00105990578647528,0.0340588215087814,"Cd68,Thbs1","regulation of dendritic cell antigen processing and presentation"
"GO:0050807","regulation of synapse organization",415,8,0.0192771084337349,3.90551181102362,4.20267313212788,0.00108158990490989,0.034261272139368,"Elavl2,Nefl,Dclk1,Dmpk,Cc2d1a,Gpr158,Slitrk4,Nrg2","regulation of synapse organization"
"GO:0030595","leukocyte chemotaxis",238,6,0.0252100840336134,5.10752332429035,4.48367833007553,0.00119822839008546,0.0361311945318077,"Cxcr2,Itgam,Thbs1,C5ar1,Scg2,C5ar2","leukocyte chemotaxis"
"GO:0030593","neutrophil chemotaxis",94,4,0.0425531914893617,8.6212095828447,5.21351450372844,0.00122509740411334,0.0362464073976177,"Cxcr2,Itgam,C5ar1,C5ar2","neutrophil chemotaxis"
"GO:0098700","neurotransmitter loading into synaptic vesicle",11,2,0.181818181818182,36.8360773085182,8.37254815397541,0.0012912571522454,0.0378446956022578,"Slc17a6,Slc17a7","neurotransmitter loading into synaptic vesicle"
"GO:0001818","negative regulation of cytokine production",333,7,0.021021021021021,4.25882575488875,4.2156052146572,0.00135620396405596,0.0390188590025642,"Gata3,Apoa1,Ltf,Cd84,Thbs1,C5ar2,Gbp4","negative regulation of cytokine production"
"GO:0060326","cell chemotaxis",333,7,0.021021021021021,4.25882575488875,4.2156052146572,0.00135620396405596,0.0390188590025642,"Ccl9,Cxcr2,Itgam,Thbs1,C5ar1,Scg2,C5ar2","cell chemotaxis"
"GO:0001504","neurotransmitter uptake",45,3,0.0666666666666667,13.50656167979,5.91387699206338,0.00143229315138262,0.0401042082387133,"Slc17a6,Per2,Slc17a7","neurotransmitter uptake"
"GO:0051938","L-glutamate import",45,3,0.0666666666666667,13.50656167979,5.91387699206338,0.00143229315138262,0.0401042082387133,"Slc17a6,Per2,Slc17a7","L-glutamate import"
"GO:0050922","negative regulation of chemotaxis",46,3,0.0652173913043478,13.2129407737076,5.83896298428125,0.00152673193012048,0.0419933666759536,"Ptgr1,Thbs1,C5ar2","negative regulation of chemotaxis"
"GO:0007623","circadian rhythm",250,6,0.024,4.86236220472441,4.32206383558296,0.00153921088923718,0.0419933666759536,"Ada,Top2a,Per3,Scn10a,Per2,Nfil3","circadian rhythm"
"GO:0015807","L-amino acid transport",100,4,0.04,8.10393700787402,5.01294205466199,0.00153993532134396,0.0419933666759536,"Slc17a6,Per2,Slc38a10,Slc17a7","L-amino acid transport"
"GO:0097529","myeloid leukocyte migration",252,6,0.0238095238095238,4.82377202849644,4.29613066275235,0.00160255884109916,0.0426966859046522,"Cxcr2,Itgam,Thbs1,C5ar1,Scg2,C5ar2","myeloid leukocyte migration"
"GO:0032102","negative regulation of response to external stimulus",442,8,0.0180995475113122,3.66693982256743,3.98322643397135,0.00161096358543418,0.0426966859046522,"Gata3,Ada,Ptgr1,Apoa1,Ltf,Thbs1,Isl1,C5ar2","negative regulation of response to external stimulus"
"GO:0001781","neutrophil apoptotic process",13,2,0.153846153846154,31.1689884918231,7.66284708150993,0.00181943633428272,0.0449271838134693,"Cxcr2,Itgam","neutrophil apoptotic process"
"GO:0033005","positive regulation of mast cell activation",13,2,0.153846153846154,31.1689884918231,7.66284708150993,0.00181943633428272,0.0449271838134693,"Cd226,Cd300lb","positive regulation of mast cell activation"
"GO:0044341","sodium-dependent phosphate transport",13,2,0.153846153846154,31.1689884918231,7.66284708150993,0.00181943633428272,0.0449271838134693,"Slc17a6,Slc17a7","sodium-dependent phosphate transport"
"GO:0070344","regulation of fat cell proliferation",13,2,0.153846153846154,31.1689884918231,7.66284708150993,0.00181943633428272,0.0449271838134693,"E2f1,Per2","regulation of fat cell proliferation"
"GO:0050830","defense response to Gram-positive bacterium",178,5,0.0280898876404494,5.69096699991153,4.42311076638792,0.0019292583670876,0.0469004204588117,"Tnfsf8,Ltf,C5ar1,Lyz1,Gbp4","defense response to Gram-positive bacterium"
"GO:0035725","sodium ion transmembrane transport",181,5,0.0276243093922652,5.59664158002349,4.37079926516455,0.00207499022706449,0.0500551488621097,"Slc4a7,Slc9a4,Slc17a6,Scn10a,Slc17a7","sodium ion transmembrane transport"
"GO:0006814","sodium ion transport",266,6,0.0225563909774436,4.56988929015452,4.12192551184951,0.00210326649744014,0.0503499521829946,"Slc4a7,Slc9a4,Dmpk,Slc17a6,Scn10a,Slc17a7","sodium ion transport"
"GO:0000097","sulfur amino acid biosynthetic process",15,2,0.133333333333333,27.0131233595801,7.09762012429706,0.00243346955026222,0.0552997138378429,"Cth,Bhmt","sulfur amino acid biosynthetic process"
"GO:0042754","negative regulation of circadian rhythm",15,2,0.133333333333333,27.0131233595801,7.09762012429706,0.00243346955026222,0.0552997138378429,"Ada,Per2","negative regulation of circadian rhythm"
"GO:0032604","granulocyte macrophage colony-stimulating factor production",16,2,0.125,25.3248031496063,6.85476217798205,0.00277214439295443,0.0612214423683456,"Cd84,Isl1","granulocyte macrophage colony-stimulating factor production"
"GO:0032645","regulation of granulocyte macrophage colony-stimulating factor production",16,2,0.125,25.3248031496063,6.85476217798205,0.00277214439295443,0.0612214423683456,"Cd84,Isl1","regulation of granulocyte macrophage colony-stimulating factor production"
"GO:1902622","regulation of neutrophil migration",57,3,0.0526315789473684,10.6630750103605,5.14377962798117,0.00282907734071455,0.0616110176422279,"Cxcr2,C5ar1,C5ar2","regulation of neutrophil migration"
"GO:1903522","regulation of blood circulation",286,6,0.020979020979021,4.25031661252134,3.89299527423566,0.00301319907184016,0.064721864995142,"Ada,Dmpk,Scn10a,Dusp5,Isl1,Per2","regulation of blood circulation"
"GO:0006835","dicarboxylic acid transport",122,4,0.0327868852459016,6.64257131792952,4.39984145782063,0.00317438271075709,0.065926252853869,"Pianp,Slc17a6,Per2,Slc17a7","dicarboxylic acid transport"
"GO:0032760","positive regulation of tumor necrosis factor production",122,4,0.0327868852459016,6.64257131792952,4.39984145782063,0.00317438271075709,0.065926252853869,"Cd2,Cd84,Thbs1,Isl1","positive regulation of tumor necrosis factor production"
"GO:0015711","organic anion transport",494,8,0.0161943319838057,3.28094615703401,3.60525621833705,0.003195736363565,0.0659330870798673,"Slc4a7,Pianp,Slc17a6,Mfsd12,Thbs1,Per2,Slc38a10,Slc17a7","organic anion transport"
"GO:2000351","regulation of endothelial cell apoptotic process",60,3,0.05,10.1299212598425,4.98652049917149,0.00327332126796253,0.0659537417549199,"Gata3,Thbs1,Scg2","regulation of endothelial cell apoptotic process"
"GO:0046942","carboxylic acid transport",391,7,0.0179028132992327,3.62708178101778,3.68667727031357,0.00333466432334913,0.0659537417549199,"Pianp,Slc17a6,Mfsd12,Thbs1,Per2,Slc38a10,Slc17a7","carboxylic acid transport"
"GO:1903557","positive regulation of tumor necrosis factor superfamily cytokine production",124,4,0.032258064516129,6.53543307086614,4.3517051487916,0.0033649868242306,0.0659537417549199,"Cd2,Cd84,Thbs1,Isl1","positive regulation of tumor necrosis factor superfamily cytokine production"
"GO:0015849","organic acid transport",393,7,0.0178117048346056,3.60862334956222,3.67026939765305,0.00342916256320956,0.0667941229703428,"Pianp,Slc17a6,Mfsd12,Thbs1,Per2,Slc38a10,Slc17a7","organic acid transport"
"GO:0042116","macrophage activation",125,4,0.032,6.48314960629921,4.3280333433013,0.00346314858318796,0.0670082087882313,"Itgam,Cd84,Thbs1,C5ar1","macrophage activation"
"GO:0002468","dendritic cell antigen processing and presentation",18,2,0.111111111111111,22.5109361329834,6.4297712069173,0.00351175019717954,0.0670082087882313,"Cd68,Thbs1","dendritic cell antigen processing and presentation"
"GO:0070341","fat cell proliferation",18,2,0.111111111111111,22.5109361329834,6.4297712069173,0.00351175019717954,0.0670082087882313,"E2f1,Per2","fat cell proliferation"
"GO:0032609","type II interferon production",127,4,0.031496062992126,6.38105276210552,4.28145682250404,0.0036652821622957,0.0670082087882313,"Gata3,Cd2,Cd226,Isl1","type II interferon production"
"GO:0032649","regulation of type II interferon production",127,4,0.031496062992126,6.38105276210552,4.28145682250404,0.0036652821622957,0.0670082087882313,"Gata3,Cd2,Cd226,Isl1","regulation of type II interferon production"
"GO:1990266","neutrophil migration",127,4,0.031496062992126,6.38105276210552,4.28145682250404,0.0036652821622957,0.0670082087882313,"Cxcr2,Itgam,C5ar1,C5ar2","neutrophil migration"
"GO:0071805","potassium ion transmembrane transport",207,5,0.0241545893719807,4.89368176803986,3.96139046531892,0.00369477957902816,0.0670082087882313,"Slc9a4,Snap25,Slc17a6,Dpp6,Slc17a7","potassium ion transmembrane transport"
"GO:0042752","regulation of circadian rhythm",128,4,0.03125,6.33120078740157,4.25854228187559,0.00376928996744971,0.0670082087882313,"Ada,Top2a,Per3,Per2","regulation of circadian rhythm"
"GO:0003215","cardiac right ventricle morphogenesis",19,2,0.105263157894737,21.3261500207211,6.24223808119497,0.00391226166937255,0.0670082087882313,"Gata3,Isl1","cardiac right ventricle morphogenesis"
"GO:0010715","regulation of extracellular matrix disassembly",19,2,0.105263157894737,21.3261500207211,6.24223808119497,0.00391226166937255,0.0670082087882313,"Fap,Pdpn","regulation of extracellular matrix disassembly"
"GO:0030214","hyaluronan catabolic process",19,2,0.105263157894737,21.3261500207211,6.24223808119497,0.00391226166937255,0.0670082087882313,"Hmmr,Gusb","hyaluronan catabolic process"
"GO:0002688","regulation of leukocyte chemotaxis",131,4,0.0305343511450382,6.18621145639238,4.1912373312246,0.00409329134878875,0.0670082087882313,"Cxcr2,Thbs1,C5ar1,C5ar2","regulation of leukocyte chemotaxis"
"GO:0050867","positive regulation of cell activation",406,7,0.0172413793103448,3.49307629649742,3.56615585636912,0.00409419325959841,0.0670082087882313,"Gata3,Ada,Pdpn,Cd226,Thbs1,Cd300lb,Ighm","positive regulation of cell activation"
"GO:0035825","homologous recombination",65,3,0.0461538461538462,9.35069654754694,4.747627450093,0.00410420011283075,0.0670082087882313,"Spo11,Top2a,Rbbp8","homologous recombination"
"GO:0072577","endothelial cell apoptotic process",66,3,0.0454545454545455,9.20901932712956,4.70293480668132,0.00428430548763927,0.0670082087882313,"Gata3,Thbs1,Scg2","endothelial cell apoptotic process"
"GO:0030167","proteoglycan catabolic process",20,2,0.1,20.259842519685,6.06854500562526,0.00433296842269275,0.0670082087882313,"Gusb,Glb1","proteoglycan catabolic process"
"GO:0040037","negative regulation of fibroblast growth factor receptor signaling pathway",20,2,0.1,20.259842519685,6.06854500562526,0.00433296842269275,0.0670082087882313,"Gata3,Thbs1","negative regulation of fibroblast growth factor receptor signaling pathway"
"GO:0050862","positive regulation of T cell receptor signaling pathway",20,2,0.1,20.259842519685,6.06854500562526,0.00433296842269275,0.0670082087882313,"Ada,Cd226","positive regulation of T cell receptor signaling pathway"
"GO:0050890","cognition",415,7,0.0168674698795181,3.41732283464567,3.49653293106574,0.00460899339759143,0.0670082087882313,"Snap25,Pianp,Cc2d1a,Gpr158,Slitrk4,C5ar1,Slc17a7","cognition"
"GO:0032693","negative regulation of interleukin-10 production",21,2,0.0952380952380952,19.2950881139858,5.90703367346748,0.00477366453862951,0.0670082087882313,"Cd84,Thbs1","negative regulation of interleukin-10 production"
"GO:0098739","import across plasma membrane",220,5,0.0227272727272727,4.60450966356478,3.78155299618513,0.00477725870173704,0.0670082087882313,"Slc15a3,Slc9a4,Thbs1,Per2,Slc31a1","import across plasma membrane"
"GO:0051963","regulation of synapse assembly",221,5,0.0226244343891403,4.58367477820928,3.76830369305121,0.00486890953010694,0.0670082087882313,"Elavl2,Dclk1,Cc2d1a,Slitrk4,Nrg2","regulation of synapse assembly"
"GO:0002398","MHC class Ib protein complex assembly",1,1,1,202.59842519685,14.1985360230149,0.0049358725223474,0.0670082087882313,"Tapbp","MHC class Ib protein complex assembly"
"GO:0014853","regulation of excitatory postsynaptic membrane potential involved in skeletal muscle contraction",1,1,1,202.59842519685,14.1985360230149,0.0049358725223474,0.0670082087882313,"Dmpk","regulation of excitatory postsynaptic membrane potential involved in skeletal muscle contraction"
"GO:0015673","silver ion transport",1,1,1,202.59842519685,14.1985360230149,0.0049358725223474,0.0670082087882313,"Slc31a1","silver ion transport"
"GO:0018272","protein-pyridoxal-5-phosphate linkage via peptidyl-N6-pyridoxal phosphate-L-lysine",1,1,1,202.59842519685,14.1985360230149,0.0049358725223474,0.0670082087882313,"Cth","protein-pyridoxal-5-phosphate linkage via peptidyl-N6-pyridoxal phosphate-L-lysine"
"GO:0018352","protein-pyridoxal-5-phosphate linkage",1,1,1,202.59842519685,14.1985360230149,0.0049358725223474,0.0670082087882313,"Cth","protein-pyridoxal-5-phosphate linkage"
"GO:0032685","negative regulation of granulocyte macrophage colony-stimulating factor production",1,1,1,202.59842519685,14.1985360230149,0.0049358725223474,0.0670082087882313,"Cd84","negative regulation of granulocyte macrophage colony-stimulating factor production"
"GO:0038112","interleukin-8-mediated signaling pathway",1,1,1,202.59842519685,14.1985360230149,0.0049358725223474,0.0670082087882313,"Cxcr2","interleukin-8-mediated signaling pathway"
"GO:0044524","protein sulfhydration",1,1,1,202.59842519685,14.1985360230149,0.0049358725223474,0.0670082087882313,"Cth","protein sulfhydration"
"GO:0046111","xanthine biosynthetic process",1,1,1,202.59842519685,14.1985360230149,0.0049358725223474,0.0670082087882313,"Ada","xanthine biosynthetic process"
"GO:0050822","peptide stabilization",1,1,1,202.59842519685,14.1985360230149,0.0049358725223474,0.0670082087882313,"Tapbp","peptide stabilization"
"GO:0050823","peptide antigen stabilization",1,1,1,202.59842519685,14.1985360230149,0.0049358725223474,0.0670082087882313,"Tapbp","peptide antigen stabilization"
"GO:0051413","response to cortisone",1,1,1,202.59842519685,14.1985360230149,0.0049358725223474,0.0670082087882313,"Glb1","response to cortisone"
"GO:0060169","negative regulation of adenosine receptor signaling pathway",1,1,1,202.59842519685,14.1985360230149,0.0049358725223474,0.0670082087882313,"Ada","negative regulation of adenosine receptor signaling pathway"
"GO:0060407","negative regulation of penile erection",1,1,1,202.59842519685,14.1985360230149,0.0049358725223474,0.0670082087882313,"Ada","negative regulation of penile erection"
"GO:0120275","cerebral blood circulation",1,1,1,202.59842519685,14.1985360230149,0.0049358725223474,0.0670082087882313,"Dusp5","cerebral blood circulation"
"GO:0120276","regulation of cerebral blood circulation",1,1,1,202.59842519685,14.1985360230149,0.0049358725223474,0.0670082087882313,"Dusp5","regulation of cerebral blood circulation"
"GO:0120277","positive regulation of cerebral blood circulation",1,1,1,202.59842519685,14.1985360230149,0.0049358725223474,0.0670082087882313,"Dusp5","positive regulation of cerebral blood circulation"
"GO:0150021","apical dendrite morphogenesis",1,1,1,202.59842519685,14.1985360230149,0.0049358725223474,0.0670082087882313,"Cc2d1a","apical dendrite morphogenesis"
"GO:0150022","apical dendrite development",1,1,1,202.59842519685,14.1985360230149,0.0049358725223474,0.0670082087882313,"Cc2d1a","apical dendrite development"
"GO:0150023","apical dendrite arborization",1,1,1,202.59842519685,14.1985360230149,0.0049358725223474,0.0670082087882313,"Cc2d1a","apical dendrite arborization"
"GO:1902601","silver ion transmembrane transport",1,1,1,202.59842519685,14.1985360230149,0.0049358725223474,0.0670082087882313,"Slc31a1","silver ion transmembrane transport"
"GO:1905381","negative regulation of snRNA transcription by RNA polymerase II",1,1,1,202.59842519685,14.1985360230149,0.0049358725223474,0.0670082087882313,"Cc2d1a","negative regulation of snRNA transcription by RNA polymerase II"
"GO:2000308","negative regulation of tumor necrosis factor (ligand) superfamily member 11 production",1,1,1,202.59842519685,14.1985360230149,0.0049358725223474,0.0670082087882313,"Ltf","negative regulation of tumor necrosis factor (ligand) superfamily member 11 production"
"GO:2000606","regulation of cell proliferation involved in mesonephros development",1,1,1,202.59842519685,14.1985360230149,0.0049358725223474,0.0670082087882313,"Gata3","regulation of cell proliferation involved in mesonephros development"
"GO:2000607","negative regulation of cell proliferation involved in mesonephros development",1,1,1,202.59842519685,14.1985360230149,0.0049358725223474,0.0670082087882313,"Gata3","negative regulation of cell proliferation involved in mesonephros development"
"GO:2000683","regulation of cellular response to X-ray",1,1,1,202.59842519685,14.1985360230149,0.0049358725223474,0.0670082087882313,"Gata3","regulation of cellular response to X-ray"
"GO:2000699","fibroblast growth factor receptor signaling pathway involved in ureteric bud formation",1,1,1,202.59842519685,14.1985360230149,0.0049358725223474,0.0670082087882313,"Gata3","fibroblast growth factor receptor signaling pathway involved in ureteric bud formation"
"GO:2000701","glial cell-derived neurotrophic factor receptor signaling pathway involved in ureteric bud formation",1,1,1,202.59842519685,14.1985360230149,0.0049358725223474,0.0670082087882313,"Gata3","glial cell-derived neurotrophic factor receptor signaling pathway involved in ureteric bud formation"
"GO:2000702","regulation of fibroblast growth factor receptor signaling pathway involved in ureteric bud formation",1,1,1,202.59842519685,14.1985360230149,0.0049358725223474,0.0670082087882313,"Gata3","regulation of fibroblast growth factor receptor signaling pathway involved in ureteric bud formation"
"GO:2000703","negative regulation of fibroblast growth factor receptor signaling pathway involved in ureteric bud formation",1,1,1,202.59842519685,14.1985360230149,0.0049358725223474,0.0670082087882313,"Gata3","negative regulation of fibroblast growth factor receptor signaling pathway involved in ureteric bud formation"
"GO:2000733","regulation of glial cell-derived neurotrophic factor receptor signaling pathway involved in ureteric bud formation",1,1,1,202.59842519685,14.1985360230149,0.0049358725223474,0.0670082087882313,"Gata3","regulation of glial cell-derived neurotrophic factor receptor signaling pathway involved in ureteric bud formation"
"GO:2000734","negative regulation of glial cell-derived neurotrophic factor receptor signaling pathway involved in ureteric bud formation",1,1,1,202.59842519685,14.1985360230149,0.0049358725223474,0.0670082087882313,"Gata3","negative regulation of glial cell-derived neurotrophic factor receptor signaling pathway involved in ureteric bud formation"
"GO:0051588","regulation of neurotransmitter transport",139,4,0.0287769784172662,5.83017050926188,4.02155599037305,0.00504820895980101,0.0682378590428275,"Gpr158,Sv2c,Ggcx,Per2","regulation of neurotransmitter transport"
"GO:0001906","cell killing",319,6,0.0188087774294671,3.8106286870881,3.55758941212372,0.00511843149049666,0.0688901337090023,"Cd2,Itgam,Ltf,Cd226,Lyz1,Raet1d","cell killing"
"GO:0007416","synapse assembly",320,6,0.01875,3.79872047244094,3.54813444077506,0.00519562224717798,0.0696302195177357,"Elavl2,Dclk1,Add2,Cc2d1a,Slitrk4,Nrg2","synapse assembly"
"GO:1901568","fatty acid derivative metabolic process",72,3,0.0416666666666667,8.44160104986877,4.45337346517922,0.00546550894532622,0.0726264239514535,"Ptgr1,Elovl3,Dpep2","fatty acid derivative metabolic process"
"GO:0042742","defense response to bacterium",430,7,0.0162790697674419,3.29811389855338,3.38464716734131,0.00557390990208642,0.0737152812722642,"Tnfsf8,Ltf,C5ar1,Lyz1,Ighm,Gbp4,Igha","defense response to bacterium"
"GO:1901888","regulation of cell junction assembly",325,6,0.0184615384615385,3.74027861901878,3.5014238761545,0.00559446331084148,0.0737152812722642,"Elavl2,Dclk1,Cc2d1a,Rhod,Slitrk4,Nrg2","regulation of cell junction assembly"
"GO:1903556","negative regulation of tumor necrosis factor superfamily cytokine production",73,3,0.0410958904109589,8.32596267932262,4.4145971718301,0.00567945204643179,0.0745220151364439,"Ltf,Thbs1,C5ar2","negative regulation of tumor necrosis factor superfamily cytokine production"
"GO:0002577","regulation of antigen processing and presentation",23,2,0.0869565217391304,17.6172543649435,5.61520185496201,0.0057142087385705,0.0746656608506545,"Cd68,Thbs1","regulation of antigen processing and presentation"
"GO:0099003","vesicle-mediated transport in synapse",329,6,0.0182370820668693,3.69480410693344,3.46471589232085,0.00592932978280405,0.0768362735490641,"Ctsd,Snap25,Sh3gl2,Slc17a6,Sv2c,Slc17a7","vesicle-mediated transport in synapse"
"GO:0055062","phosphate ion homeostasis",24,2,0.0833333333333333,16.8832020997375,5.48269790510401,0.0062136525106996,0.0792114401363982,"Slc17a6,Slc17a7","phosphate ion homeostasis"
"GO:0045744","negative regulation of G protein-coupled receptor signaling pathway",76,3,0.0394736842105263,7.99730625777041,4.30257073864605,0.00635118078824151,0.080311705451312,"Grk5,Ada,Gpr158","negative regulation of G protein-coupled receptor signaling pathway"
"GO:0051703","biological process involved in intraspecies interaction between organisms",76,3,0.0394736842105263,7.99730625777041,4.30257073864605,0.00635118078824151,0.080311705451312,"Pianp,Ltf,Cc2d1a","biological process involved in intraspecies interaction between organisms"
"GO:0000729","DNA double-strand break processing",25,2,0.08,16.207874015748,5.35793686979484,0.00673227700242042,0.0824703932796501,"Spo11,Rbbp8","DNA double-strand break processing"
"GO:0010759","positive regulation of macrophage chemotaxis",25,2,0.08,16.207874015748,5.35793686979484,0.00673227700242042,0.0824703932796501,"Thbs1,C5ar1","positive regulation of macrophage chemotaxis"
"GO:0016338","calcium-independent cell-cell adhesion via plasma membrane cell-adhesion molecules",25,2,0.08,16.207874015748,5.35793686979484,0.00673227700242042,0.0824703932796501,"Cldn11,Cldn23","calcium-independent cell-cell adhesion via plasma membrane cell-adhesion molecules"
"GO:0043153","entrainment of circadian clock by photoperiod",25,2,0.08,16.207874015748,5.35793686979484,0.00673227700242042,0.0824703932796501,"Per3,Per2","entrainment of circadian clock by photoperiod"
"GO:0043605","amide catabolic process",25,2,0.08,16.207874015748,5.35793686979484,0.00673227700242042,0.0824703932796501,"Ada,Pm20d1","amide catabolic process"
"GO:0002437","inflammatory response to antigenic stimulus",81,3,0.037037037037037,7.50364537766113,4.12887779616329,0.00757209031194341,0.090471010695897,"Gata3,Cd68,Cxcr2","inflammatory response to antigenic stimulus"
"GO:0051057","positive regulation of small GTPase mediated signal transduction",81,3,0.037037037037037,7.50364537766113,4.12887779616329,0.00757209031194341,0.090471010695897,"Bnip2,Dock2,Apoa1","positive regulation of small GTPase mediated signal transduction"
"GO:0006813","potassium ion transport",246,5,0.0203252032520325,4.11785417066769,3.46064809806346,0.00758733284853983,0.090471010695897,"Slc9a4,Snap25,Slc17a6,Dpp6,Slc17a7","potassium ion transport"
"GO:0006925","inflammatory cell apoptotic process",27,2,0.0740740740740741,15.0072907553223,5.12875559087054,0.00782627580463438,0.0912386651425034,"Cxcr2,Itgam","inflammatory cell apoptotic process"
"GO:0009649","entrainment of circadian clock",27,2,0.0740740740740741,15.0072907553223,5.12875559087054,0.00782627580463438,0.0912386651425034,"Per3,Per2","entrainment of circadian clock"
"GO:0050857","positive regulation of antigen receptor-mediated signaling pathway",27,2,0.0740740740740741,15.0072907553223,5.12875559087054,0.00782627580463438,0.0912386651425034,"Ada,Cd226","positive regulation of antigen receptor-mediated signaling pathway"
"GO:0098974","postsynaptic actin cytoskeleton organization",27,2,0.0740740740740741,15.0072907553223,5.12875559087054,0.00782627580463438,0.0912386651425034,"Cpne6,Sh3gl2","postsynaptic actin cytoskeleton organization"
"GO:0002685","regulation of leukocyte migration",249,5,0.0200803212851406,4.06824146981627,3.42648520513062,0.00797230381724048,0.0925968324846895,"Ada,Cxcr2,Thbs1,C5ar1,C5ar2","regulation of leukocyte migration"
"GO:0007264","small GTPase-mediated signal transduction",461,7,0.0151843817787419,3.07633183596085,3.16826196598958,0.00803955760001606,0.0930334045522153,"Bnip2,Dock2,Dok2,Pdpn,Apoa1,Dock3,Rhod","small GTPase-mediated signal transduction"
"GO:0002366","leukocyte activation involved in immune response",352,6,0.0170454545454545,3.45338224767359,3.26419232665891,0.00814533407189719,0.0935817855906729,"Gata3,Ada,Dock2,Itgam,Pou2af1,Cd84","leukocyte activation involved in immune response"
"GO:0050921","positive regulation of chemotaxis",160,4,0.025,5.06496062992126,3.63261069194701,0.00823784917561271,0.0935817855906729,"Cxcr2,Thbs1,C5ar1,Scg2","positive regulation of chemotaxis"
"GO:0032729","positive regulation of type II interferon production",84,3,0.0357142857142857,7.23565804274466,4.03162380457888,0.00836659434439054,0.0935817855906729,"Cd2,Cd226,Isl1","positive regulation of type II interferon production"
"GO:0006909","phagocytosis",252,5,0.0198412698412698,4.01981002374703,3.39285353363702,0.00837066273688324,0.0935817855906729,"Dock2,Itgam,Tub,Apoa1,Thbs1","phagocytosis"
"GO:0003417","growth plate cartilage development",28,2,0.0714285714285714,14.4713160854893,5.02311901557538,0.0084012575975706,0.0935817855906729,"Gusb,Thbs1","growth plate cartilage development"
"GO:0006027","glycosaminoglycan catabolic process",28,2,0.0714285714285714,14.4713160854893,5.02311901557538,0.0084012575975706,0.0935817855906729,"Hmmr,Gusb","glycosaminoglycan catabolic process"
"GO:0006691","leukotriene metabolic process",28,2,0.0714285714285714,14.4713160854893,5.02311901557538,0.0084012575975706,0.0935817855906729,"Ptgr1,Dpep2","leukotriene metabolic process"
"GO:0050965","detection of temperature stimulus involved in sensory perception of pain",28,2,0.0714285714285714,14.4713160854893,5.02311901557538,0.0084012575975706,0.0935817855906729,"Scn10a,Prdm12","detection of temperature stimulus involved in sensory perception of pain"
"GO:0060348","bone development",253,5,0.0197628458498024,4.00392144657807,3.38175837668303,0.00850646304339491,0.0935817855906729,"Gusb,Ltf,Thbs1,Ggcx,Slc38a10","bone development"
"GO:0002263","cell activation involved in immune response",356,6,0.0168539325842697,3.41458019994692,3.23102301884931,0.00858427567061927,0.0935817855906729,"Gata3,Ada,Dock2,Itgam,Pou2af1,Cd84","cell activation involved in immune response"
"GO:0051384","response to glucocorticoid",162,4,0.0246913580246914,5.00243025177408,3.59915696005138,0.00859691204400031,0.0935817855906729,"Nefl,Isl1,Glb1,Zfp764","response to glucocorticoid"
"GO:0008543","fibroblast growth factor receptor signaling pathway",85,3,0.0352941176470588,7.15053265400648,4.00026466099052,0.00864189740862378,0.0935817855906729,"Gata3,Thbs1,Rhod","fibroblast growth factor receptor signaling pathway"
"GO:0048511","rhythmic process",358,6,0.0167597765363128,3.39550433290811,3.21461530844217,0.00881000771548193,0.0935817855906729,"Ada,Top2a,Per3,Scn10a,Per2,Nfil3","rhythmic process"
"GO:0097194","execution phase of apoptosis",86,3,0.0348837209302326,7.06738692547153,3.96940962784374,0.00892247104621735,0.0935817855906729,"Fap,Ctsd,Top2a","execution phase of apoptosis"
"GO:0008277","regulation of G protein-coupled receptor signaling pathway",164,4,0.024390243902439,4.94142500480123,3.56624918203948,0.0089660745924047,0.0935817855906729,"Grk5,Ada,Tub,Gpr158","regulation of G protein-coupled receptor signaling pathway"
"GO:0006817","phosphate ion transport",29,2,0.0689655172413793,13.9723051859897,4.9227641740448,0.00899463505616591,0.0935817855906729,"Slc17a6,Slc17a7","phosphate ion transport"
"GO:0009648","photoperiodism",29,2,0.0689655172413793,13.9723051859897,4.9227641740448,0.00899463505616591,0.0935817855906729,"Per3,Per2","photoperiodism"
"GO:0045061","thymic T cell selection",29,2,0.0689655172413793,13.9723051859897,4.9227641740448,0.00899463505616591,0.0935817855906729,"Gata3,Dock2","thymic T cell selection"
"GO:0044843","cell cycle G1/S phase transition",259,5,0.0193050193050193,3.91116650959171,3.3163611309651,0.00935348803292992,0.0935817855906729,"Susd2,E2f1,Pdpn,Zc3h12d,Rbbp8","cell cycle G1/S phase transition"
"GO:0045576","mast cell activation",88,3,0.0340909090909091,6.90676449534717,3.90915535077717,0.00949951234508012,0.0935817855906729,"Cd226,Cd84,Cd300lb","mast cell activation"
"GO:0007141","male meiosis I",30,2,0.0666666666666667,13.50656167979,4.827250996249,0.0096062155318422,0.0935817855906729,"Dnmt3l,Spo11","male meiosis I"
"GO:0010575","positive regulation of vascular endothelial growth factor production",30,2,0.0666666666666667,13.50656167979,4.827250996249,0.0096062155318422,0.0935817855906729,"Isl1,C5ar1","positive regulation of vascular endothelial growth factor production"
"GO:0050926","regulation of positive chemotaxis",30,2,0.0666666666666667,13.50656167979,4.827250996249,0.0096062155318422,0.0935817855906729,"Ptgr1,Scg2","regulation of positive chemotaxis"
"GO:0090023","positive regulation of neutrophil chemotaxis",30,2,0.0666666666666667,13.50656167979,4.827250996249,0.0096062155318422,0.0935817855906729,"Cxcr2,C5ar1","positive regulation of neutrophil chemotaxis"
"GO:0090382","phagosome maturation",30,2,0.0666666666666667,13.50656167979,4.827250996249,0.0096062155318422,0.0935817855906729,"Rab32,Slc4a7","phagosome maturation"
"GO:0030100","regulation of endocytosis",365,6,0.0164383561643836,3.33038507172905,3.15809052248144,0.00963366393698458,0.0935817855906729,"Dock2,Sh3gl2,Tub,Apoa1,Slc17a7,Ighm","regulation of endocytosis"
"GO:0045187","regulation of circadian sleep/wake cycle, sleep",31,2,0.0645161290322581,13.0708661417323,4.73618932364865,0.0102358078033605,0.0963948746887046,"Ada,Per3","regulation of circadian sleep/wake cycle, sleep"
"GO:1905523","positive regulation of macrophage migration",31,2,0.0645161290322581,13.0708661417323,4.73618932364865,0.0102358078033605,0.0963948746887046,"Thbs1,C5ar1","positive regulation of macrophage migration"
"GO:0050766","positive regulation of phagocytosis",91,3,0.032967032967033,6.67906896253353,3.82221562307953,0.0104050996381346,0.0976957858239222,"Dock2,Tub,Apoa1","positive regulation of phagocytosis"
"GO:0002824","positive regulation of adaptive immune response based on somatic recombination of immune receptors built from immunoglobulin superfamily domains",172,4,0.0232558139534884,4.71159128364768,3.43976539103114,0.0105458729815946,0.0983097189554241,"Gata3,Ada,Cd226,Raet1d","positive regulation of adaptive immune response based on somatic recombination of immune receptors built from immunoglobulin superfamily domains"
"GO:0030098","lymphocyte differentiation",486,7,0.01440329218107,2.91808431353488,3.00659290545912,0.0105520853388251,0.0983097189554241,"Gata3,Ada,Dock2,Tnfsf8,Pou2af1,Nfil3,Ighm","lymphocyte differentiation"
"GO:0048880","sensory system development",487,7,0.0143737166324435,2.91209235395884,3.00034190461853,0.0106632290485015,0.0983097189554241,"Gata3,Slc4a7,Col5a2,Slc17a6,Itgam,Tub,Isl1","sensory system development"
"GO:1901988","negative regulation of cell cycle phase transition",268,5,0.0186567164179104,3.77982136561288,3.22185443243833,0.0107305043888704,0.0983097189554241,"Susd2,E2f1,Zc3h12d,Rbbp8,Clspn","negative regulation of cell cycle phase transition"
"GO:0032635","interleukin-6 production",173,4,0.023121387283237,4.6843566519503,3.42450389837047,0.0107551665177412,0.0983097189554241,"Pou2af1,Cd84,Isl1,C5ar2","interleukin-6 production"
"GO:0032675","regulation of interleukin-6 production",173,4,0.023121387283237,4.6843566519503,3.42450389837047,0.0107551665177412,0.0983097189554241,"Pou2af1,Cd84,Isl1,C5ar2","regulation of interleukin-6 production"
"GO:0000096","sulfur amino acid metabolic process",32,2,0.0625,12.6624015748031,4.64923184823908,0.010883222067607,0.0983097189554241,"Cth,Bhmt","sulfur amino acid metabolic process"
"GO:0001780","neutrophil homeostasis",32,2,0.0625,12.6624015748031,4.64923184823908,0.010883222067607,0.0983097189554241,"Cxcr2,Itgam","neutrophil homeostasis"
"GO:0031664","regulation of lipopolysaccharide-mediated signaling pathway",32,2,0.0625,12.6624015748031,4.64923184823908,0.010883222067607,0.0983097189554241,"Ltf,Cd84","regulation of lipopolysaccharide-mediated signaling pathway"
"GO:0048266","behavioral response to pain",32,2,0.0625,12.6624015748031,4.64923184823908,0.010883222067607,0.0983097189554241,"Scn10a,Thbs1","behavioral response to pain"
"GO:0050961","detection of temperature stimulus involved in sensory perception",32,2,0.0625,12.6624015748031,4.64923184823908,0.010883222067607,0.0983097189554241,"Scn10a,Prdm12","detection of temperature stimulus involved in sensory perception"
"GO:0065005","protein-lipid complex assembly",32,2,0.0625,12.6624015748031,4.64923184823908,0.010883222067607,0.0983097189554241,"Sh3gl2,Apoa1","protein-lipid complex assembly"
"GO:0099504","synaptic vesicle cycle",270,5,0.0185185185185185,3.75182268883056,3.20140792266605,0.0110543529161205,0.0993308044268019,"Snap25,Sh3gl2,Slc17a6,Sv2c,Slc17a7","synaptic vesicle cycle"
"GO:0042267","natural killer cell mediated cytotoxicity",94,3,0.0319148936170213,6.46590718713352,3.73911596136915,0.0113591449123598,0.101199654673751,"Cd2,Cd226,Raet1d","natural killer cell mediated cytotoxicity"
"GO:0002697","regulation of immune effector process",494,7,0.01417004048583,2.87082788740476,2.95702458986356,0.0114652782058141,0.101855842644286,"Gata3,Itgam,Apoa1,Cd226,Cd84,Ighm,Raet1d","regulation of immune effector process"
"GO:0071624","positive regulation of granulocyte chemotaxis",33,2,0.0606060606060606,12.2786924361728,4.56606823614288,0.0115482699304336,0.102015139441802,"Cxcr2,C5ar1","positive regulation of granulocyte chemotaxis"
"GO:0090128","regulation of synapse maturation",33,2,0.0606060606060606,12.2786924361728,4.56606823614288,0.0115482699304336,0.102015139441802,"Nefl,Nrg2","regulation of synapse maturation"
"GO:0002696","positive regulation of leukocyte activation",381,6,0.015748031496063,3.19052638105276,3.03388032727528,0.0117205372142723,0.103246080629095,"Gata3,Ada,Cd226,Thbs1,Cd300lb,Ighm","positive regulation of leukocyte activation"
"GO:0060078","regulation of postsynaptic membrane potential",179,4,0.0223463687150838,4.52733911054414,3.33532120155059,0.0120673857120542,0.105413152069644,"Dmpk,Sv2c,Dpp6,Slc17a7","regulation of postsynaptic membrane potential"
"GO:0050802","circadian sleep/wake cycle, sleep",34,2,0.0588235294117647,11.9175544233441,4.48642020775831,0.0122307643975535,0.106248413159911,"Ada,Per3","circadian sleep/wake cycle, sleep"
"GO:0060037","pharyngeal system development",34,2,0.0588235294117647,11.9175544233441,4.48642020775831,0.0122307643975535,0.106248413159911,"Gata3,Isl1","pharyngeal system development"
"GO:0031960","response to corticosteroid",180,4,0.0222222222222222,4.50218722659668,3.32084072136027,0.0122956092683839,0.106516659297381,"Nefl,Isl1,Glb1,Zfp764","response to corticosteroid"
"GO:0002821","positive regulation of adaptive immune response",181,4,0.0220994475138122,4.47731326401879,3.30646581738545,0.0125265837099956,0.107214959016117,"Gata3,Ada,Cd226,Raet1d","positive regulation of adaptive immune response"
"GO:0045786","negative regulation of cell cycle",388,6,0.0154639175257732,3.13296533809562,2.98158437159513,0.012727015907256,0.107214959016117,"Susd2,Gata3,E2f1,Zc3h12d,Rbbp8,Clspn","negative regulation of cell cycle"
"GO:0009069","serine family amino acid metabolic process",35,2,0.0571428571428571,11.5770528683915,4.41003739566052,0.0129305198654918,0.107214959016117,"Cth,Glyat","serine family amino acid metabolic process"
"GO:0010758","regulation of macrophage chemotaxis",35,2,0.0571428571428571,11.5770528683915,4.41003739566052,0.0129305198654918,0.107214959016117,"Thbs1,C5ar1","regulation of macrophage chemotaxis"
"GO:0016048","detection of temperature stimulus",35,2,0.0571428571428571,11.5770528683915,4.41003739566052,0.0129305198654918,0.107214959016117,"Scn10a,Prdm12","detection of temperature stimulus"
"GO:0040036","regulation of fibroblast growth factor receptor signaling pathway",35,2,0.0571428571428571,11.5770528683915,4.41003739566052,0.0129305198654918,0.107214959016117,"Gata3,Thbs1","regulation of fibroblast growth factor receptor signaling pathway"
"GO:0042749","regulation of circadian sleep/wake cycle",35,2,0.0571428571428571,11.5770528683915,4.41003739566052,0.0129305198654918,0.107214959016117,"Ada,Per3","regulation of circadian sleep/wake cycle"
"GO:2000352","negative regulation of endothelial cell apoptotic process",35,2,0.0571428571428571,11.5770528683915,4.41003739566052,0.0129305198654918,0.107214959016117,"Gata3,Scg2","negative regulation of endothelial cell apoptotic process"
"GO:0001912","positive regulation of leukocyte mediated cytotoxicity",100,3,0.03,6.07795275590551,3.58329231994183,0.0134142841083812,0.107214959016117,"Itgam,Cd226,Raet1d","positive regulation of leukocyte mediated cytotoxicity"
"GO:0002228","natural killer cell mediated immunity",100,3,0.03,6.07795275590551,3.58329231994183,0.0134142841083812,0.107214959016117,"Cd2,Cd226,Raet1d","natural killer cell mediated immunity"
"GO:0150076","neuroinflammatory response",100,3,0.03,6.07795275590551,3.58329231994183,0.0134142841083812,0.107214959016117,"Itgam,C5ar1,Cd200r4","neuroinflammatory response"
"GO:0050728","negative regulation of inflammatory response",185,4,0.0216216216216216,4.38050649074271,3.24999408593349,0.0134782127207402,0.107214959016117,"Gata3,Ada,Apoa1,Isl1","negative regulation of inflammatory response"
"GO:0002313","mature B cell differentiation involved in immune response",36,2,0.0555555555555556,11.2554680664917,4.33669383894879,0.0136473521125887,0.107214959016117,"Ada,Pou2af1","mature B cell differentiation involved in immune response"
"GO:0003416","endochondral bone growth",36,2,0.0555555555555556,11.2554680664917,4.33669383894879,0.0136473521125887,0.107214959016117,"Gusb,Thbs1","endochondral bone growth"
"GO:0035455","response to interferon-alpha",36,2,0.0555555555555556,11.2554680664917,4.33669383894879,0.0136473521125887,0.107214959016117,"Gata3,Tgtp1","response to interferon-alpha"
"GO:0048799","animal organ maturation",36,2,0.0555555555555556,11.2554680664917,4.33669383894879,0.0136473521125887,0.107214959016117,"Gata3,Ltf","animal organ maturation"
"GO:0001909","leukocyte mediated cytotoxicity",188,4,0.0212765957446809,4.31060479142235,3.20868215873687,0.014221354681344,0.107214959016117,"Cd2,Itgam,Cd226,Raet1d","leukocyte mediated cytotoxicity"
"GO:0045766","positive regulation of angiogenesis",188,4,0.0212765957446809,4.31060479142235,3.20868215873687,0.014221354681344,0.107214959016117,"Cxcr2,Thbs1,Isl1,C5ar1","positive regulation of angiogenesis"
"GO:1902806","regulation of cell cycle G1/S phase transition",188,4,0.0212765957446809,4.31060479142235,3.20868215873687,0.014221354681344,0.107214959016117,"Susd2,E2f1,Pdpn,Zc3h12d","regulation of cell cycle G1/S phase transition"
"GO:0002438","acute inflammatory response to antigenic stimulus",37,2,0.0540540540540541,10.9512662268568,4.26618500155845,0.0143810782900585,0.107214959016117,"Gata3,Cxcr2","acute inflammatory response to antigenic stimulus"
"GO:0006026","aminoglycan catabolic process",37,2,0.0540540540540541,10.9512662268568,4.26618500155845,0.0143810782900585,0.107214959016117,"Hmmr,Gusb","aminoglycan catabolic process"
"GO:0006516","glycoprotein catabolic process",37,2,0.0540540540540541,10.9512662268568,4.26618500155845,0.0143810782900585,0.107214959016117,"Gusb,Glb1","glycoprotein catabolic process"
"GO:0010574","regulation of vascular endothelial growth factor production",37,2,0.0540540540540541,10.9512662268568,4.26618500155845,0.0143810782900585,0.107214959016117,"Isl1,C5ar1","regulation of vascular endothelial growth factor production"
"GO:0022410","circadian sleep/wake cycle process",37,2,0.0540540540540541,10.9512662268568,4.26618500155845,0.0143810782900585,0.107214959016117,"Ada,Per3","circadian sleep/wake cycle process"
"GO:0002690","positive regulation of leukocyte chemotaxis",103,3,0.029126213592233,5.90092500573351,3.51006913679913,0.0145160870530599,0.107214959016117,"Cxcr2,Thbs1,C5ar1","positive regulation of leukocyte chemotaxis"
"GO:0031343","positive regulation of cell killing",104,3,0.0288461538461538,5.84418534221684,3.48630112319705,0.0148944265522406,0.10812250386071,"Itgam,Cd226,Raet1d","positive regulation of cell killing"
"GO:1904018","positive regulation of vasculature development",191,4,0.0209424083769634,4.2428989570021,3.16822518863015,0.0149900261940474,0.108315027982794,"Cxcr2,Thbs1,Isl1,C5ar1","positive regulation of vasculature development"
"GO:0071353","cellular response to interleukin-4",38,2,0.0526315789473684,10.6630750103605,4.1983252243928,0.0151315169131003,0.108835864769455,"Gata3,Nfil3","cellular response to interleukin-4"
"GO:0050851","antigen receptor-mediated signaling pathway",192,4,0.0208333333333333,4.22080052493438,3.15492389374925,0.0152519700013759,0.109389965273087,"Gata3,Ada,Cd226,Ighm","antigen receptor-mediated signaling pathway"
"GO:0044272","sulfur compound biosynthetic process",105,3,0.0285714285714286,5.78852643419573,3.46284049485324,0.0152783178538304,0.109389965273087,"Cth,Elovl3,Bhmt","sulfur compound biosynthetic process"
"GO:0019730","antimicrobial humoral response",193,4,0.0207253886010363,4.1989310921627,3.14171284171192,0.015516790007696,0.110844313130147,"Ccl9,Ltf,Ighm,Igha","antimicrobial humoral response"
"GO:0033077","T cell differentiation in thymus",106,3,0.0283018867924528,5.73391769425048,3.43968013700055,0.0156677696250237,0.111163179963969,"Gata3,Ada,Dock2","T cell differentiation in thymus"
"GO:0007269","neurotransmitter secretion",194,4,0.0206185567010309,4.17728711746083,3.12859090080222,0.0157844957264651,0.111486888734672,"Snap25,Gpr158,Sv2c,Ggcx","neurotransmitter secretion"
"GO:0099643","signal release from synapse",194,4,0.0206185567010309,4.17728711746083,3.12859090080222,0.0157844957264651,0.111486888734672,"Snap25,Gpr158,Sv2c,Ggcx","signal release from synapse"
"GO:0010717","regulation of epithelial to mesenchymal transition",107,3,0.0280373831775701,5.68032967841637,3.4168131659909,0.0160627899701086,0.113197549092721,"Gata3,Pdpn,Isl1","regulation of epithelial to mesenchymal transition"
"GO:0010573","vascular endothelial growth factor production",40,2,0.05,10.1299212598425,4.06989178077857,0.0166818123236631,0.116512613467723,"Isl1,C5ar1","vascular endothelial growth factor production"
"GO:0022617","extracellular matrix disassembly",40,2,0.05,10.1299212598425,4.06989178077857,0.0166818123236631,0.116512613467723,"Fap,Pdpn","extracellular matrix disassembly"
"GO:0030212","hyaluronan metabolic process",40,2,0.05,10.1299212598425,4.06989178077857,0.0166818123236631,0.116512613467723,"Hmmr,Gusb","hyaluronan metabolic process"
"GO:0021700","developmental maturation",413,6,0.0145278450363196,2.94331852586223,2.80401790024685,0.0168175191843439,0.11719942258245,"Gata3,Rab32,Nefl,Ltf,Nrg2,Slc17a7","developmental maturation"
"GO:0006790","sulfur compound metabolic process",302,5,0.0165562913907285,3.35427856286176,2.89849866098994,0.0171762628315179,0.118882470057027,"Cth,Elovl3,Dpep2,Glyat,Bhmt","sulfur compound metabolic process"
"GO:0044344","cellular response to fibroblast growth factor stimulus",110,3,0.0272727272727273,5.52541159627774,3.34990700603504,0.0172813351919171,0.118882470057027,"Gata3,Thbs1,Rhod","cellular response to fibroblast growth factor stimulus"
"GO:0001709","cell fate determination",41,2,0.0487804878048781,9.88285000960246,4.0090229626285,0.0174813128822544,0.118882470057027,"Gata3,Isl1","cell fate determination"
"GO:0030431","sleep",41,2,0.0487804878048781,9.88285000960246,4.0090229626285,0.0174813128822544,0.118882470057027,"Ada,Per3","sleep"
"GO:0070670","response to interleukin-4",41,2,0.0487804878048781,9.88285000960246,4.0090229626285,0.0174813128822544,0.118882470057027,"Gata3,Nfil3","response to interleukin-4"
"GO:0097242","amyloid-beta clearance",41,2,0.0487804878048781,9.88285000960246,4.0090229626285,0.0174813128822544,0.118882470057027,"Itgam,C5ar1","amyloid-beta clearance"
"GO:0098868","bone growth",41,2,0.0487804878048781,9.88285000960246,4.0090229626285,0.0174813128822544,0.118882470057027,"Gusb,Thbs1","bone growth"
"GO:0002705","positive regulation of leukocyte mediated immunity",202,4,0.0198019801980198,4.01185000389803,3.0266939895425,0.0180311214009994,0.118882470057027,"Gata3,Itgam,Cd226,Raet1d","positive regulation of leukocyte mediated immunity"
"GO:0019731","antibacterial humoral response",112,3,0.0267857142857143,5.42674353205849,3.30665319398599,0.0181216654115242,0.118882470057027,"Ltf,Ighm,Igha","antibacterial humoral response"
"GO:0050951","sensory perception of temperature stimulus",42,2,0.0476190476190476,9.64754405699288,3.95020985444489,0.018296813411151,0.118882470057027,"Scn10a,Prdm12","sensory perception of temperature stimulus"
"GO:0006959","humoral immune response",307,5,0.0162866449511401,3.29964861884121,2.85486224203011,0.0183009884786315,0.118882470057027,"Gata3,Ccl9,Ltf,Ighm,Igha","humoral immune response"
"GO:0045807","positive regulation of endocytosis",203,4,0.0197044334975369,3.99208719599705,3.01432628967728,0.0183252029677232,0.118882470057027,"Dock2,Tub,Apoa1,Ighm","positive regulation of endocytosis"
"GO:0002275","myeloid cell activation involved in immune response",113,3,0.0265486725663717,5.37871925301373,3.28541377884577,0.0185502367257085,0.118882470057027,"Dock2,Itgam,Cd84","myeloid cell activation involved in immune response"
"GO:0006958","complement activation, classical pathway",43,2,0.0465116279069767,9.42318256729537,3.89333375098049,0.0191281391140014,0.118882470057027,"Ighm,Igha","complement activation, classical pathway"
"GO:0042745","circadian sleep/wake cycle",43,2,0.0465116279069767,9.42318256729537,3.89333375098049,0.0191281391140014,0.118882470057027,"Ada,Per3","circadian sleep/wake cycle"
"GO:0042832","defense response to protozoan",43,2,0.0465116279069767,9.42318256729537,3.89333375098049,0.0191281391140014,0.118882470057027,"Tgtp1,Gbp4","defense response to protozoan"
"GO:0062149","detection of stimulus involved in sensory perception of pain",43,2,0.0465116279069767,9.42318256729537,3.89333375098049,0.0191281391140014,0.118882470057027,"Scn10a,Prdm12","detection of stimulus involved in sensory perception of pain"
"GO:0071402","cellular response to lipoprotein particle stimulus",43,2,0.0465116279069767,9.42318256729537,3.89333375098049,0.0191281391140014,0.118882470057027,"Cd68,Apoa1","cellular response to lipoprotein particle stimulus"
"GO:0010948","negative regulation of cell cycle process",312,5,0.016025641025641,3.24676963456491,2.81211476630346,0.0194733982946216,0.118882470057027,"Susd2,E2f1,Zc3h12d,Rbbp8,Clspn","negative regulation of cell cycle process"
"GO:0060351","cartilage development involved in endochondral bone morphogenesis",44,2,0.0454545454545455,9.20901932712956,3.83828539202067,0.0199751165062151,0.120930435064654,"Gusb,Thbs1","cartilage development involved in endochondral bone morphogenesis"
"GO:0002027","regulation of heart rate",117,3,0.0256410256410256,5.19483141530386,3.20291271675147,0.0203206590305693,0.122313986026613,"Ada,Scn10a,Isl1","regulation of heart rate"
"GO:0060349","bone morphogenesis",117,3,0.0256410256410256,5.19483141530386,3.20291271675147,0.0203206590305693,0.122313986026613,"Gusb,Ltf,Thbs1","bone morphogenesis"
"GO:0046928","regulation of neurotransmitter secretion",118,3,0.0254237288135593,5.15080742025891,3.182876057667,0.0207773143406488,0.123063333714869,"Gpr158,Sv2c,Ggcx","regulation of neurotransmitter secretion"
"GO:0071774","response to fibroblast growth factor",118,3,0.0254237288135593,5.15080742025891,3.182876057667,0.0207773143406488,0.123063333714869,"Gata3,Thbs1,Rhod","response to fibroblast growth factor"
"GO:0002335","mature B cell differentiation",45,2,0.0444444444444444,9.00437445319335,3.78496401541713,0.0208375734064399,0.123063333714869,"Ada,Pou2af1","mature B cell differentiation"
"GO:0002385","mucosal immune response",45,2,0.0444444444444444,9.00437445319335,3.78496401541713,0.0208375734064399,0.123063333714869,"Ltf,Igha","mucosal immune response"
"GO:0007616","long-term memory",45,2,0.0444444444444444,9.00437445319335,3.78496401541713,0.0208375734064399,0.123063333714869,"Snap25,Slc17a7","long-term memory"
"GO:0033028","myeloid cell apoptotic process",45,2,0.0444444444444444,9.00437445319335,3.78496401541713,0.0208375734064399,0.123063333714869,"Cxcr2,Itgam","myeloid cell apoptotic process"
"GO:0070328","triglyceride homeostasis",45,2,0.0444444444444444,9.00437445319335,3.78496401541713,0.0208375734064399,0.123063333714869,"Apoa1,Apoc4","triglyceride homeostasis"
"GO:0008016","regulation of heart contraction",212,4,0.0188679245283019,3.82261179616699,2.90645532592528,0.0211066424908986,0.124184673267276,"Ada,Dmpk,Scn10a,Isl1","regulation of heart contraction"
"GO:0002703","regulation of leukocyte mediated immunity",320,5,0.015625,3.16560039370079,2.74548366566391,0.0214502320475534,0.125969902062036,"Gata3,Itgam,Cd226,Cd84,Raet1d","regulation of leukocyte mediated immunity"
"GO:0002446","neutrophil mediated immunity",46,2,0.0434782608695652,8.80862718247176,3.73327652375598,0.0217153389280907,0.1262386112079,"Itgam,Cd300lb","neutrophil mediated immunity"
"GO:0055090","acylglycerol homeostasis",46,2,0.0434782608695652,8.80862718247176,3.73327652375598,0.0217153389280907,0.1262386112079,"Apoa1,Apoc4","acylglycerol homeostasis"
"GO:0097484","dendrite extension",46,2,0.0434782608695652,8.80862718247176,3.73327652375598,0.0217153389280907,0.1262386112079,"Cpne6,Sh3gl2","dendrite extension"
"GO:0099170","postsynaptic modulation of chemical synaptic transmission",46,2,0.0434782608695652,8.80862718247176,3.73327652375598,0.0217153389280907,0.1262386112079,"Nefl,Clmp","postsynaptic modulation of chemical synaptic transmission"
"GO:1902624","positive regulation of neutrophil migration",46,2,0.0434782608695652,8.80862718247176,3.73327652375598,0.0217153389280907,0.1262386112079,"Cxcr2,C5ar1","positive regulation of neutrophil migration"
"GO:0007159","leukocyte cell-cell adhesion",438,6,0.0136986301369863,2.77532089310754,2.63930887841312,0.021737515960544,0.1262386112079,"Gata3,Ada,Add2,Itgam,Zc3h12d,Thbs1","leukocyte cell-cell adhesion"
"GO:0002700","regulation of production of molecular mediator of immune response",216,4,0.0185185185185185,3.75182268883056,2.86039449097562,0.0224215483096665,0.126887620935821,"Gata3,Apoa1,Cd226,Ighm","regulation of production of molecular mediator of immune response"
"GO:0001562","response to protozoan",47,2,0.0425531914893617,8.6212095828447,3.68313674888013,0.0226082434709295,0.126887620935821,"Tgtp1,Gbp4","response to protozoan"
"GO:0019885","antigen processing and presentation of endogenous peptide antigen via MHC class I",47,2,0.0425531914893617,8.6212095828447,3.68313674888013,0.0226082434709295,0.126887620935821,"Tapbp,Raet1d","antigen processing and presentation of endogenous peptide antigen via MHC class I"
"GO:0048665","neuron fate specification",47,2,0.0425531914893617,8.6212095828447,3.68313674888013,0.0226082434709295,0.126887620935821,"Isl1,Prdm12","neuron fate specification"
"GO:0048872","homeostasis of number of cells",443,6,0.0135440180586907,2.74399672952845,2.60775484442213,0.0228269421891957,0.126887620935821,"Gata3,Ada,Gusb,Cxcr2,Pianp,Itgam","homeostasis of number of cells"
"GO:0002251","organ or tissue specific immune response",48,2,0.0416666666666667,8.44160104986877,3.63446480096193,0.023516118712695,0.126887620935821,"Ltf,Igha","organ or tissue specific immune response"
"GO:0002483","antigen processing and presentation of endogenous peptide antigen",48,2,0.0416666666666667,8.44160104986877,3.63446480096193,0.023516118712695,0.126887620935821,"Tapbp,Raet1d","antigen processing and presentation of endogenous peptide antigen"
"GO:0099173","postsynapse organization",328,5,0.0152439024390244,3.08839062800077,2.68091217770783,0.0235537719858942,0.126887620935821,"Nefl,Cpne6,Dclk1,Sh3gl2,Cc2d1a","postsynapse organization"
"GO:0050764","regulation of phagocytosis",124,3,0.0241935483870968,4.90157480314961,3.06724025778981,0.023635390048923,0.126887620935821,"Dock2,Tub,Apoa1","regulation of phagocytosis"
"GO:0046631","alpha-beta T cell activation",221,4,0.0180995475113122,3.66693982256743,2.80433906660134,0.0241341842347522,0.126887620935821,"Gata3,Ada,Dock2,Tnfsf8","alpha-beta T cell activation"
"GO:1903524","positive regulation of blood circulation",49,2,0.0408163265306122,8.26932347742246,3.58718649086754,0.0244387976007833,0.126887620935821,"Ada,Dusp5","positive regulation of blood circulation"
"GO:1902107","positive regulation of leukocyte differentiation",223,4,0.0179372197309417,3.63405246989866,2.78237106374606,0.0248408572829392,0.128549386863527,"Gata3,Ada,Ccl9,Itgam","positive regulation of leukocyte differentiation"
"GO:1903708","positive regulation of hemopoiesis",223,4,0.0179372197309417,3.63405246989866,2.78237106374606,0.0248408572829392,0.128549386863527,"Gata3,Ada,Ccl9,Itgam","positive regulation of hemopoiesis"
"GO:0042119","neutrophil activation",50,2,0.04,8.10393700787402,3.54123281624981,0.0253761143439779,0.130244671984803,"Cxcr2,Itgam","neutrophil activation"
"GO:0048246","macrophage chemotaxis",50,2,0.04,8.10393700787402,3.54123281624981,0.0253761143439779,0.130244671984803,"Thbs1,C5ar1","macrophage chemotaxis"
"GO:1905521","regulation of macrophage migration",50,2,0.04,8.10393700787402,3.54123281624981,0.0253761143439779,0.130244671984803,"Thbs1,C5ar1","regulation of macrophage migration"
"GO:0002444","myeloid leukocyte mediated immunity",128,3,0.0234375,4.74840059055118,2.99420769181906,0.0256532837121232,0.131391742231763,"Itgam,Cd84,Cd300lb","myeloid leukocyte mediated immunity"
"GO:0046651","lymphocyte proliferation",336,5,0.0148809523809524,3.01485751781027,2.61828131838392,0.0257865922232842,0.131490655629625,"Ada,Dock2,Itgam,Zc3h12d,Ighm","lymphocyte proliferation"
"GO:1901987","regulation of cell cycle phase transition",458,6,0.0131004366812227,2.65412784100677,2.51564809907569,0.0263148145593309,0.132953797442297,"Susd2,E2f1,Pdpn,Zc3h12d,Rbbp8,Clspn","regulation of cell cycle phase transition"
"GO:0019883","antigen processing and presentation of endogenous antigen",51,2,0.0392156862745098,7.94503628222943,3.49653950321856,0.0263279044042305,0.132953797442297,"Tapbp,Raet1d","antigen processing and presentation of endogenous antigen"
"GO:0030890","positive regulation of B cell proliferation",51,2,0.0392156862745098,7.94503628222943,3.49653950321856,0.0263279044042305,0.132953797442297,"Ada,Ighm","positive regulation of B cell proliferation"
"GO:0050856","regulation of T cell receptor signaling pathway",51,2,0.0392156862745098,7.94503628222943,3.49653950321856,0.0263279044042305,0.132953797442297,"Ada,Cd226","regulation of T cell receptor signaling pathway"
"GO:0051092","positive regulation of NF-kappaB transcription factor activity",51,2,0.0392156862745098,7.94503628222943,3.49653950321856,0.0263279044042305,0.132953797442297,"Cth,Cd84","positive regulation of NF-kappaB transcription factor activity"
"GO:0035249","synaptic transmission, glutamatergic",131,3,0.0229007633587786,4.63965859229428,2.94139047225576,0.0272256957963176,0.135577514816968,"Cnih3,Slc17a6,Slc17a7","synaptic transmission, glutamatergic"
"GO:0060079","excitatory postsynaptic potential",131,3,0.0229007633587786,4.63965859229428,2.94139047225576,0.0272256957963176,0.135577514816968,"Dmpk,Sv2c,Slc17a7","excitatory postsynaptic potential"
"GO:0001774","microglial cell activation",52,2,0.0384615384615385,7.79224712295578,3.45304659661757,0.0272940044884895,0.135577514816968,"Itgam,C5ar1","microglial cell activation"
"GO:0003197","endocardial cushion development",52,2,0.0384615384615385,7.79224712295578,3.45304659661757,0.0272940044884895,0.135577514816968,"Thbs1,Isl1","endocardial cushion development"
"GO:0032715","negative regulation of interleukin-6 production",52,2,0.0384615384615385,7.79224712295578,3.45304659661757,0.0272940044884895,0.135577514816968,"Cd84,C5ar2","negative regulation of interleukin-6 production"
"GO:0022411","cellular component disassembly",462,6,0.012987012987013,2.63114837917988,2.49170663370129,0.0273016330612865,0.135577514816968,"Fap,Top2a,Pdpn,Add2,Itgam,Per2","cellular component disassembly"
"GO:0033555","multicellular organismal response to stress",132,3,0.0227272727272727,4.60450966356478,2.92413910207849,0.0277610528308864,0.135577514816968,"Scn10a,Thbs1,Slitrk4","multicellular organismal response to stress"
"GO:0000082","G1/S transition of mitotic cell cycle",231,4,0.0173160173160173,3.5081978389065,2.6969574252877,0.027792127762009,0.135577514816968,"E2f1,Pdpn,Zc3h12d,Rbbp8","G1/S transition of mitotic cell cycle"
"GO:0017157","regulation of exocytosis",231,4,0.0173160173160173,3.5081978389065,2.6969574252877,0.027792127762009,0.135577514816968,"Rab3c,Itgam,Cd84,Sv2c","regulation of exocytosis"
"GO:0032943","mononuclear cell proliferation",343,5,0.0145772594752187,2.95332981336517,2.5649850197669,0.027848214265717,0.135577514816968,"Ada,Dock2,Itgam,Zc3h12d,Ighm","mononuclear cell proliferation"
"GO:0002237","response to molecule of bacterial origin",465,6,0.0129032258064516,2.61417322834646,2.47391544014962,0.0280576816463562,0.135577514816968,"Cd68,E2f1,Ltf,Cd84,C5ar1,Cd300lb","response to molecule of bacterial origin"
"GO:0009306","protein secretion",465,6,0.0129032258064516,2.61417322834646,2.47391544014962,0.0280576816463562,0.135577514816968,"Gusb,Snap25,Krt20,Isl1,Per2,C1qtnf5","protein secretion"
"GO:0002686","negative regulation of leukocyte migration",53,2,0.0377358490566038,7.64522359233398,3.41069809292727,0.0282742525405792,0.135577514816968,"Ada,C5ar2","negative regulation of leukocyte migration"
"GO:0043094","metabolic compound salvage",53,2,0.0377358490566038,7.64522359233398,3.41069809292727,0.0282742525405792,0.135577514816968,"Ada,Bhmt","metabolic compound salvage"
"GO:0048265","response to pain",53,2,0.0377358490566038,7.64522359233398,3.41069809292727,0.0282742525405792,0.135577514816968,"Scn10a,Thbs1","response to pain"
"GO:0002367","cytokine production involved in immune response",133,3,0.0225563909774436,4.56988929015452,2.90705949527954,0.0283020128917733,0.135577514816968,"Gata3,Apoa1,Cd226","cytokine production involved in immune response"
"GO:0002718","regulation of cytokine production involved in immune response",133,3,0.0225563909774436,4.56988929015452,2.90705949527954,0.0283020128917733,0.135577514816968,"Gata3,Apoa1,Cd226","regulation of cytokine production involved in immune response"
"GO:0048534","hematopoietic or lymphoid organ development",133,3,0.0225563909774436,4.56988929015452,2.90705949527954,0.0283020128917733,0.135577514816968,"Gata3,Ada,Pdpn","hematopoietic or lymphoid organ development"
"GO:1901990","regulation of mitotic cell cycle phase transition",346,5,0.0144508670520231,2.92772290746894,2.54255592288631,0.028762978702342,0.135577514816968,"E2f1,Pdpn,Zc3h12d,Rbbp8,Clspn","regulation of mitotic cell cycle phase transition"
"GO:0035592","establishment of protein localization to extracellular region",468,6,0.0128205128205128,2.59741570765193,2.45626317717906,0.0288274857637689,0.135577514816968,"Gusb,Snap25,Krt20,Isl1,Per2,C1qtnf5","establishment of protein localization to extracellular region"
"GO:0043114","regulation of vascular permeability",54,2,0.037037037037037,7.50364537766113,3.36944161064619,0.0292684877331273,0.135577514816968,"Cxcr2,Sh3gl2","regulation of vascular permeability"
"GO:0060074","synapse maturation",54,2,0.037037037037037,7.50364537766113,3.36944161064619,0.0292684877331273,0.135577514816968,"Nefl,Nrg2","synapse maturation"
"GO:0061756","leukocyte adhesion to vascular endothelial cell",54,2,0.037037037037037,7.50364537766113,3.36944161064619,0.0292684877331273,0.135577514816968,"Add2,Itgam","leukocyte adhesion to vascular endothelial cell"
"GO:0018958","phenol-containing compound metabolic process",136,3,0.0220588235294118,4.46908290875405,2.85682038774921,0.0299584624243702,0.138161379651213,"Gata3,Itgam,Mfsd12","phenol-containing compound metabolic process"
"GO:0050829","defense response to Gram-negative bacterium",136,3,0.0220588235294118,4.46908290875405,2.85682038774921,0.0299584624243702,0.138161379651213,"Ltf,Lyz1,Ighm","defense response to Gram-negative bacterium"
"GO:0071692","protein localization to extracellular region",473,6,0.0126849894291755,2.56995888198965,2.42714572647886,0.0301412906333652,0.138800422064953,"Gusb,Snap25,Krt20,Isl1,Per2,C1qtnf5","protein localization to extracellular region"
"GO:0043300","regulation of leukocyte degranulation",55,2,0.0363636363636364,7.36721546170365,3.32922809370833,0.0302765504595402,0.138811786902219,"Itgam,Cd84","regulation of leukocyte degranulation"
"GO:0046189","phenol-containing compound biosynthetic process",55,2,0.0363636363636364,7.36721546170365,3.32922809370833,0.0302765504595402,0.138811786902219,"Gata3,Mfsd12","phenol-containing compound biosynthetic process"
"GO:1900181","negative regulation of protein localization to nucleus",55,2,0.0363636363636364,7.36721546170365,3.32922809370833,0.0302765504595402,0.138811786902219,"Dclk1,Gbp4","negative regulation of protein localization to nucleus"
"GO:0001910","regulation of leukocyte mediated cytotoxicity",138,3,0.0217391304347826,4.40431359123588,2.82413123519181,0.0310906809977823,0.14192194411797,"Itgam,Cd226,Raet1d","regulation of leukocyte mediated cytotoxicity"
"GO:0007127","meiosis I",138,3,0.0217391304347826,4.40431359123588,2.82413123519181,0.0310906809977823,0.14192194411797,"Dnmt3l,Spo11,Top2a","meiosis I"
"GO:0030900","forebrain development",477,6,0.0125786163522013,2.54840786411133,2.40411896476018,0.031220271284186,0.142306352830243,"Nefl,E2f1,Dclk1,Pianp,Itgam,Isl1","forebrain development"
"GO:0002269","leukocyte activation involved in inflammatory response",56,2,0.0357142857142857,7.23565804274466,3.2900115440909,0.0312982823260277,0.142454881530367,"Itgam,C5ar1","leukocyte activation involved in inflammatory response"
"GO:0002449","lymphocyte mediated immunity",480,6,0.0125,2.53248031496063,2.38700164299128,0.0320459263209192,0.145225469569946,"Gata3,Cd2,Cd226,Ighm,Raet1d,Igha","lymphocyte mediated immunity"
"GO:0150063","visual system development",480,6,0.0125,2.53248031496063,2.38700164299128,0.0320459263209192,0.145225469569946,"Gata3,Slc4a7,Col5a2,Slc17a6,Itgam,Tub","visual system development"
"GO:0010810","regulation of cell-substrate adhesion",242,4,0.0165289256198347,3.34873430077439,2.58548236479201,0.032178745355982,0.145616948681616,"Pdpn,Apoa1,Thbs1,Rhod","regulation of cell-substrate adhesion"
"GO:0001706","endoderm formation",58,2,0.0344827586206897,6.98615259299484,3.2143992186484,0.0333821259205645,0.146465342029858,"Col5a2,Dusp5","endoderm formation"
"GO:0007131","reciprocal meiotic recombination",58,2,0.0344827586206897,6.98615259299484,3.2143992186484,0.0333821259205645,0.146465342029858,"Spo11,Top2a","reciprocal meiotic recombination"
"GO:0140527","reciprocal homologous recombination",58,2,0.0344827586206897,6.98615259299484,3.2143992186484,0.0333821259205645,0.146465342029858,"Spo11,Top2a","reciprocal homologous recombination"
"GO:0046394","carboxylic acid biosynthetic process",361,5,0.0138504155124654,2.80607237114751,2.4339125021669,0.0336219707073096,0.146465342029858,"E2f1,Cth,Elovl3,Per2,Bhmt","carboxylic acid biosynthetic process"
"GO:0043542","endothelial cell migration",247,4,0.0161943319838057,3.28094615703401,2.53691618404933,0.0342995509585476,0.146960754576807,"Fap,Gata3,Apoa1,Thbs1","endothelial cell migration"
"GO:0040013","negative regulation of locomotion",363,5,0.0137741046831956,2.79061191731199,2.41984815258277,0.0343061327389369,0.146960754576807,"Gata3,Ada,Ptgr1,Thbs1,C5ar2","negative regulation of locomotion"
"GO:0002455","humoral immune response mediated by circulating immunoglobulin",59,2,0.0338983050847458,6.86774322701188,3.17792467533394,0.0344439268539391,0.146960754576807,"Ighm,Igha","humoral immune response mediated by circulating immunoglobulin"
"GO:0010718","positive regulation of epithelial to mesenchymal transition",59,2,0.0338983050847458,6.86774322701188,3.17792467533394,0.0344439268539391,0.146960754576807,"Pdpn,Isl1","positive regulation of epithelial to mesenchymal transition"
"GO:0044818","mitotic G2/M transition checkpoint",59,2,0.0338983050847458,6.86774322701188,3.17792467533394,0.0344439268539391,0.146960754576807,"Rbbp8,Clspn","mitotic G2/M transition checkpoint"
"GO:0071825","protein-lipid complex organization",59,2,0.0338983050847458,6.86774322701188,3.17792467533394,0.0344439268539391,0.146960754576807,"Sh3gl2,Apoa1","protein-lipid complex organization"
"GO:0001776","leukocyte homeostasis",144,3,0.0208333333333333,4.22080052493438,2.72968015530758,0.0346207598555497,0.147114773586726,"Ada,Cxcr2,Itgam","leukocyte homeostasis"
"GO:0002822","regulation of adaptive immune response based on somatic recombination of immune receptors built from immunoglobulin superfamily domains",249,4,0.0160642570281124,3.25459317585302,2.51783643388127,0.035170186826773,0.148689799382228,"Gata3,Ada,Cd226,Raet1d","regulation of adaptive immune response based on somatic recombination of immune receptors built from immunoglobulin superfamily domains"
"GO:0042692","muscle cell differentiation",491,6,0.0122199592668024,2.47574450342383,2.32532539408268,0.0351950174100192,0.148689799382228,"Bnip2,Dock2,Cth,Dmpk,Dner,Isl1","muscle cell differentiation"
"GO:0098656","monoatomic anion transmembrane transport",145,3,0.0206896551724138,4.1916915557969,2.71443902792816,0.0352284824429193,0.148689799382228,"Slc4a7,Slc17a6,Slc17a7","monoatomic anion transmembrane transport"
"GO:0016053","organic acid biosynthetic process",366,5,0.0136612021857923,2.7677380491373,2.39892939556272,0.0353485430278543,0.148796014678324,"E2f1,Cth,Elovl3,Per2,Bhmt","organic acid biosynthetic process"
"GO:0051146","striated muscle cell differentiation",366,5,0.0136612021857923,2.7677380491373,2.39892939556272,0.0353485430278543,0.148796014678324,"Bnip2,Dock2,Dmpk,Dner,Isl1","striated muscle cell differentiation"
"GO:0034113","heterotypic cell-cell adhesion",60,2,0.0333333333333333,6.75328083989501,3.14228918619632,0.0355187753224211,0.14911228836829,"Cd2,Apoa1","heterotypic cell-cell adhesion"
"GO:0036230","granulocyte activation",60,2,0.0333333333333333,6.75328083989501,3.14228918619632,0.0355187753224211,0.14911228836829,"Cxcr2,Itgam","granulocyte activation"
"GO:0099565","chemical synaptic transmission, postsynaptic",146,3,0.0205479452054795,4.16298133966131,2.69933459252306,0.0358417180706481,0.150266882178546,"Dmpk,Sv2c,Slc17a7","chemical synaptic transmission, postsynaptic"
"GO:0002460","adaptive immune response based on somatic recombination of immune receptors built from immunoglobulin superfamily domains",494,6,0.0121457489878543,2.46070961777551,2.30879296139008,0.0360873600776724,0.151094741259787,"Gata3,Ada,Cd226,Ighm,Raet1d,Igha","adaptive immune response based on somatic recombination of immune receptors built from immunoglobulin superfamily domains"
"GO:0007611","learning or memory",369,5,0.013550135501355,2.74523611377846,2.37822025200501,0.0364104201616429,0.151606218829593,"Snap25,Pianp,Cc2d1a,Slitrk4,Slc17a7","learning or memory"
"GO:1902105","regulation of leukocyte differentiation",369,5,0.013550135501355,2.74523611377846,2.37822025200501,0.0364104201616429,0.151606218829593,"Gata3,Ada,Ccl9,Itgam,Ltf","regulation of leukocyte differentiation"
"GO:0061982","meiosis I cell cycle process",147,3,0.0204081632653061,4.13466173871123,2.68436458680359,0.0364604573613637,0.151606218829593,"Dnmt3l,Spo11,Top2a","meiosis I cell cycle process"
"GO:1990090","cellular response to nerve growth factor stimulus",61,2,0.0327868852459016,6.64257131792952,3.10745884311425,0.0366065188782716,0.151606218829593,"E2f1,Sh3gl2","cellular response to nerve growth factor stimulus"
"GO:0007200","phospholipase C-activating G protein-coupled receptor signaling pathway",148,3,0.0202702702702703,4.10672483507129,2.66952680138994,0.0370846906114994,0.151606218829593,"Cxcr2,C5ar1,C5ar2","phospholipase C-activating G protein-coupled receptor signaling pathway"
"GO:0014902","myotube differentiation",148,3,0.0202702702702703,4.10672483507129,2.66952680138994,0.0370846906114994,0.151606218829593,"Dock2,Dmpk,Dner","myotube differentiation"
"GO:0050852","T cell receptor signaling pathway",148,3,0.0202702702702703,4.10672483507129,2.66952680138994,0.0370846906114994,0.151606218829593,"Gata3,Ada,Cd226","T cell receptor signaling pathway"
"GO:0002440","production of molecular mediator of immune response",254,4,0.015748031496063,3.19052638105276,2.47097079225913,0.0374026883667113,0.151606218829593,"Gata3,Apoa1,Cd226,Ighm","production of molecular mediator of immune response"
"GO:0061900","glial cell activation",62,2,0.032258064516129,6.53543307086614,3.07340164479199,0.0377070062396993,0.151606218829593,"Itgam,C5ar1","glial cell activation"
"GO:0150052","regulation of postsynapse assembly",62,2,0.032258064516129,6.53543307086614,3.07340164479199,0.0377070062396993,0.151606218829593,"Dclk1,Cc2d1a","regulation of postsynapse assembly"
"GO:0002761","regulation of myeloid leukocyte differentiation",149,3,0.0201342281879195,4.07916292342652,2.65481907822213,0.0377144077960271,0.151606218829593,"Ccl9,Itgam,Ltf","regulation of myeloid leukocyte differentiation"
"GO:0060047","heart contraction",255,4,0.0156862745098039,3.17801451289177,2.46173697651352,0.0378587848468274,0.151606218829593,"Ada,Dmpk,Scn10a,Isl1","heart contraction"
"GO:0007140","male meiotic nuclear division",63,2,0.0317460317460317,6.43169603799525,3.04008736061244,0.0388200872832152,0.151606218829593,"Dnmt3l,Spo11","male meiotic nuclear division"
"GO:1900024","regulation of substrate adhesion-dependent cell spreading",63,2,0.0317460317460317,6.43169603799525,3.04008736061244,0.0388200872832152,0.151606218829593,"Pdpn,Apoa1","regulation of substrate adhesion-dependent cell spreading"
"GO:1901607","alpha-amino acid biosynthetic process",63,2,0.0317460317460317,6.43169603799525,3.04008736061244,0.0388200872832152,0.151606218829593,"Cth,Bhmt","alpha-amino acid biosynthetic process"
"GO:0032615","interleukin-12 production",64,2,0.03125,6.33120078740157,3.00748740620383,0.0399456130360329,0.154864827756008,"Thbs1,Isl1","interleukin-12 production"
"GO:0032655","regulation of interleukin-12 production",64,2,0.03125,6.33120078740157,3.00748740620383,0.0399456130360329,0.154864827756008,"Thbs1,Isl1","regulation of interleukin-12 production"
"GO:1990089","response to nerve growth factor",64,2,0.03125,6.33120078740157,3.00748740620383,0.0399456130360329,0.154864827756008,"E2f1,Sh3gl2","response to nerve growth factor"
"GO:0031341","regulation of cell killing",153,3,0.0196078431372549,3.97251814111471,2.59724735880183,0.0402879043876789,0.155786520542246,"Itgam,Cd226,Raet1d","regulation of cell killing"
"GO:0071887","leukocyte apoptotic process",153,3,0.0196078431372549,3.97251814111471,2.59724735880183,0.0402879043876789,0.155786520542246,"Ada,Cxcr2,Itgam","leukocyte apoptotic process"
"GO:0070661","leukocyte proliferation",381,5,0.0131233595800525,2.65877198421064,2.29740017461621,0.0408539326253204,0.157503244812304,"Ada,Dock2,Itgam,Zc3h12d,Ighm","leukocyte proliferation"
"GO:0035270","endocrine system development",154,3,0.0194805194805195,3.94672256876981,2.58315926803144,0.0409448799433503,0.157503244812304,"Gata3,Apoa1,Isl1","endocrine system development"
"GO:0002474","antigen processing and presentation of peptide antigen via MHC class I",65,2,0.0307692307692308,6.23379769836463,2.97557472954621,0.0410834356685155,0.157503244812304,"Tapbp,Raet1d","antigen processing and presentation of peptide antigen via MHC class I"
"GO:0006911","phagocytosis, engulfment",65,2,0.0307692307692308,6.23379769836463,2.97557472954621,0.0410834356685155,0.157503244812304,"Itgam,Thbs1","phagocytosis, engulfment"
"GO:0031103","axon regeneration",65,2,0.0307692307692308,6.23379769836463,2.97557472954621,0.0410834356685155,0.157503244812304,"Nefl,Isl1","axon regeneration"
"GO:0032613","interleukin-10 production",65,2,0.0307692307692308,6.23379769836463,2.97557472954621,0.0410834356685155,0.157503244812304,"Cd84,Thbs1","interleukin-10 production"
"GO:0032653","regulation of interleukin-10 production",65,2,0.0307692307692308,6.23379769836463,2.97557472954621,0.0410834356685155,0.157503244812304,"Cd84,Thbs1","regulation of interleukin-10 production"
"GO:0031589","cell-substrate adhesion",383,5,0.0130548302872063,2.64488805740014,2.28423266567393,0.0416251812841151,0.157801321584199,"Pdpn,Itgam,Apoa1,Thbs1,Rhod","cell-substrate adhesion"
"GO:0006584","catecholamine metabolic process",66,2,0.0303030303030303,6.13934621808638,2.94432370657798,0.0422334084866679,0.157801321584199,"Gata3,Itgam","catecholamine metabolic process"
"GO:0006956","complement activation",66,2,0.0303030303030303,6.13934621808638,2.94432370657798,0.0422334084866679,0.157801321584199,"Ighm,Igha","complement activation"
"GO:0009712","catechol-containing compound metabolic process",66,2,0.0303030303030303,6.13934621808638,2.94432370657798,0.0422334084866679,0.157801321584199,"Gata3,Itgam","catechol-containing compound metabolic process"
"GO:0019228","neuronal action potential",66,2,0.0303030303030303,6.13934621808638,2.94432370657798,0.0422334084866679,0.157801321584199,"Scn10a,Dpp6","neuronal action potential"
"GO:0043030","regulation of macrophage activation",66,2,0.0303030303030303,6.13934621808638,2.94432370657798,0.0422334084866679,0.157801321584199,"Cd84,Thbs1","regulation of macrophage activation"
"GO:0045058","T cell selection",66,2,0.0303030303030303,6.13934621808638,2.94432370657798,0.0422334084866679,0.157801321584199,"Gata3,Dock2","T cell selection"
"GO:1902600","proton transmembrane transport",156,3,0.0192307692307692,3.89612356147789,2.55533557663112,0.0422750707874197,0.157801321584199,"Slc9a4,Slc17a6,Slc17a7","proton transmembrane transport"
"GO:0002819","regulation of adaptive immune response",265,4,0.0150943396226415,3.05808943693359,2.37182818854106,0.0425959273990263,0.157801321584199,"Gata3,Ada,Cd226,Raet1d","regulation of adaptive immune response"
"GO:0003015","heart process",265,4,0.0150943396226415,3.05808943693359,2.37182818854106,0.0425959273990263,0.157801321584199,"Ada,Dmpk,Scn10a,Isl1","heart process"
"GO:0006693","prostaglandin metabolic process",67,2,0.0298507462686567,6.04771418498061,2.91371004537898,0.043395385924674,0.157801321584199,"Ptgr1,Pdpn","prostaglandin metabolic process"
"GO:0050854","regulation of antigen receptor-mediated signaling pathway",67,2,0.0298507462686567,6.04771418498061,2.91371004537898,0.043395385924674,0.157801321584199,"Ada,Cd226","regulation of antigen receptor-mediated signaling pathway"
"GO:1903053","regulation of extracellular matrix organization",67,2,0.0298507462686567,6.04771418498061,2.91371004537898,0.043395385924674,0.157801321584199,"Fap,Pdpn","regulation of extracellular matrix organization"
"GO:0046632","alpha-beta T cell differentiation",158,3,0.0189873417721519,3.84680554171235,2.52796981520933,0.0436268322109376,0.157801321584199,"Gata3,Ada,Tnfsf8","alpha-beta T cell differentiation"
"GO:0003018","vascular process in circulatory system",268,4,0.0149253731343284,3.0238570924903,2.34568056232779,0.0440795568300361,0.159255173063356,"Cxcr2,Sh3gl2,Dusp5,Per2","vascular process in circulatory system"
"GO:0006692","prostanoid metabolic process",68,2,0.0294117647058824,5.95877721167207,2.88371069810903,0.0445692235374798,0.160285647951304,"Ptgr1,Pdpn","prostanoid metabolic process"
"GO:0031663","lipopolysaccharide-mediated signaling pathway",68,2,0.0294117647058824,5.95877721167207,2.88371069810903,0.0445692235374798,0.160285647951304,"Ltf,Cd84","lipopolysaccharide-mediated signaling pathway"
"GO:1902807","negative regulation of cell cycle G1/S phase transition",68,2,0.0294117647058824,5.95877721167207,2.88371069810903,0.0445692235374798,0.160285647951304,"Susd2,Zc3h12d","negative regulation of cell cycle G1/S phase transition"
"GO:0045055","regulated exocytosis",270,4,0.0148148148148148,3.00145815106445,2.32845088737358,0.0450846597462301,0.161768298586015,"Snap25,Itgam,Cd84,Sv2c","regulated exocytosis"
"GO:1905517","macrophage migration",69,2,0.0289855072463768,5.87241812164784,2.85430377997025,0.0457547779934203,0.163985124328418,"Thbs1,C5ar1","macrophage migration"
"GO:0006690","icosanoid metabolic process",162,3,0.0185185185185185,3.75182268883056,2.47455699670013,0.0463946512538937,0.165235287011533,"Ptgr1,Pdpn,Dpep2","icosanoid metabolic process"
"GO:2000045","regulation of G1/S transition of mitotic cell cycle",162,3,0.0185185185185185,3.75182268883056,2.47455699670013,0.0463946512538937,0.165235287011533,"E2f1,Pdpn,Zc3h12d","regulation of G1/S transition of mitotic cell cycle"
"GO:2000377","regulation of reactive oxygen species metabolic process",162,3,0.0185185185185185,3.75182268883056,2.47455699670013,0.0463946512538937,0.165235287011533,"Ptgr1,Itgam,Thbs1","regulation of reactive oxygen species metabolic process"
"GO:0030203","glycosaminoglycan metabolic process",70,2,0.0285714285714286,5.78852643419573,2.82546849453978,0.0469519070668917,0.165235287011533,"Hmmr,Gusb","glycosaminoglycan metabolic process"
"GO:0031397","negative regulation of protein ubiquitination",70,2,0.0285714285714286,5.78852643419573,2.82546849453978,0.0469519070668917,0.165235287011533,"Per2,Gbp4","negative regulation of protein ubiquitination"
"GO:0001824","blastocyst development",164,3,0.0182926829268293,3.70606875360092,2.44848385224028,0.0478104903460787,0.165235287011533,"Bnip2,Ada,Rbbp8","blastocyst development"
"GO:0032720","negative regulation of tumor necrosis factor production",71,2,0.028169014084507,5.70699789286903,2.79718506488902,0.0481604696310679,0.165235287011533,"Thbs1,C5ar2","negative regulation of tumor necrosis factor production"
"GO:0048286","lung alveolus development",71,2,0.028169014084507,5.70699789286903,2.79718506488902,0.0481604696310679,0.165235287011533,"Ada,Pdpn","lung alveolus development"
"GO:0061337","cardiac conduction",71,2,0.028169014084507,5.70699789286903,2.79718506488902,0.0481604696310679,0.165235287011533,"Scn10a,Isl1","cardiac conduction"
"GO:0002634","regulation of germinal center formation",10,1,0.1,20.259842519685,4.29027504732142,0.0482849623547891,0.165235287011533,"Ada","regulation of germinal center formation"
"GO:0007220","Notch receptor processing",10,1,0.1,20.259842519685,4.29027504732142,0.0482849623547891,0.165235287011533,"Dner","Notch receptor processing"
"GO:0009215","purine deoxyribonucleoside triphosphate metabolic process",10,1,0.1,20.259842519685,4.29027504732142,0.0482849623547891,0.165235287011533,"Ada","purine deoxyribonucleoside triphosphate metabolic process"
"GO:0019388","galactose catabolic process",10,1,0.1,20.259842519685,4.29027504732142,0.0482849623547891,0.165235287011533,"Glb1","galactose catabolic process"
"GO:0030200","heparan sulfate proteoglycan catabolic process",10,1,0.1,20.259842519685,4.29027504732142,0.0482849623547891,0.165235287011533,"Gusb","heparan sulfate proteoglycan catabolic process"
"GO:0030300","regulation of intestinal cholesterol absorption",10,1,0.1,20.259842519685,4.29027504732142,0.0482849623547891,0.165235287011533,"Apoa1","regulation of intestinal cholesterol absorption"
"GO:0032263","GMP salvage",10,1,0.1,20.259842519685,4.29027504732142,0.0482849623547891,0.165235287011533,"Ada","GMP salvage"
"GO:0033029","regulation of neutrophil apoptotic process",10,1,0.1,20.259842519685,4.29027504732142,0.0482849623547891,0.165235287011533,"Cxcr2","regulation of neutrophil apoptotic process"
"GO:0035338","long-chain fatty-acyl-CoA biosynthetic process",10,1,0.1,20.259842519685,4.29027504732142,0.0482849623547891,0.165235287011533,"Elovl3","long-chain fatty-acyl-CoA biosynthetic process"
"GO:0035434","copper ion transmembrane transport",10,1,0.1,20.259842519685,4.29027504732142,0.0482849623547891,0.165235287011533,"Slc31a1","copper ion transmembrane transport"
"GO:0035646","endosome to melanosome transport",10,1,0.1,20.259842519685,4.29027504732142,0.0482849623547891,0.165235287011533,"Rab32","endosome to melanosome transport"
"GO:0039692","single stranded viral RNA replication via double stranded DNA intermediate",10,1,0.1,20.259842519685,4.29027504732142,0.0482849623547891,0.165235287011533,"Top2a","single stranded viral RNA replication via double stranded DNA intermediate"
"GO:0040016","embryonic cleavage",10,1,0.1,20.259842519685,4.29027504732142,0.0482849623547891,0.165235287011533,"Top2a","embryonic cleavage"
"GO:0042421","norepinephrine biosynthetic process",10,1,0.1,20.259842519685,4.29027504732142,0.0482849623547891,0.165235287011533,"Gata3","norepinephrine biosynthetic process"
"GO:0043485","endosome to pigment granule transport",10,1,0.1,20.259842519685,4.29027504732142,0.0482849623547891,0.165235287011533,"Rab32","endosome to pigment granule transport"
"GO:0046053","dAMP metabolic process",10,1,0.1,20.259842519685,4.29027504732142,0.0482849623547891,0.165235287011533,"Ada","dAMP metabolic process"
"GO:0046130","purine ribonucleoside catabolic process",10,1,0.1,20.259842519685,4.29027504732142,0.0482849623547891,0.165235287011533,"Ada","purine ribonucleoside catabolic process"
"GO:0046666","retinal cell programmed cell death",10,1,0.1,20.259842519685,4.29027504732142,0.0482849623547891,0.165235287011533,"Slc4a7","retinal cell programmed cell death"
"GO:0046929","negative regulation of neurotransmitter secretion",10,1,0.1,20.259842519685,4.29027504732142,0.0482849623547891,0.165235287011533,"Ggcx","negative regulation of neurotransmitter secretion"
"GO:0048757","pigment granule maturation",10,1,0.1,20.259842519685,4.29027504732142,0.0482849623547891,0.165235287011533,"Rab32","pigment granule maturation"
"GO:0051823","regulation of synapse structural plasticity",10,1,0.1,20.259842519685,4.29027504732142,0.0482849623547891,0.165235287011533,"Dmpk","regulation of synapse structural plasticity"
"GO:0051918","negative regulation of fibrinolysis",10,1,0.1,20.259842519685,4.29027504732142,0.0482849623547891,0.165235287011533,"Thbs1","negative regulation of fibrinolysis"
"GO:0060371","regulation of atrial cardiac muscle cell membrane depolarization",10,1,0.1,20.259842519685,4.29027504732142,0.0482849623547891,0.165235287011533,"Scn10a","regulation of atrial cardiac muscle cell membrane depolarization"
"GO:0060926","cardiac pacemaker cell development",10,1,0.1,20.259842519685,4.29027504732142,0.0482849623547891,0.165235287011533,"Isl1","cardiac pacemaker cell development"
"GO:0086016","AV node cell action potential",10,1,0.1,20.259842519685,4.29027504732142,0.0482849623547891,0.165235287011533,"Scn10a","AV node cell action potential"
"GO:0086027","AV node cell to bundle of His cell signaling",10,1,0.1,20.259842519685,4.29027504732142,0.0482849623547891,0.165235287011533,"Scn10a","AV node cell to bundle of His cell signaling"
"GO:0140928","inhibition of non-skeletal tissue mineralization",10,1,0.1,20.259842519685,4.29027504732142,0.0482849623547891,0.165235287011533,"Ada","inhibition of non-skeletal tissue mineralization"
"GO:1902732","positive regulation of chondrocyte proliferation",10,1,0.1,20.259842519685,4.29027504732142,0.0482849623547891,0.165235287011533,"Ltf","positive regulation of chondrocyte proliferation"
"GO:1905603","regulation of blood-brain barrier permeability",10,1,0.1,20.259842519685,4.29027504732142,0.0482849623547891,0.165235287011533,"Sh3gl2","regulation of blood-brain barrier permeability"
"GO:2000392","regulation of lamellipodium morphogenesis",10,1,0.1,20.259842519685,4.29027504732142,0.0482849623547891,0.165235287011533,"Pdpn","regulation of lamellipodium morphogenesis"
"GO:1901136","carbohydrate derivative catabolic process",278,4,0.0143884892086331,2.91508525463094,2.26108786365624,0.0492330479506248,0.167231858791006,"Ada,Hmmr,Gusb,Glb1","carbohydrate derivative catabolic process"
"GO:0030183","B cell differentiation",166,3,0.0180722891566265,3.66141732283465,2.42281640014052,0.0492474632297215,0.167231858791006,"Ada,Pou2af1,Ighm","B cell differentiation"
"GO:1903305","regulation of regulated secretory pathway",166,3,0.0180722891566265,3.66141732283465,2.42281640014052,0.0492474632297215,0.167231858791006,"Itgam,Cd84,Sv2c","regulation of regulated secretory pathway"
"GO:0008652","amino acid biosynthetic process",72,2,0.0277777777777778,5.62773403324584,2.76943466996626,0.0493803256506605,0.167231858791006,"Cth,Bhmt","amino acid biosynthetic process"
"GO:0030225","macrophage differentiation",72,2,0.0277777777777778,5.62773403324584,2.76943466996626,0.0493803256506605,0.167231858791006,"Gata3,Itgam","macrophage differentiation"
"GO:0098815","modulation of excitatory postsynaptic potential",72,2,0.0277777777777778,5.62773403324584,2.76943466996626,0.0493803256506605,0.167231858791006,"Dmpk,Sv2c","modulation of excitatory postsynaptic potential"
