"Subset","Detail","EXvsHFD_log2FoldChange","EXvsHFD_pvalue","EXvsHFD_padj","KDIvsHFD_log2FoldChange","KDIvsHFD_pvalue","KDIvsHFD_padj","KDI_EXvsHFD_log2FoldChange","KDI_EXvsHFD_pvalue","KDI_EXvsHFD_padj"
"Shared","Sctr",1.07064739155414,0.00571089173123552,0.572126815075874,1.46441148300109,0.000144949548372659,0.104283702663695,1.99949362918619,1.85449285462573e-07,0.000241913138495178
"Shared","L3mbtl1",3.05287316959699,0.00182878769976559,0.393851202426661,3.01976901724075,0.00208696964218303,NA,3.17144180488771,0.00117126970882829,0.180437692209951
"Shared","Ccdc148",-0.551664170802111,0.00119088775151111,0.360088420697426,-0.512791159683085,0.00254035510607751,0.445507393491324,-0.504554975564274,0.00303933834582172,0.278835557495397
"Shared","Usp29",2.2291815862816,0.00570520187058836,0.572126815075874,3.84361126699399,1.01245669560855e-06,0.00264048706214711,3.88126131706098,7.93420192667383e-07,0.000977493677366215
"Shared","Slc22a14",1.93422147829487,0.00921095910433502,0.597471660829398,1.95693729342767,0.00839685038597632,0.63845101057978,2.23089820214799,0.00241660214130135,0.259558734157673
"Shared","A530020G20Rik",1.33236712961706,0.000183036116797059,0.225002111642387,1.2694355168999,0.000365512900653272,0.190651528980747,1.12354278979728,0.00162008737436111,0.221399073955752
"KDIvsHFD_KDI_EXvsHFD","Folh1",NA,NA,NA,-0.548487651552001,0.00696017354189306,0.597601073160727,-0.579298942173967,0.00438876751470985,0.323125082307501
"KDIvsHFD_KDI_EXvsHFD","Peg3",NA,NA,NA,0.842818492485902,0.00107163470401511,0.343978253301097,0.967421183688449,0.000173557672035932,0.0487191763932763
"KDIvsHFD_KDI_EXvsHFD","Zim1",NA,NA,NA,1.68092827779409,1.62895938750462e-06,0.00377628985121072,1.89327301188306,6.60610284938966e-08,0.000122080780656721
"KDIvsHFD_KDI_EXvsHFD","Ykt6",NA,NA,NA,-0.125887652530355,0.0010687915239975,0.343978253301097,-0.129149036526361,0.000798898155197633,0.140632669166578
"KDIvsHFD_KDI_EXvsHFD","Slc2a3",NA,NA,NA,0.3801547662597,0.00636005339069169,0.584564554816702,0.422497229010945,0.00242380147738107,0.259558734157673
"KDIvsHFD_KDI_EXvsHFD","Ier3",NA,NA,NA,0.329465352577103,0.00427384037197291,0.51842677628397,0.332496530102514,0.00395407357790105,0.306346101449493
"KDIvsHFD_KDI_EXvsHFD","Plod3",NA,NA,NA,-0.196495476542056,0.00776521103087974,0.623750023313383,-0.200800898609781,0.00653730028877665,0.383521616941563
"KDIvsHFD_KDI_EXvsHFD","Slc1a3",NA,NA,NA,0.914470168110767,0.00244350012114089,0.445507393491324,1.57409359071589,1.80578370767709e-07,0.000241913138495178
"KDIvsHFD_KDI_EXvsHFD","Hfe",NA,NA,NA,-0.4148203851016,0.00592033099781093,0.57100995386719,-0.406804138033541,0.00696324382017309,0.398887521781132
"KDIvsHFD_KDI_EXvsHFD","Ccl8",NA,NA,NA,-2.10893403302892,0.00194727616616843,0.398313430695473,-1.86593699939152,0.0060180708745921,0.368665026836891
"KDIvsHFD_KDI_EXvsHFD","Rhbdl3",NA,NA,NA,-0.493257971861612,0.000133282819545996,0.0993147409645597,-0.338324914487643,0.00850266575107708,0.439522414209523
"KDIvsHFD_KDI_EXvsHFD","Vnn3",NA,NA,NA,1.32197132481408,0.003825938231618,0.496524174657044,1.88093417991632,3.7899588000706e-05,0.0194421139429589
"KDIvsHFD_KDI_EXvsHFD","Pfkl",NA,NA,NA,-0.424920608722775,0.00543805453014369,0.570458720441166,-0.399852983262723,0.00890300386224695,0.444668949660334
"KDIvsHFD_KDI_EXvsHFD","Nr1d2",NA,NA,NA,0.323532237127508,0.00666771003801314,0.591413418045353,0.343199155356401,0.00400425464744123,0.307025121030492
"KDIvsHFD_KDI_EXvsHFD","Gtse1",NA,NA,NA,-1.11062203019494,0.00778626201190032,0.623750023313383,-1.13145483520117,0.00688268353088158,0.396442571378779
"KDIvsHFD_KDI_EXvsHFD","Fetub",NA,NA,NA,-0.923554906480514,0.000672582377608909,0.280655174528646,-0.844868214910107,0.00183934631870978,0.229679017555827
"KDIvsHFD_KDI_EXvsHFD","Gnal",NA,NA,NA,0.558205444848331,0.00137785584483407,0.368558773674591,0.557653055377253,0.00140330867678535,0.201456284702455
"KDIvsHFD_KDI_EXvsHFD","Zfp202",NA,NA,NA,0.254204426729371,0.00362776501806569,0.496524174657044,0.272769693329583,0.00182429003194412,0.229679017555827
"KDIvsHFD_KDI_EXvsHFD","Sgo2a",NA,NA,NA,-0.603748667934996,0.00365225370269188,0.496524174657044,-0.54719253955169,0.00837308790025312,0.43689787594356
"KDIvsHFD_KDI_EXvsHFD","Ecrg4",NA,NA,NA,-1.46547050903032,0.000520608192890768,0.241377096366066,-1.11222214611223,0.00834404638881276,0.43640936961866
"KDIvsHFD_KDI_EXvsHFD","Ccna2",NA,NA,NA,-0.966277942393977,0.00544525938392344,0.570458720441166,-1.01493044849296,0.00356104632169674,0.294516523306769
"KDIvsHFD_KDI_EXvsHFD","Olfml3",NA,NA,NA,-0.444823657897114,0.00144510074520358,0.370248425239623,-0.381010014741405,0.00635989082225632,0.378751492856135
"KDIvsHFD_KDI_EXvsHFD","Fam131b",NA,NA,NA,0.321005679555407,0.0057970401496261,0.57100995386719,0.352626727384203,0.00244277087610374,0.259558734157673
"KDIvsHFD_KDI_EXvsHFD","Gys2",NA,NA,NA,-2.03317024704562,0.000318168490619267,0.17469124706001,-1.81911229049011,0.00121498027720591,0.184543853611769
"KDIvsHFD_KDI_EXvsHFD","Dgat2",NA,NA,NA,-1.23374587434032,0.00989647267771522,0.679210545881087,-1.23639228116248,0.00973937313550263,0.45807337280838
"KDIvsHFD_KDI_EXvsHFD","Acsm5",NA,NA,NA,1.17137585703271,0.00400490952009165,0.497371620399954,1.60649600561998,7.63770072490774e-05,0.0289716702424124
"KDIvsHFD_KDI_EXvsHFD","Ces1f",NA,NA,NA,1.53313225840308,0.00152962713515793,0.370248425239623,2.34722641949252,1.19740351272343e-06,0.00132768101490774
"KDIvsHFD_KDI_EXvsHFD","Slc27a1",NA,NA,NA,0.349380392343115,0.00173749880660485,0.377616407302121,0.494709369055791,9.21024797419102e-06,0.00677167462699805
"KDIvsHFD_KDI_EXvsHFD","Cyp1a1",NA,NA,NA,7.30565406237321,8.9488127515609e-15,1.86708029248567e-10,7.26516277399984,1.26012334496656e-14,2.79444952979784e-10
"KDIvsHFD_KDI_EXvsHFD","Gstt2",NA,NA,NA,0.510501177642868,0.00086555183730102,0.30342721892651,0.714746517812805,3.03056104002684e-06,0.00265982220219493
"KDIvsHFD_KDI_EXvsHFD","Ina",NA,NA,NA,-1.1174481425969,0.00603429600085208,0.57100995386719,-1.56272569353659,0.000254890104003907,0.0649706085792028
"KDIvsHFD_KDI_EXvsHFD","Arl4d",NA,NA,NA,-1.01603536607965,0.00215512488994557,0.419069424739613,-0.893050419888415,0.00699707999516867,0.398887521781132
"KDIvsHFD_KDI_EXvsHFD","Chrna5",NA,NA,NA,1.82337812015517,0.00875908138386551,0.652676692832036,2.4859012240993,0.00031028090148181,0.0739869814114045
"KDIvsHFD_KDI_EXvsHFD","Fam110c",NA,NA,NA,-1.65939380910191,0.00358738367296294,0.496524174657044,-1.78288985364351,0.00180222685494228,0.229679017555827
"KDIvsHFD_KDI_EXvsHFD","Slc2a13",NA,NA,NA,-1.04303083917548,0.000899874613256983,0.307786621819569,-0.857446245722656,0.00631935419333957,0.37875134754459
"KDIvsHFD_KDI_EXvsHFD","Fam13a",NA,NA,NA,0.932027992159968,0.00258535673124641,0.445507393491324,1.46996382740213,1.99361386162354e-06,0.00210525623787446
"KDIvsHFD_KDI_EXvsHFD","Grtp1",NA,NA,NA,-0.603124945469313,0.00497128265594049,0.552767438979155,-0.554859250776704,0.00975759876396388,0.45807337280838
"KDIvsHFD_KDI_EXvsHFD","St6galnac5",NA,NA,NA,0.875901485583376,0.00374373200436345,0.496524174657044,1.21097893013329,6.06176307159407e-05,0.024741503158661
"KDIvsHFD_KDI_EXvsHFD","Ccdc81",NA,NA,NA,-1.79429701019006,0.00626709548936408,NA,-2.05999294101604,0.00290933136313475,0.277418647176971
"KDIvsHFD_KDI_EXvsHFD","Ccser1",NA,NA,NA,0.530642307851297,0.0044275099779747,0.521895865426352,0.520514526099259,0.00536631233895675,0.348983408881832
"KDIvsHFD_KDI_EXvsHFD","Negr1",NA,NA,NA,0.411588782311603,0.00701868941130003,0.600155474907229,0.814536571190964,8.95689294806994e-08,0.000132418705344266
"KDIvsHFD_KDI_EXvsHFD","Plekhh2",NA,NA,NA,-0.35024237203229,0.00287397960127905,0.472147325992803,-0.466370219533436,7.34480731194979e-05,0.0285751661315436
"KDIvsHFD_KDI_EXvsHFD","Tapt1",NA,NA,NA,0.143797866032546,0.00133019684485962,0.362644570121124,0.126320179514398,0.0048767916853939,0.333711774266604
"KDIvsHFD_KDI_EXvsHFD","Angptl8",NA,NA,NA,-1.33355005490831,0.0078114514639928,0.623750023313383,-1.38324950612384,0.00597142156746626,0.368665026836891
"KDIvsHFD_KDI_EXvsHFD","Arxes2",NA,NA,NA,0.803186896216493,7.08655654795759e-05,0.0591415663266349,0.942432775202918,3.11847841166433e-06,0.00265982220219493
"KDIvsHFD_KDI_EXvsHFD","Themis",NA,NA,NA,-2.76708205225863,0.00362567851057658,0.496524174657044,-3.0694826844567,0.00172061257352056,0.22577694929226
"KDIvsHFD_KDI_EXvsHFD","Ugt3a2",NA,NA,NA,-1.73286785020389,0.00454746016830013,0.53302364579446,-1.67026113585592,0.00621065166494056,0.374259269895983
"KDIvsHFD_KDI_EXvsHFD","Frmpd4",NA,NA,NA,-1.21831839207893,0.00664692356440219,0.591413418045353,-1.37320392201594,0.0027016126442196,0.273647175035685
"KDIvsHFD_KDI_EXvsHFD","Hcar1",NA,NA,NA,1.31210453674028,0.00783872788516876,0.623750023313383,2.06973653350886,2.70807552598062e-05,0.0150135707160366
"KDIvsHFD_KDI_EXvsHFD","Acot4",NA,NA,NA,1.36750589593395,0.000273404275794203,0.160777693121884,2.00180475553819,8.1812064795548e-08,0.000132418705344266
"KDIvsHFD_KDI_EXvsHFD","Mogat2",NA,NA,NA,-1.59946150152793,0.00433871186087619,0.518965214650428,-1.9624838463215,0.000565855426642193,0.111919496780209
"KDIvsHFD_KDI_EXvsHFD","Orm2",NA,NA,NA,-3.30060483153171,3.70703652719003e-05,0.0336276565666491,-3.29424193186405,4.10376704751421e-05,0.0197837256621033
"KDIvsHFD_KDI_EXvsHFD","Klk1",NA,NA,NA,-1.26876201013304,0.000609225705172213,0.26691656010377,-1.55083216544422,3.85756229026962e-05,0.0194421139429589
"KDIvsHFD_KDI_EXvsHFD","Mup3",NA,NA,NA,-3.81774123956311,4.40279436666545e-06,0.0070661462820083,-3.43394678225516,1.99563655214145e-05,0.013016245935379
"KDIvsHFD_KDI_EXvsHFD","Serpina1a",NA,NA,NA,-1.74975396128545,0.00373378828095606,0.496524174657044,-1.6487112357178,0.0061181333941458,0.37171431821528
"KDIvsHFD_KDI_EXvsHFD","Trabd2b",NA,NA,NA,-1.04144668311904,6.78392248389844e-06,0.0101099827645755,-0.79552219108539,0.000580752375226598,0.112971619938816
"KDIvsHFD_KDI_EXvsHFD","Arl14epl",NA,NA,NA,-1.49968100610097,0.00213702750698525,0.419069424739613,-1.46512594406993,0.00270487387785629,0.273647175035685
"KDIvsHFD_KDI_EXvsHFD","Gm13304",NA,NA,NA,30.0863918058224,7.01390714221896e-08,0.000209054512307509,32.4379240413668,5.69986335246447e-09,2.10666949507087e-05
"KDIvsHFD_KDI_EXvsHFD","Gm15912",NA,NA,NA,1.09731389925398,0.000616698805776404,0.26691656010377,1.15730882509777,0.000300228463036487,0.0729202078657425
"KDIvsHFD_KDI_EXvsHFD","BC035947",NA,NA,NA,1.55109928202546,0.00437027637719964,0.518965214650428,1.87310255193333,0.000543820901261504,0.110640112902524
"KDIvsHFD_KDI_EXvsHFD","Gm36927",NA,NA,NA,3.49190078485827,0.00253872176118054,0.445507393491324,5.17322644418403,5.80781782243628e-06,0.00444117820794299
"KDIvsHFD_KDI_EXvsHFD","Gm37115",NA,NA,NA,3.55474796749172,0.00132087554984501,NA,3.6541951532647,0.000935141867287517,NA
"KDIvsHFD_KDI_EXvsHFD","4931431B13Rik",NA,NA,NA,-5.16523676832768,0.00620930448123158,0.578352360251856,-5.13049013476479,0.00656559660768519,0.384165357182129
"KDIvsHFD_KDI_EXvsHFD","Gm48843",NA,NA,NA,-2.69476636947713,0.00899246560756914,NA,-2.65734901442095,0.00979645643278603,NA
"EXvsHFD_KDI_EXvsHFD","Dynlt1c",0.411439084847462,3.76277176003604e-05,0.225002111642387,NA,NA,NA,0.317410376392557,0.00157946501928724,0.218913851673211
"EXvsHFD_KDI_EXvsHFD","Ltbp1",0.413279661474419,0.00402070434881366,0.502321477567533,NA,NA,NA,0.383194918810514,0.00766247939206581,0.419614723730439
"EXvsHFD_KDI_EXvsHFD","Dennd2c",0.41377920190654,0.00192628928694143,0.403325737459319,NA,NA,NA,0.405605433633011,0.0024328446618248,0.259558734157673
"EXvsHFD_KDI_EXvsHFD","Cd34",0.501019304575496,0.000238802931031588,0.225002111642387,NA,NA,NA,0.402505885590853,0.00316475727608846,0.28061941787673
"EXvsHFD_KDI_EXvsHFD","Etnppl",-0.538021301802898,0.00382040803062845,0.497879920751385,NA,NA,NA,-0.555599138653028,0.00281841853106276,0.273647175035685
"EXvsHFD_KDI_EXvsHFD","Ascl1",1.33913465313782,0.008915878093964,0.594003078347698,NA,NA,NA,1.86853317438885,0.000208730462365206,0.0564488626025707
"EXvsHFD_KDI_EXvsHFD","Osbp2",0.317319738451677,0.00985781928772869,0.614057074980618,NA,NA,NA,0.323836513666723,0.00860092767347168,0.442992071411835
"EXvsHFD_KDI_EXvsHFD","Nova1",0.697625641130268,0.000234473814933381,0.225002111642387,NA,NA,NA,0.721757735091302,0.000141546771643998,0.0431403325986187
"EXvsHFD_KDI_EXvsHFD","Il15ra",0.587965472489926,0.0064821282643148,0.587314906704533,NA,NA,NA,0.864161870772946,6.13628550562028e-05,0.024741503158661
"EXvsHFD_KDI_EXvsHFD","Agpat4",-0.212310349670945,0.000710934925222087,0.342050456681852,NA,NA,NA,-0.187852969632371,0.00276536453498615,0.273647175035685
"EXvsHFD_KDI_EXvsHFD","Paox",0.29084349957919,0.00574041733502409,0.572126815075874,NA,NA,NA,0.353022089255926,0.000798453226040008,0.140632669166578
"EXvsHFD_KDI_EXvsHFD","Inpp5a",-0.159128640963811,0.00739168458573179,0.593723681848699,NA,NA,NA,-0.167119507866451,0.00494441899562094,0.333754411324063
"EXvsHFD_KDI_EXvsHFD","Sec16b",0.591457561525052,0.000789599484362713,0.35710426279788,NA,NA,NA,0.549352681390151,0.00184356354279118,0.229679017555827
"EXvsHFD_KDI_EXvsHFD","Nxnl1",0.962366128936609,0.00014091356252484,0.225002111642387,NA,NA,NA,0.982040899614928,0.000104686627916562,0.0357158563181181
"EXvsHFD_KDI_EXvsHFD","Larp6",0.468053199066228,0.00859257499850281,0.594003078347698,NA,NA,NA,0.506326739255731,0.00448536169848572,0.324896112885603
"EXvsHFD_KDI_EXvsHFD","Prdm8",1.02979590104003,0.000155208655938637,0.225002111642387,NA,NA,NA,1.02828221602634,0.000160772950046905,0.0469118544768443
"EXvsHFD_KDI_EXvsHFD","Hoxa9",0.358707502273993,0.00988443706243952,0.614057074980618,NA,NA,NA,0.364634819201744,0.00878171758262538,0.443093300042975
"EXvsHFD_KDI_EXvsHFD","Susd4",-0.54555903070843,0.000134236844200614,0.225002111642387,NA,NA,NA,-0.412845991377465,0.00377989405076911,0.300826834059011
"EXvsHFD_KDI_EXvsHFD","Rsad1",0.35808514336548,0.00776170447638727,0.593723681848699,NA,NA,NA,0.358953209148819,0.00768696672460411,0.419867423854238
"EXvsHFD_KDI_EXvsHFD","Mettl27",0.245289207711884,0.00788523571090861,0.593723681848699,NA,NA,NA,0.256438607607908,0.00554811091661868,0.350736198243948
"EXvsHFD_KDI_EXvsHFD","Bace2",-0.223469883887334,0.00281329196242138,0.454884231993139,NA,NA,NA,-0.237629806383334,0.00149707931517352,0.208800194297409
"EXvsHFD_KDI_EXvsHFD","Chrm3",0.726885396328724,0.000418700887877004,0.270516662216077,NA,NA,NA,0.857483118055014,3.036769209104e-05,0.0160341414240691
"EXvsHFD_KDI_EXvsHFD","Mlec",-0.282077718358729,0.00234680885554591,0.427970876213384,NA,NA,NA,-0.263926704520881,0.00441916561246132,0.323430417894198
"EXvsHFD_KDI_EXvsHFD","Vwa3b",0.845994093922239,0.00579388142450693,0.572126815075874,NA,NA,NA,0.846232445729829,0.00596091862248239,0.368665026836891
"EXvsHFD_KDI_EXvsHFD","Col8a2",-0.344267130884935,0.00369657656047679,0.497563605726558,NA,NA,NA,-0.306193650531182,0.00983238300220008,0.45807337280838
"EXvsHFD_KDI_EXvsHFD","Slc27a4",-0.200851942983078,0.00335150442967556,0.468524237628744,NA,NA,NA,-0.211185024658998,0.00205974830555714,0.245575152817393
"EXvsHFD_KDI_EXvsHFD","Gm10392",2.18474400397074,0.0043495014028424,0.528791802271372,NA,NA,NA,2.21016791174552,0.0039397725063771,0.306346101449493
"EXvsHFD_KDI_EXvsHFD","Gm20257",0.789038001319345,0.00137932998023591,0.372008857203626,NA,NA,NA,0.750119466204998,0.0024060049117513,0.259558734157673
"EXvsHFD_KDI_EXvsHFD","Gm42818",2.65488110890804,0.00841168298786608,0.594003078347698,NA,NA,NA,2.89124630732069,0.00381982870713548,0.301453812844969
"EXvsHFD_KDI_EXvsHFD","N4bp2os",0.533939046332015,0.00347799333997815,0.479338765079672,NA,NA,NA,0.534834882422853,0.00353098924272344,0.294372997919681
"EXvsHFD_KDI_EXvsHFD","Gm43279",2.58311890596403,0.00936735945117778,0.598373161778201,NA,NA,NA,2.79746193583891,0.00466227734006029,0.331380327862747
"KDI_EXvsHFD","Grasp",NA,NA,NA,NA,NA,NA,0.344144178788209,0.00555142521571184,0.350736198243948
"KDI_EXvsHFD","Ccl3",NA,NA,NA,NA,NA,NA,1.90250253567203,0.00363394953752852,0.294880408386401
"KDI_EXvsHFD","Hpn",NA,NA,NA,NA,NA,NA,1.3047230611504,0.000133306075833689,0.0416365568688435
"KDI_EXvsHFD","Cnn1",NA,NA,NA,NA,NA,NA,2.51842253351742,0.000114227019648079,0.0378074386226239
"KDI_EXvsHFD","Spag5",NA,NA,NA,NA,NA,NA,-1.20452589730992,0.00551448074749829,0.350736198243948
"KDI_EXvsHFD","Scin",NA,NA,NA,NA,NA,NA,0.891462856734529,0.00339866957684722,0.285488244455167
"KDI_EXvsHFD","Gnmt",NA,NA,NA,NA,NA,NA,1.15338034518678,0.00418683704890711,0.314736604734115
"KDI_EXvsHFD","Pla1a",NA,NA,NA,NA,NA,NA,0.820270386209542,0.00490148011838162,0.333711774266604
"KDI_EXvsHFD","Ebi3",NA,NA,NA,NA,NA,NA,1.2904581468619,0.00232728588085322,0.257272865707417
"KDI_EXvsHFD","Hck",NA,NA,NA,NA,NA,NA,1.0697606467392,0.00470536235516787,0.333302884612643
"KDI_EXvsHFD","Fcgrt",NA,NA,NA,NA,NA,NA,0.259910782656687,0.00608608487898688,0.370783017242893
"KDI_EXvsHFD","Inmt",NA,NA,NA,NA,NA,NA,0.913112043349646,0.00717921577770158,0.402316183607485
"KDI_EXvsHFD","Brinp2",NA,NA,NA,NA,NA,NA,-1.24207149035786,0.00747562292311133,0.412386601848052
"KDI_EXvsHFD","Ptpn6",NA,NA,NA,NA,NA,NA,0.896852211841183,0.00460180090034327,0.328133558733158
"KDI_EXvsHFD","Slc2a9",NA,NA,NA,NA,NA,NA,0.531780748005494,0.00895509696757153,0.446172377773029
"KDI_EXvsHFD","Spc25",NA,NA,NA,NA,NA,NA,-0.760264520356911,0.00421843252207842,0.314852077069562
"KDI_EXvsHFD","Dnah2",NA,NA,NA,NA,NA,NA,0.909502713927991,0.00131558535122344,0.197124464518452
"KDI_EXvsHFD","Hmox1",NA,NA,NA,NA,NA,NA,-0.335416103046762,0.00102564276789201,0.164816333483863
"KDI_EXvsHFD","Mthfd2",NA,NA,NA,NA,NA,NA,-0.433715483797095,0.00808752208143262,0.428811650071412
"KDI_EXvsHFD","Sqor",NA,NA,NA,NA,NA,NA,0.377686275058964,0.00635927237179246,0.378751492856135
"KDI_EXvsHFD","Gata6",NA,NA,NA,NA,NA,NA,1.21946795659538,0.00361821195164226,0.294880408386401
"KDI_EXvsHFD","Slc5a6",NA,NA,NA,NA,NA,NA,0.504874772264212,0.00267993810181727,0.273647175035685
"KDI_EXvsHFD","Pou2f2",NA,NA,NA,NA,NA,NA,1.23864230098178,0.0029829759806082,0.278835557495397
"KDI_EXvsHFD","Plin5",NA,NA,NA,NA,NA,NA,1.41548021483483,0.00119245354749899,0.182371378409224
"KDI_EXvsHFD","Tex22",NA,NA,NA,NA,NA,NA,-2.89407712516537,0.00830882853326726,0.435594755446182
"KDI_EXvsHFD","Myl2",NA,NA,NA,NA,NA,NA,-4.53831779272762,0.00117167332603864,0.180437692209951
"KDI_EXvsHFD","Gorasp2",NA,NA,NA,NA,NA,NA,-0.189594494668262,0.0032019392314513,0.28061941787673
"KDI_EXvsHFD","Castor2",NA,NA,NA,NA,NA,NA,-0.259346285262906,0.0071355392442452,0.402316183607485
"KDI_EXvsHFD","Cmah",NA,NA,NA,NA,NA,NA,0.838713137017635,0.00165337532888437,0.222213644202059
"KDI_EXvsHFD","Rab11fip4",NA,NA,NA,NA,NA,NA,-0.334941828941069,0.00810113084862493,0.428811650071412
"KDI_EXvsHFD","Mmp9",NA,NA,NA,NA,NA,NA,0.978848677980391,0.00490575570034781,0.333711774266604
"KDI_EXvsHFD","Cadps2",NA,NA,NA,NA,NA,NA,0.743476615309325,0.0049544604646715,0.333754411324063
"KDI_EXvsHFD","Cenpv",NA,NA,NA,NA,NA,NA,0.455995357917399,0.00300630985300987,0.278835557495397
"KDI_EXvsHFD","Sparc",NA,NA,NA,NA,NA,NA,-0.253158336728406,0.0044977952135588,0.324896112885603
"KDI_EXvsHFD","Irf1",NA,NA,NA,NA,NA,NA,0.428681186118196,0.000643459474258558,0.12301170087205
"KDI_EXvsHFD","Pkib",NA,NA,NA,NA,NA,NA,1.3992608900583,0.00384864798628267,0.301581688140652
"KDI_EXvsHFD","Nts",NA,NA,NA,NA,NA,NA,1.88817879708236,0.0028286648114009,0.273647175035685
"KDI_EXvsHFD","Myb",NA,NA,NA,NA,NA,NA,1.42313659974008,0.000109570747416415,0.0368157711319156
"KDI_EXvsHFD","Socs2",NA,NA,NA,NA,NA,NA,0.53631814357521,0.00285049140662172,0.273647175035685
"KDI_EXvsHFD","Elane",NA,NA,NA,NA,NA,NA,2.21383420213167,0.00357255342575401,0.294516523306769
"KDI_EXvsHFD","Pcsk4",NA,NA,NA,NA,NA,NA,0.7324282640116,0.00114753945621744,0.179210105500548
"KDI_EXvsHFD","Gfpt2",NA,NA,NA,NA,NA,NA,0.662150633077282,0.00148666887926981,0.208800194297409
"KDI_EXvsHFD","Srebf1",NA,NA,NA,NA,NA,NA,0.558583897790243,8.07196041539371e-05,0.0293448842904543
"KDI_EXvsHFD","Pik3cg",NA,NA,NA,NA,NA,NA,0.815055925205502,0.00549071770011776,0.350736198243948
"KDI_EXvsHFD","P2rx1",NA,NA,NA,NA,NA,NA,2.09121483761981,0.000414549412833682,0.0910202750396014
"KDI_EXvsHFD","Nr1d1",NA,NA,NA,NA,NA,NA,0.591636480914687,0.00219992637471589,0.248905955539284
"KDI_EXvsHFD","Net1",NA,NA,NA,NA,NA,NA,0.882944424434245,0.00226828682780486,0.254048124714144
"KDI_EXvsHFD","Acot2",NA,NA,NA,NA,NA,NA,0.293888678432869,0.00414611238323121,0.313802690138346
"KDI_EXvsHFD","Irf4",NA,NA,NA,NA,NA,NA,0.807412098367948,0.00475008271928476,0.333698335349249
"KDI_EXvsHFD","Sfxn1",NA,NA,NA,NA,NA,NA,0.864763879986287,0.000142011376249061,0.0431403325986187
"KDI_EXvsHFD","Bmp4",NA,NA,NA,NA,NA,NA,0.795480507182974,0.000594763137603174,0.114691020343374
"KDI_EXvsHFD","Tsc22d1",NA,NA,NA,NA,NA,NA,-0.316183117460602,0.00367004837277447,0.294880408386401
"KDI_EXvsHFD","Ephx2",NA,NA,NA,NA,NA,NA,0.58332325302702,0.00446165806782288,0.324399112498492
"KDI_EXvsHFD","Stmn4",NA,NA,NA,NA,NA,NA,1.31394552493247,0.00332638318010227,0.282076202404637
"KDI_EXvsHFD","Laptm4b",NA,NA,NA,NA,NA,NA,-0.155325775931243,0.00908941589955043,0.447926415529845
"KDI_EXvsHFD","Zfpm2",NA,NA,NA,NA,NA,NA,0.921332343363279,0.00974559336932745,0.45807337280838
"KDI_EXvsHFD","Rangap1",NA,NA,NA,NA,NA,NA,-0.152234926399941,0.00603792931342731,0.368862590783923
"KDI_EXvsHFD","Fgf12",NA,NA,NA,NA,NA,NA,-0.954737349537404,0.000785447836754258,0.140632669166578
"KDI_EXvsHFD","Slurp1",NA,NA,NA,NA,NA,NA,-1.53543253437501,0.00329129190793752,0.28072188211701
"KDI_EXvsHFD","Ehhadh",NA,NA,NA,NA,NA,NA,0.862262459286967,2.05786236474367e-05,0.0130386159430159
"KDI_EXvsHFD","Eif4a2",NA,NA,NA,NA,NA,NA,0.151843108570462,0.00169612593041634,0.223888622814957
"KDI_EXvsHFD","Csad",NA,NA,NA,NA,NA,NA,0.530397442257905,0.00167504732780019,0.223510158225462
"KDI_EXvsHFD","Vegfa",NA,NA,NA,NA,NA,NA,1.09183962942434,0.00091019257793893,0.151762636153186
"KDI_EXvsHFD","Pi16",NA,NA,NA,NA,NA,NA,1.3229444054751,0.00417283909456617,0.314736604734115
"KDI_EXvsHFD","Btnl2",NA,NA,NA,NA,NA,NA,0.792984902896372,0.00797218188045777,0.428811650071412
"KDI_EXvsHFD","Aif1",NA,NA,NA,NA,NA,NA,1.12147258408681,0.00315556665329735,0.28061941787673
"KDI_EXvsHFD","Lvrn",NA,NA,NA,NA,NA,NA,0.578028743505354,0.00211543535831812,0.248143160296528
"KDI_EXvsHFD","Rab27b",NA,NA,NA,NA,NA,NA,0.872144908398364,0.00920280944610162,0.449518727481827
"KDI_EXvsHFD","Lox",NA,NA,NA,NA,NA,NA,-0.537258917799929,2.62709629766127e-06,0.0025329777172581
"KDI_EXvsHFD","Cd6",NA,NA,NA,NA,NA,NA,-2.69529853764025,0.00140808640552311,0.201456284702455
"KDI_EXvsHFD","Rcl1",NA,NA,NA,NA,NA,NA,0.416625842046702,0.000119607069325018,0.0382254714883215
"KDI_EXvsHFD","Lgals12",NA,NA,NA,NA,NA,NA,1.35542756841851,0.000447152243898442,0.0962723122397267
"KDI_EXvsHFD","Pfkfb1",NA,NA,NA,NA,NA,NA,0.942393272726499,0.0045676124577116,0.327803798906836
"KDI_EXvsHFD","Cdh9",NA,NA,NA,NA,NA,NA,1.42851303812914,0.00168317985315891,0.223510158225462
"KDI_EXvsHFD","Baiap2",NA,NA,NA,NA,NA,NA,-0.250126457923332,0.00258955702215231,0.270877436430422
"KDI_EXvsHFD","Echs1",NA,NA,NA,NA,NA,NA,0.296555268907792,0.00927358736020181,0.450412686983008
"KDI_EXvsHFD","Pnpla2",NA,NA,NA,NA,NA,NA,0.895463759617615,0.00684293890769281,0.39517972191926
"KDI_EXvsHFD","Tspan4",NA,NA,NA,NA,NA,NA,0.382001978634459,0.00885779708593721,0.444412914429284
"KDI_EXvsHFD","4833439L19Rik",NA,NA,NA,NA,NA,NA,-0.193861833014867,0.00366252256163756,0.294880408386401
"KDI_EXvsHFD","Il1r2",NA,NA,NA,NA,NA,NA,1.80390651653674,0.00284327795794988,0.273647175035685
"KDI_EXvsHFD","Fcamr",NA,NA,NA,NA,NA,NA,1.88184906298927,0.0093092487075561,0.450412686983008
"KDI_EXvsHFD","Prdx6",NA,NA,NA,NA,NA,NA,-0.297249389818541,0.00496658350184618,0.333754411324063
"KDI_EXvsHFD","Zfp385b",NA,NA,NA,NA,NA,NA,-0.358396155812685,0.00228147225530245,0.254240847907473
"KDI_EXvsHFD","Slc43a3",NA,NA,NA,NA,NA,NA,0.208498149079908,0.00795236647991616,0.428811650071412
"KDI_EXvsHFD","Slc43a1",NA,NA,NA,NA,NA,NA,0.4127909463311,0.00401502908995502,0.307025121030492
"KDI_EXvsHFD","Chst1",NA,NA,NA,NA,NA,NA,0.737822329238704,0.00269986421796187,0.273647175035685
"KDI_EXvsHFD","Itpka",NA,NA,NA,NA,NA,NA,1.27152199085466,0.00193911444132468,0.234982523774951
"KDI_EXvsHFD","Rasgrp1",NA,NA,NA,NA,NA,NA,1.70337165330272,0.00149169368353488,0.208800194297409
"KDI_EXvsHFD","Procr",NA,NA,NA,NA,NA,NA,0.677511592450532,0.00878525265568859,0.443093300042975
"KDI_EXvsHFD","Dennd2d",NA,NA,NA,NA,NA,NA,0.852014682862933,0.00137598473555,0.201456284702455
"KDI_EXvsHFD","Tdo2",NA,NA,NA,NA,NA,NA,0.963130336174277,0.00373286358538739,0.298844703500183
"KDI_EXvsHFD","Calb1",NA,NA,NA,NA,NA,NA,2.6602405713667,0.00995133246052381,0.459767922152975
"KDI_EXvsHFD","Smc2",NA,NA,NA,NA,NA,NA,-0.344857890045508,0.0074171124291918,0.411204713074394
"KDI_EXvsHFD","Tmem38b",NA,NA,NA,NA,NA,NA,-0.222612508582057,0.00885126925450289,0.444412914429284
"KDI_EXvsHFD","Trit1",NA,NA,NA,NA,NA,NA,0.456357676529054,0.00237147603594621,0.259558734157673
"KDI_EXvsHFD","Mycl",NA,NA,NA,NA,NA,NA,0.986003653953772,5.046002923809e-05,0.0223800321676777
"KDI_EXvsHFD","Sema3a",NA,NA,NA,NA,NA,NA,1.59772574316325,0.000787424481863737,0.140632669166578
"KDI_EXvsHFD","Rhof",NA,NA,NA,NA,NA,NA,0.682070776630972,0.00324485685248519,0.28061941787673
"KDI_EXvsHFD","Aacs",NA,NA,NA,NA,NA,NA,0.639675494231748,0.000950070770260814,0.15722962239779
"KDI_EXvsHFD","Actb",NA,NA,NA,NA,NA,NA,-0.149221899173628,0.00485165370603521,0.333698335349249
"KDI_EXvsHFD","Slc46a3",NA,NA,NA,NA,NA,NA,0.452241080300875,0.00996342633799986,0.459767922152975
"KDI_EXvsHFD","Tfr2",NA,NA,NA,NA,NA,NA,-1.87663582964547,0.00544600931848991,0.350736198243948
"KDI_EXvsHFD","Cep41",NA,NA,NA,NA,NA,NA,0.390580771821795,0.00189532583897438,0.234220855188467
"KDI_EXvsHFD","Epha1",NA,NA,NA,NA,NA,NA,1.05390266782529,0.00494158727474394,0.333754411324063
"KDI_EXvsHFD","Gkn3",NA,NA,NA,NA,NA,NA,0.851882767994691,0.00135197672958752,0.201217690975389
"KDI_EXvsHFD","Pzp",NA,NA,NA,NA,NA,NA,-3.37911044049683,0.00812260509282836,NA
"KDI_EXvsHFD","Sytl2",NA,NA,NA,NA,NA,NA,0.518926780448404,0.00323146203363046,0.28061941787673
"KDI_EXvsHFD","Pagr1a",NA,NA,NA,NA,NA,NA,2.554004133886,0.00873987365570911,0.443093300042975
"KDI_EXvsHFD","Lipt2",NA,NA,NA,NA,NA,NA,0.318366345094049,0.00934297601065041,0.450412686983008
"KDI_EXvsHFD","Stx1b",NA,NA,NA,NA,NA,NA,0.451466304700308,8.819577989318e-05,0.0310449145223993
"KDI_EXvsHFD","Itgal",NA,NA,NA,NA,NA,NA,1.78619347547625,0.00321965547113733,0.28061941787673
"KDI_EXvsHFD","Hpx",NA,NA,NA,NA,NA,NA,-1.37464795773853,0.00192613128579605,0.234982523774951
"KDI_EXvsHFD","Trim21",NA,NA,NA,NA,NA,NA,0.222524069282276,0.00553755344427831,0.350736198243948
"KDI_EXvsHFD","Igsf1",NA,NA,NA,NA,NA,NA,1.48828828329998,0.00812143276650402,0.428811650071412
"KDI_EXvsHFD","Arhgap4",NA,NA,NA,NA,NA,NA,0.904238739138106,0.00458274958277381,0.3278292088632
"KDI_EXvsHFD","Lamp1",NA,NA,NA,NA,NA,NA,-0.116908800347619,0.00561773246851568,0.353917145516488
"KDI_EXvsHFD","Dusp4",NA,NA,NA,NA,NA,NA,1.02518890187553,0.000103486418443367,0.0357158563181181
"KDI_EXvsHFD","Adam3",NA,NA,NA,NA,NA,NA,2.50445874121334,0.00546934497133626,0.350736198243948
"KDI_EXvsHFD","Klhl2",NA,NA,NA,NA,NA,NA,0.590810173367316,0.00164046150144697,0.221822404000536
"KDI_EXvsHFD","Klhl36",NA,NA,NA,NA,NA,NA,0.285073144332658,0.0038122446944356,0.301453812844969
"KDI_EXvsHFD","Smpd3",NA,NA,NA,NA,NA,NA,0.894946459977735,0.00311282747519415,0.280610008495551
"KDI_EXvsHFD","Chek1",NA,NA,NA,NA,NA,NA,-0.505671335874597,0.00872618614523813,0.443093300042975
"KDI_EXvsHFD","Cyp11a1",NA,NA,NA,NA,NA,NA,1.10721607383813,0.00214343203649899,0.248862559379067
"KDI_EXvsHFD","Ptgs2",NA,NA,NA,NA,NA,NA,1.34210007419317,0.00696758552235215,0.398887521781132
"KDI_EXvsHFD","Cish",NA,NA,NA,NA,NA,NA,1.41795580577352,0.000240035519001781,0.0618956705742267
"KDI_EXvsHFD","Mctp2",NA,NA,NA,NA,NA,NA,1.63155008340731,0.00275455034896342,0.273647175035685
"KDI_EXvsHFD","Fbxo21",NA,NA,NA,NA,NA,NA,0.490469256467025,0.00203665079640192,0.245216708971307
"KDI_EXvsHFD","Rac2",NA,NA,NA,NA,NA,NA,1.28293215505291,0.00303985102052694,0.278835557495397
"KDI_EXvsHFD","Pkd1l2",NA,NA,NA,NA,NA,NA,1.53845524090191,0.00702241683805954,0.399305425130278
"KDI_EXvsHFD","Slc41a2",NA,NA,NA,NA,NA,NA,-0.314825707451293,0.00327218244741282,0.28061941787673
"KDI_EXvsHFD","Zyg11a",NA,NA,NA,NA,NA,NA,3.45792906392714,4.70592835928588e-06,0.00372709526055442
"KDI_EXvsHFD","Hrh2",NA,NA,NA,NA,NA,NA,0.934276706376816,7.97251706985635e-05,0.0293448842904543
"KDI_EXvsHFD","Pim3",NA,NA,NA,NA,NA,NA,0.34864841236684,0.00314676443173396,0.28061941787673
"KDI_EXvsHFD","Slc18a1",NA,NA,NA,NA,NA,NA,-2.2795460348803,0.00616265764053847,0.373185853368685
"KDI_EXvsHFD","Mxd4",NA,NA,NA,NA,NA,NA,-0.149927667605655,0.00108884332154823,0.173713593515492
"KDI_EXvsHFD","Bag4",NA,NA,NA,NA,NA,NA,0.320856373079422,0.00100788161030272,0.163144398467686
"KDI_EXvsHFD","Vnn1",NA,NA,NA,NA,NA,NA,1.70475110908944,0.000120661210506065,0.0382254714883215
"KDI_EXvsHFD","Shank2",NA,NA,NA,NA,NA,NA,0.892046970790483,0.00483523803431303,0.333698335349249
"KDI_EXvsHFD","Enpp6",NA,NA,NA,NA,NA,NA,1.46501755924174,0.00366895974515304,0.294880408386401
"KDI_EXvsHFD","Ciart",NA,NA,NA,NA,NA,NA,0.962714384469961,0.00877330236491929,0.443093300042975
"KDI_EXvsHFD","Pdk2",NA,NA,NA,NA,NA,NA,0.27028399318143,0.00968973501180198,0.45807337280838
"KDI_EXvsHFD","Echdc3",NA,NA,NA,NA,NA,NA,0.500678393552568,0.00919674298494722,0.449518727481827
"KDI_EXvsHFD","Akap7",NA,NA,NA,NA,NA,NA,0.213259778167501,0.00304284834568389,0.278835557495397
"KDI_EXvsHFD","Bub1b",NA,NA,NA,NA,NA,NA,-0.7067081542266,0.000212396272871586,0.0567481897253048
"KDI_EXvsHFD","Gpr176",NA,NA,NA,NA,NA,NA,-0.387844833361536,0.00720235952796588,0.402316183607485
"KDI_EXvsHFD","9430038I01Rik",NA,NA,NA,NA,NA,NA,0.461111868978043,0.00193487519140144,0.234982523774951
"KDI_EXvsHFD","Pclaf",NA,NA,NA,NA,NA,NA,-0.992771885570234,0.00801816726489091,0.428811650071412
"KDI_EXvsHFD","N4bp2l1",NA,NA,NA,NA,NA,NA,0.333583863403987,0.00486041496743359,0.333698335349249
"KDI_EXvsHFD","Car8",NA,NA,NA,NA,NA,NA,1.39568820611025,0.00173167435932798,0.225891827014454
"KDI_EXvsHFD","Serpina3h",NA,NA,NA,NA,NA,NA,-2.7150669572936,0.0065365311585751,0.383521616941563
"KDI_EXvsHFD","Acacb",NA,NA,NA,NA,NA,NA,1.62797007686534,5.3650561483878e-05,0.0232333571460929
"KDI_EXvsHFD","Cmklr1",NA,NA,NA,NA,NA,NA,1.00514134375462,0.00512355282683541,0.341200923387094
"KDI_EXvsHFD","Lrrn4",NA,NA,NA,NA,NA,NA,2.75970103820854,4.86942053905412e-05,0.0223800321676777
"KDI_EXvsHFD","1700019D03Rik",NA,NA,NA,NA,NA,NA,0.905610137586895,0.0072671098682897,0.40491313678189
"KDI_EXvsHFD","1700048O20Rik",NA,NA,NA,NA,NA,NA,0.697845908979149,0.00438684932835535,0.323125082307501
"KDI_EXvsHFD","Adgrd1",NA,NA,NA,NA,NA,NA,0.703872889419605,0.00600828068045242,0.368665026836891
"KDI_EXvsHFD","Cdc25c",NA,NA,NA,NA,NA,NA,-2.2286803015237,0.00271331120190961,0.273647175035685
"KDI_EXvsHFD","Ackr2",NA,NA,NA,NA,NA,NA,1.47950760532469,0.00383853997124549,0.301581688140652
"KDI_EXvsHFD","Trmt10c",NA,NA,NA,NA,NA,NA,0.250034995504665,0.00210378035406477,0.248143160296528
"KDI_EXvsHFD","Tst",NA,NA,NA,NA,NA,NA,0.674933026097255,0.000570296858593238,0.111919496780209
"KDI_EXvsHFD","Gm4779",NA,NA,NA,NA,NA,NA,4.72665916694477,0.00803029771751963,0.428811650071412
"KDI_EXvsHFD","Poln",NA,NA,NA,NA,NA,NA,-0.814258786307251,0.009050402324836,0.447030944722135
"KDI_EXvsHFD","Hcar2",NA,NA,NA,NA,NA,NA,1.52466047433907,0.000266450832715223,0.0671456098442362
"KDI_EXvsHFD","Pigz",NA,NA,NA,NA,NA,NA,0.539917288760689,0.000347582165388168,0.0778584050469497
"KDI_EXvsHFD","Sbsn",NA,NA,NA,NA,NA,NA,0.631107985062306,0.00743633856373733,0.411242503714312
"KDI_EXvsHFD","Lrrc75a",NA,NA,NA,NA,NA,NA,-0.21064021809849,0.00804938497804388,0.428811650071412
"KDI_EXvsHFD","Ar",NA,NA,NA,NA,NA,NA,0.908505069512184,0.000671133659888354,0.127205641381916
"KDI_EXvsHFD","Gpr156",NA,NA,NA,NA,NA,NA,1.11794593854872,0.00295009082120924,0.278835557495397
"KDI_EXvsHFD","Nr1h4",NA,NA,NA,NA,NA,NA,1.31169704636663,0.0052832580698343,0.345680249344507
"KDI_EXvsHFD","Ccdc88b",NA,NA,NA,NA,NA,NA,0.987189214666,0.00315449931893918,0.28061941787673
"KDI_EXvsHFD","Zfp473",NA,NA,NA,NA,NA,NA,-1.14242605398338,0.00637059464445068,0.378751492856135
"KDI_EXvsHFD","Nwd1",NA,NA,NA,NA,NA,NA,-0.381153123000554,0.00578733576025407,0.362542253727103
"KDI_EXvsHFD","Osr1",NA,NA,NA,NA,NA,NA,0.786155239296607,0.0054896976556242,0.350736198243948
"KDI_EXvsHFD","Sephs2",NA,NA,NA,NA,NA,NA,0.38347129406912,0.00805196657453497,0.428811650071412
"KDI_EXvsHFD","Prokr1",NA,NA,NA,NA,NA,NA,0.595535955272373,0.000550199137349524,0.110920146089664
"KDI_EXvsHFD","Adamts16",NA,NA,NA,NA,NA,NA,1.9311128425993,0.00391967705637916,0.306066050712198
"KDI_EXvsHFD","Ccdc69",NA,NA,NA,NA,NA,NA,1.07460946962255,0.00160406553815944,0.220942592386483
"KDI_EXvsHFD","Zbtb5",NA,NA,NA,NA,NA,NA,0.239110225484746,0.00914136216914983,0.448493025360767
"KDI_EXvsHFD","Tmem239",NA,NA,NA,NA,NA,NA,-3.47695588897648,0.00283860139119146,0.273647175035685
"KDI_EXvsHFD","Arhgap15",NA,NA,NA,NA,NA,NA,0.58577969379089,0.00422010804466069,0.314852077069562
"KDI_EXvsHFD","Hic2",NA,NA,NA,NA,NA,NA,0.343630556571208,0.000477388045492837,0.0998731820457467
"KDI_EXvsHFD","Lgals3",NA,NA,NA,NA,NA,NA,-0.681226178198912,0.00734647654362716,0.408309433161594
"KDI_EXvsHFD","Gpr18",NA,NA,NA,NA,NA,NA,2.19983459151823,0.00528434363851858,0.345680249344507
"KDI_EXvsHFD","Snx21",NA,NA,NA,NA,NA,NA,0.239980812413941,0.00471938608262852,0.333302884612643
"KDI_EXvsHFD","Mmp13",NA,NA,NA,NA,NA,NA,-2.20582318617072,7.70801111247444e-05,0.0289716702424124
"KDI_EXvsHFD","Gm5124",NA,NA,NA,NA,NA,NA,0.673283718678367,0.00664748017784597,0.387649468988294
"KDI_EXvsHFD","Sox6",NA,NA,NA,NA,NA,NA,0.302070110066218,0.0087558433961392,0.443093300042975
"KDI_EXvsHFD","Prkcb",NA,NA,NA,NA,NA,NA,1.18875717763323,0.000901260359270698,0.151411740357477
"KDI_EXvsHFD","Fbxo31",NA,NA,NA,NA,NA,NA,0.23279085331193,0.00271920541331372,0.273647175035685
"KDI_EXvsHFD","Myh7",NA,NA,NA,NA,NA,NA,-6.38102748766602,0.000337947752538067,0.0778584050469497
"KDI_EXvsHFD","Dusp7",NA,NA,NA,NA,NA,NA,0.243552796258249,0.0032621524528271,0.28061941787673
"KDI_EXvsHFD","9430021M05Rik",NA,NA,NA,NA,NA,NA,-2.98966808000248,0.00577840440129899,NA
"KDI_EXvsHFD","Tmem158",NA,NA,NA,NA,NA,NA,0.819616429667716,0.00278934472391899,0.273647175035685
"KDI_EXvsHFD","Arntl",NA,NA,NA,NA,NA,NA,-0.580512856942766,0.00177209258137741,0.227155636327315
"KDI_EXvsHFD","Fam72a",NA,NA,NA,NA,NA,NA,0.566482909668421,0.0034647396285675,0.28993987170986
"KDI_EXvsHFD","Timd4",NA,NA,NA,NA,NA,NA,1.12776977118066,0.00162734708941142,0.221399073955752
"KDI_EXvsHFD","Gm5069",NA,NA,NA,NA,NA,NA,-0.414530903540867,0.00297968956850366,0.278835557495397
"KDI_EXvsHFD","Ticam2",NA,NA,NA,NA,NA,NA,0.746987386761391,0.00669506433182344,0.387649468988294
"KDI_EXvsHFD","Prss34",NA,NA,NA,NA,NA,NA,1.59558053581356,0.00485297062193898,0.333698335349249
"KDI_EXvsHFD","Ccdc18",NA,NA,NA,NA,NA,NA,-0.580203053529481,0.00505614671701511,0.338153421617467
"KDI_EXvsHFD","Zfp658",NA,NA,NA,NA,NA,NA,-0.268934976256045,0.00435660878931996,0.323117580307557
"KDI_EXvsHFD","Kdm5d",NA,NA,NA,NA,NA,NA,0.228364567561208,0.00879153373101141,0.443093300042975
"KDI_EXvsHFD","Elmod3",NA,NA,NA,NA,NA,NA,0.265985645142216,0.00817632658301214,0.43068460404959
"KDI_EXvsHFD","Ces1d",NA,NA,NA,NA,NA,NA,1.23398772640575,0.00718271008395872,0.402316183607485
"KDI_EXvsHFD","Phex",NA,NA,NA,NA,NA,NA,1.9703724514249,0.000282838567725902,0.0704744727852764
"KDI_EXvsHFD","1600029O15Rik",NA,NA,NA,NA,NA,NA,0.839765958713239,0.00983065215089901,0.45807337280838
"KDI_EXvsHFD","Actg2",NA,NA,NA,NA,NA,NA,2.43077828300693,0.000330828891930763,0.0778584050469497
"KDI_EXvsHFD","Myl3",NA,NA,NA,NA,NA,NA,-4.0358694566753,0.0036635988655628,0.294880408386401
"KDI_EXvsHFD","Dbp",NA,NA,NA,NA,NA,NA,0.954490320740656,0.000838736912839698,0.145311170149478
"KDI_EXvsHFD","Tmem26",NA,NA,NA,NA,NA,NA,1.93431086330453,0.00176733454772435,0.227155636327315
"KDI_EXvsHFD","Irx1",NA,NA,NA,NA,NA,NA,3.69569279777739,0.00334849937067235,0.282343429825209
"KDI_EXvsHFD","Gdpd1",NA,NA,NA,NA,NA,NA,-0.220168428246569,0.00617601047016178,0.373185853368685
"KDI_EXvsHFD","Ppef1",NA,NA,NA,NA,NA,NA,1.08830117798544,0.00651044237363797,0.383521616941563
"KDI_EXvsHFD","Cytl1",NA,NA,NA,NA,NA,NA,1.16589515434903,0.00810760708137665,0.428811650071412
"KDI_EXvsHFD","Acat3",NA,NA,NA,NA,NA,NA,1.11518514160561,0.000193427774986016,0.0529562263961714
"KDI_EXvsHFD","Pilrb2",NA,NA,NA,NA,NA,NA,0.63028276889843,0.00583973712245281,0.363769692212117
"KDI_EXvsHFD","Klk11",NA,NA,NA,NA,NA,NA,0.942617552695667,0.000888211754717317,0.150358655516116
"KDI_EXvsHFD","Map7d3",NA,NA,NA,NA,NA,NA,0.797834440489123,0.00547193181066905,0.350736198243948
"KDI_EXvsHFD","Actc1",NA,NA,NA,NA,NA,NA,3.38154464070003,0.00307346242999899,0.279332388719909
"KDI_EXvsHFD","Prdm6",NA,NA,NA,NA,NA,NA,1.98325331758978,7.29653461183909e-05,0.0285751661315436
"KDI_EXvsHFD","Cd300ld4",NA,NA,NA,NA,NA,NA,1.59118974067755,0.00788116812435622,0.426275083721277
"KDI_EXvsHFD","Hs3st3b1",NA,NA,NA,NA,NA,NA,1.21439688841247,2.197879994878e-06,0.00221546303483703
"KDI_EXvsHFD","Gm6505",NA,NA,NA,NA,NA,NA,1.46657830390401,0.00867939586508493,0.443093300042975
"KDI_EXvsHFD","Mrgprb1",NA,NA,NA,NA,NA,NA,0.881897486780503,0.0063999046879672,0.37947670149829
"KDI_EXvsHFD","Zfp992",NA,NA,NA,NA,NA,NA,0.349872150388024,0.00527111972868214,0.345680249344507
"KDI_EXvsHFD","Il1rl2",NA,NA,NA,NA,NA,NA,1.04107257497361,0.000166358966665257,0.0479113823995939
"KDI_EXvsHFD","Lrrn4cl",NA,NA,NA,NA,NA,NA,0.671706569371206,0.00841902663009891,0.437749065386336
"KDI_EXvsHFD","Gm10369",NA,NA,NA,NA,NA,NA,0.753877579574103,0.00586959156307229,0.364605217094373
"KDI_EXvsHFD","Pappa2",NA,NA,NA,NA,NA,NA,4.25654404461636,9.06003620545466e-07,0.0010574492783798
"KDI_EXvsHFD","Prob1",NA,NA,NA,NA,NA,NA,-0.354109496318341,0.0066786161083826,0.387649468988294
"KDI_EXvsHFD","Omp",NA,NA,NA,NA,NA,NA,-0.818776979631989,0.00968539360763432,0.45807337280838
"KDI_EXvsHFD","Gm10653",NA,NA,NA,NA,NA,NA,1.50479155481498,0.0086097394831575,0.442992071411835
"KDI_EXvsHFD","Gm4070",NA,NA,NA,NA,NA,NA,0.966856949645059,0.00233188338777015,0.257272865707417
"KDI_EXvsHFD","Gm14444",NA,NA,NA,NA,NA,NA,-1.38688174709731,0.0099059262484401,0.459568662103363
"KDI_EXvsHFD","Ifi27l2a",NA,NA,NA,NA,NA,NA,1.1592165556871,0.00484027591654546,0.333698335349249
"KDI_EXvsHFD","Cd209g",NA,NA,NA,NA,NA,NA,1.1572316525749,0.00912769071338716,0.448493025360767
"KDI_EXvsHFD","Gm21981",NA,NA,NA,NA,NA,NA,0.47368561318263,0.00204568412516648,0.245216708971307
"KDI_EXvsHFD","Gm7609",NA,NA,NA,NA,NA,NA,-1.48631818806893,0.00930526444468927,0.450412686983008
"KDI_EXvsHFD","C920021L13Rik",NA,NA,NA,NA,NA,NA,0.743740200596139,0.0064507332425055,0.381470561028805
"KDI_EXvsHFD","Slc48a1",NA,NA,NA,NA,NA,NA,-0.179498111115604,0.00842888036255256,0.437749065386336
"KDI_EXvsHFD","Gm12216",NA,NA,NA,NA,NA,NA,0.661286389153643,0.000973195871803847,0.158688173920016
"KDI_EXvsHFD","Gm15616",NA,NA,NA,NA,NA,NA,1.22713691885124,0.00959787587630993,0.456743552431436
"KDI_EXvsHFD","B430010I23Rik",NA,NA,NA,NA,NA,NA,0.83882084246326,0.00699641504508263,0.398887521781132
"KDI_EXvsHFD","Gm15567",NA,NA,NA,NA,NA,NA,1.0333424970046,0.00175270438218385,0.227155636327315
"KDI_EXvsHFD","Gm15635",NA,NA,NA,NA,NA,NA,0.784510049420241,0.00565505011856694,0.355258899233259
"KDI_EXvsHFD","BB218582",NA,NA,NA,NA,NA,NA,1.45720248514072,0.00982234218945984,0.45807337280838
"KDI_EXvsHFD","Gm13703",NA,NA,NA,NA,NA,NA,-2.34377631941975,0.00423096676437272,0.314852077069562
"KDI_EXvsHFD","4930412C18Rik",NA,NA,NA,NA,NA,NA,0.471091006501127,0.0028396972883708,0.273647175035685
"KDI_EXvsHFD","Gm15943",NA,NA,NA,NA,NA,NA,-1.01556424793155,0.00244623806993838,0.259558734157673
"KDI_EXvsHFD","Gm13710",NA,NA,NA,NA,NA,NA,1.86741682092999,0.00532720268913157,0.347458961277005
"KDI_EXvsHFD","4930458D05Rik",NA,NA,NA,NA,NA,NA,0.955378121160052,0.000148927342273414,0.044034836563403
"KDI_EXvsHFD","Gm16118",NA,NA,NA,NA,NA,NA,0.783995932298511,0.00968558796738416,0.45807337280838
"KDI_EXvsHFD","E130317F20Rik",NA,NA,NA,NA,NA,NA,0.552181755206566,0.000721004322253078,0.133241598752369
"KDI_EXvsHFD","9330111N05Rik",NA,NA,NA,NA,NA,NA,1.37426755545133,0.00871519192860476,0.443093300042975
"KDI_EXvsHFD","Tmem147os",NA,NA,NA,NA,NA,NA,0.326335652773124,0.00889611243342495,0.444668949660334
"KDI_EXvsHFD","Gm26583",NA,NA,NA,NA,NA,NA,-1.18197445823918,0.00848837944366524,0.439522414209523
"KDI_EXvsHFD","Gm16675",NA,NA,NA,NA,NA,NA,0.906965015478215,0.00221799577358852,0.249676519162939
"KDI_EXvsHFD","Gm10614",NA,NA,NA,NA,NA,NA,1.62379590360527,0.0024682358027121,0.259591618220003
"KDI_EXvsHFD","Gm29084",NA,NA,NA,NA,NA,NA,-0.992052637897906,0.0095812004660563,0.456743552431436
"KDI_EXvsHFD","Zbtb11os1",NA,NA,NA,NA,NA,NA,0.375297488003894,0.00776990814792414,0.421702033728612
"KDI_EXvsHFD","Gm37310",NA,NA,NA,NA,NA,NA,1.74371202381582,0.00114524762995887,0.179210105500548
"KDI_EXvsHFD","Gm10766",NA,NA,NA,NA,NA,NA,1.22893140465596,0.00378475318824242,0.300826834059011
"KDI_EXvsHFD","Gm37488",NA,NA,NA,NA,NA,NA,-1.31014679493561,0.00897334417779451,0.446172377773029
"KDI_EXvsHFD","Ighd",NA,NA,NA,NA,NA,NA,0.934594134818758,0.00988608752384232,0.459568662103363
"KDI_EXvsHFD","Gm38244",NA,NA,NA,NA,NA,NA,2.02164305789666,0.00306561605954408,0.279332388719909
"KDI_EXvsHFD","Gm37509",NA,NA,NA,NA,NA,NA,-0.459496040249906,0.00705829953668331,0.400319310806877
"KDI_EXvsHFD","Gm31305",NA,NA,NA,NA,NA,NA,2.25110547293118,9.46617575022275e-06,0.00677167462699805
"KDI_EXvsHFD","Gm42611",NA,NA,NA,NA,NA,NA,-1.10205695424808,0.00825871431813144,0.4339934803765
"KDI_EXvsHFD","Gm42528",NA,NA,NA,NA,NA,NA,0.963084702547912,0.00934048767994346,0.450412686983008
"KDI_EXvsHFD","Gm44439",NA,NA,NA,NA,NA,NA,-1.42496825875725,0.00777760334573423,0.421702033728612
"KDI_EXvsHFD","Particl",NA,NA,NA,NA,NA,NA,0.416700545033306,0.0026881643805385,0.273647175035685
"KDI_EXvsHFD","Gm44850",NA,NA,NA,NA,NA,NA,-3.41287320825579,0.00400087601591871,0.307025121030492
"KDI_EXvsHFD","2310043P16Rik",NA,NA,NA,NA,NA,NA,0.705903908004422,0.00941861476286831,0.453074188679756
"KDI_EXvsHFD","Dcst2",NA,NA,NA,NA,NA,NA,1.30923041279879,0.00519914971257796,0.344168191122772
"KDI_EXvsHFD","Gm35315",NA,NA,NA,NA,NA,NA,-0.845302669597361,0.00282459808436982,0.273647175035685
"KDI_EXvsHFD","Gm2436",NA,NA,NA,NA,NA,NA,-6.25824592829506,0.00766341824994714,0.419614723730439
"KDI_EXvsHFD","Gm36595",NA,NA,NA,NA,NA,NA,-0.86391169858219,0.005062542206755,0.338153421617467
"KDI_EXvsHFD","Gm21370",NA,NA,NA,NA,NA,NA,-1.73888659831187,0.00959417695428982,0.456743552431436
"KDI_EXvsHFD","Eppk1",NA,NA,NA,NA,NA,NA,1.06320579936432,0.00479710510089565,0.333698335349249
"KDI_EXvsHFD","Gm49894",NA,NA,NA,NA,NA,NA,1.43054477538654,0.000738325136454062,0.135314861371944
"KDI_EXvsHFD","Gm7818",NA,NA,NA,NA,NA,NA,0.468257764667109,0.00951992202763573,0.456646651600464
"KDI_EXvsHFD","Gm33948",NA,NA,NA,NA,NA,NA,-0.731649507504533,0.00440042274787451,0.323125082307501
"KDI_EXvsHFD","Gm50012",NA,NA,NA,NA,NA,NA,0.583769320525353,0.00718527261306886,0.402316183607485
"KDI_EXvsHFD","Gm50240",NA,NA,NA,NA,NA,NA,0.324936253633802,0.00300337623120302,0.278835557495397
"KDI_EXvsHFD","9630028I04Rik",NA,NA,NA,NA,NA,NA,1.58867938794553,0.00181347392750559,0.229679017555827
"EXvsHFD_KDIvsHFD","Tat",-2.15180440620877,0.000207344819690092,0.225002111642387,-1.7877209740859,0.00169386232182143,0.377616407302121,NA,NA,NA
"EXvsHFD_KDIvsHFD","Mzb1",-3.006450810079,0.000127745237522683,0.225002111642387,-2.60539806486618,0.000626865004078065,0.26691656010377,NA,NA,NA
"EXvsHFD_KDIvsHFD","Ptx3",0.57719690244885,0.00482202698466902,0.542932837074405,-0.566570844856687,0.00762430459956258,0.623750023313383,NA,NA,NA
"EXvsHFD_KDIvsHFD","S100a9",3.73976478332093,0.00443300821374575,0.533210716688471,6.23687419018252,1.91673488874167e-06,0.00399907567187062,NA,NA,NA
"EXvsHFD_KDIvsHFD","Rxfp3",2.96009026596553,0.00613162246148788,0.582274516474774,3.18259213426201,0.0029566435233383,NA,NA,NA,NA
"EXvsHFD_KDIvsHFD","Gm37469",3.44380835416489,0.00142359237143732,0.372055904116928,3.58862630274734,0.0008305624473648,NA,NA,NA,NA
"EXvsHFD_KDIvsHFD","Gm42895",2.72683718978325,0.000514031932602186,0.290595102298331,2.32603544370878,0.00349183960848827,0.496524174657044,NA,NA,NA
"KDIvsHFD","Fap",NA,NA,NA,-0.436338645410451,0.00129742176032295,0.36092543476504,NA,NA,NA
"KDIvsHFD","Dnmt3l",NA,NA,NA,-1.85435434804319,0.00562151817061519,0.57100995386719,NA,NA,NA
"KDIvsHFD","Grk5",NA,NA,NA,-0.416977580122403,0.00765187820582049,0.623750023313383,NA,NA,NA
"KDIvsHFD","Matk",NA,NA,NA,-0.819227173945056,0.00133836425897846,0.362644570121124,NA,NA,NA
"KDIvsHFD","Spo11",NA,NA,NA,-2.83683958661585,0.00435736528567173,0.518965214650428,NA,NA,NA
"KDIvsHFD","Susd2",NA,NA,NA,-0.621617404817024,0.00904116348718546,0.657423676204443,NA,NA,NA
"KDIvsHFD","Ctsd",NA,NA,NA,-0.464744828309725,0.00787497804972141,0.623750023313383,NA,NA,NA
"KDIvsHFD","Elavl2",NA,NA,NA,0.738818782573916,0.00126006120537951,0.36092543476504,NA,NA,NA
"KDIvsHFD","Bnip2",NA,NA,NA,-0.142826838060438,0.00588306143720121,0.57100995386719,NA,NA,NA
"KDIvsHFD","Kif11",NA,NA,NA,-0.843504357982272,0.00894386228593409,0.657423676204443,NA,NA,NA
"KDIvsHFD","Gata3",NA,NA,NA,0.887388049587445,0.00564918661183371,0.57100995386719,NA,NA,NA
"KDIvsHFD","Ada",NA,NA,NA,-0.825784296079996,0.0039853685346257,0.497371620399954,NA,NA,NA
"KDIvsHFD","Cd68",NA,NA,NA,-0.945724441672932,0.00310953345836166,0.486704289933795,NA,NA,NA
"KDIvsHFD","Ccl9",NA,NA,NA,-1.01630948215623,0.00260505665289213,0.445507393491324,NA,NA,NA
"KDIvsHFD","Rab32",NA,NA,NA,-0.407643831408042,0.00177673232312611,0.382162300924774,NA,NA,NA
"KDIvsHFD","Cabcoco1",NA,NA,NA,1.22422861146815,0.00207184622935955,0.4156442281669,NA,NA,NA
"KDIvsHFD","Dock2",NA,NA,NA,-0.87825746741255,0.00973108484997476,0.674516127275327,NA,NA,NA
"KDIvsHFD","Shc2",NA,NA,NA,-0.546096606941617,0.00172449606546772,0.377616407302121,NA,NA,NA
"KDIvsHFD","Hmmr",NA,NA,NA,-1.43104349214787,0.00631511515811084,0.584564554816702,NA,NA,NA
"KDIvsHFD","Pimreg",NA,NA,NA,-1.38729932891598,0.00825841954547919,0.635806883383313,NA,NA,NA
"KDIvsHFD","Top2a",NA,NA,NA,-1.20952993432781,0.00348596368679434,0.496524174657044,NA,NA,NA
"KDIvsHFD","Rab3c",NA,NA,NA,0.802779270564394,0.00286924243531933,0.472147325992803,NA,NA,NA
"KDIvsHFD","Slc4a7",NA,NA,NA,-0.582059483992583,0.00571104670005299,0.57100995386719,NA,NA,NA
"KDIvsHFD","Nefl",NA,NA,NA,0.628939660078784,0.00722729799477723,0.610487228190413,NA,NA,NA
"KDIvsHFD","Adamdec1",NA,NA,NA,0.710746732082235,0.00312588069646897,0.486704289933795,NA,NA,NA
"KDIvsHFD","Dok2",NA,NA,NA,-0.657437691445247,0.00225116961032514,0.426985479543853,NA,NA,NA
"KDIvsHFD","Cpne6",NA,NA,NA,2.05848141920398,0.000862000011397816,0.30342721892651,NA,NA,NA
"KDIvsHFD","Sdf2l1",NA,NA,NA,-0.687944643846225,0.000411415195748018,0.201930361491003,NA,NA,NA
"KDIvsHFD","Galnt14",NA,NA,NA,3.34816538676387,0.00425652488596892,NA,NA,NA,NA
"KDIvsHFD","Tapbp",NA,NA,NA,-0.272532384808844,0.00237641148944577,0.442691511748184,NA,NA,NA
"KDIvsHFD","Mal2",NA,NA,NA,-1.11107781444077,0.00664522200903885,0.591413418045353,NA,NA,NA
"KDIvsHFD","Slc15a3",NA,NA,NA,-0.950404387582638,0.00782326732792866,0.623750023313383,NA,NA,NA
"KDIvsHFD","Gusb",NA,NA,NA,-0.382994514676062,0.00895425811497444,0.657423676204443,NA,NA,NA
"KDIvsHFD","Col5a2",NA,NA,NA,-0.435049488883574,0.00861843534743466,0.644498333651888,NA,NA,NA
"KDIvsHFD","Slc9a4",NA,NA,NA,-1.20138754059608,0.00188700525582712,0.397681592500777,NA,NA,NA
"KDIvsHFD","Cxcr2",NA,NA,NA,3.78029188771169,0.00373675579154456,NA,NA,NA,NA
"KDIvsHFD","Cnih3",NA,NA,NA,0.503515169375233,0.00968851079511848,0.674516127275327,NA,NA,NA
"KDIvsHFD","Snap25",NA,NA,NA,0.565241266498489,0.00381482168265832,0.496524174657044,NA,NA,NA
"KDIvsHFD","E2f1",NA,NA,NA,-0.624689285994692,0.0047943541341316,0.546608768603944,NA,NA,NA
"KDIvsHFD","Dclk1",NA,NA,NA,-0.762365080526009,0.00216926274309232,0.419069424739613,NA,NA,NA
"KDIvsHFD","Cd2",NA,NA,NA,-1.15533612449157,0.00635032872581965,0.584564554816702,NA,NA,NA
"KDIvsHFD","Cth",NA,NA,NA,-1.27290192807906,0.000737752182247437,0.281332743026725,NA,NA,NA
"KDIvsHFD","Tnfsf8",NA,NA,NA,-1.37837350429558,0.00297994204287405,0.481965199864528,NA,NA,NA
"KDIvsHFD","Ptgr1",NA,NA,NA,-0.422079215304324,0.000423232254573314,0.201930361491003,NA,NA,NA
"KDIvsHFD","Nfx1",NA,NA,NA,0.148359385004675,0.00640191732642389,0.585831592537316,NA,NA,NA
"KDIvsHFD","Sh3gl2",NA,NA,NA,0.419010566431492,0.00763417756928942,0.623750023313383,NA,NA,NA
"KDIvsHFD","Pdpn",NA,NA,NA,-0.464409423048276,0.00816085188157889,0.630622272804674,NA,NA,NA
"KDIvsHFD","Zbtb8a",NA,NA,NA,0.226134755672526,0.00469029357286814,0.537682885188576,NA,NA,NA
"KDIvsHFD","Per3",NA,NA,NA,0.461756572115523,0.00775736764495425,0.623750023313383,NA,NA,NA
"KDIvsHFD","Snx8",NA,NA,NA,-0.197535761507492,0.00929621068070951,0.666811660996737,NA,NA,NA
"KDIvsHFD","Tfpi2",NA,NA,NA,-0.808154528456037,0.00468965734488771,0.537682885188576,NA,NA,NA
"KDIvsHFD","Add2",NA,NA,NA,1.22573219250225,0.0023314160659654,0.438222205408127,NA,NA,NA
"KDIvsHFD","Pianp",NA,NA,NA,-0.85248215176076,0.00678776265025151,0.595041512331292,NA,NA,NA
"KDIvsHFD","Dmpk",NA,NA,NA,-0.613694465222202,0.00355877467028693,0.496524174657044,NA,NA,NA
"KDIvsHFD","Lilra6",NA,NA,NA,-1.69120453845026,3.11562454652937e-06,0.00541703254489907,NA,NA,NA
"KDIvsHFD","Slc17a6",NA,NA,NA,1.94378669850595,0.00148266500013418,0.370248425239623,NA,NA,NA
"KDIvsHFD","Apba2",NA,NA,NA,-1.00933496472734,0.00387909511450816,0.496524174657044,NA,NA,NA
"KDIvsHFD","Itgam",NA,NA,NA,-0.963799173875167,0.00842186300322214,0.63845101057978,NA,NA,NA
"KDIvsHFD","Tub",NA,NA,NA,-0.954437325289241,0.00604837038940994,0.57100995386719,NA,NA,NA
"KDIvsHFD","Ptpn7",NA,NA,NA,-0.573814324617404,0.00927090469528985,0.666811660996737,NA,NA,NA
"KDIvsHFD","Clmp",NA,NA,NA,-0.454482476243895,0.00734997971881678,0.618346680860457,NA,NA,NA
"KDIvsHFD","Pou2af1",NA,NA,NA,-2.3951713737247,0.00887844265188609,0.656878820882806,NA,NA,NA
"KDIvsHFD","Apoa1",NA,NA,NA,-2.51929263067097,0.00666737123446916,0.591413418045353,NA,NA,NA
"KDIvsHFD","Tinag",NA,NA,NA,-2.48415958186241,0.000737580352699735,0.281332743026725,NA,NA,NA
"KDIvsHFD","Ltf",NA,NA,NA,4.33542611352571,0.00123862575024989,0.36092543476504,NA,NA,NA
"KDIvsHFD","Tlr13",NA,NA,NA,-0.81905351420268,0.0058766338645511,0.57100995386719,NA,NA,NA
"KDIvsHFD","Cd226",NA,NA,NA,-1.14815546745126,0.00602149282287613,0.57100995386719,NA,NA,NA
"KDIvsHFD","Scn10a",NA,NA,NA,3.80439178345304,0.000619542234339721,0.26691656010377,NA,NA,NA
"KDIvsHFD","Ppp1r1c",NA,NA,NA,0.566331901222588,0.00459816082197126,0.535955460277142,NA,NA,NA
"KDIvsHFD","Dusp5",NA,NA,NA,-0.635695022110763,0.0025408552132564,0.445507393491324,NA,NA,NA
"KDIvsHFD","Mfsd12",NA,NA,NA,-0.436778269529113,0.00250614410109113,0.445507393491324,NA,NA,NA
"KDIvsHFD","Krt20",NA,NA,NA,-1.40602864215765,0.00425858037273691,0.51842677628397,NA,NA,NA
"KDIvsHFD","Cc2d1a",NA,NA,NA,-0.166093734196446,0.00360584813826046,0.496524174657044,NA,NA,NA
"KDIvsHFD","Dner",NA,NA,NA,0.497408589531105,0.00987538914412352,0.679210545881087,NA,NA,NA
"KDIvsHFD","Cldn11",NA,NA,NA,0.414357643037982,0.00330923503444409,0.496524174657044,NA,NA,NA
"KDIvsHFD","Cd84",NA,NA,NA,-1.04743861050576,0.00165326962881667,0.377616407302121,NA,NA,NA
"KDIvsHFD","Poli",NA,NA,NA,0.238335074193428,0.00950782660887177,0.670173291782097,NA,NA,NA
"KDIvsHFD","Elovl3",NA,NA,NA,4.74925798788299,0.00468375448866425,NA,NA,NA,NA
"KDIvsHFD","Neil3",NA,NA,NA,-1.4284611225283,0.00587430774242682,0.57100995386719,NA,NA,NA
"KDIvsHFD","Dock3",NA,NA,NA,1.25748096412911,0.00417606087511362,0.515558189931186,NA,NA,NA
"KDIvsHFD","Galnt12",NA,NA,NA,-0.476696768192998,0.0031729816604611,0.4903784397323,NA,NA,NA
"KDIvsHFD","Zc3h12d",NA,NA,NA,-1.00090835990974,0.00677181700187176,0.595041512331292,NA,NA,NA
"KDIvsHFD","Thbs1",NA,NA,NA,-0.773026029185113,0.00795047963857148,0.623750023313383,NA,NA,NA
"KDIvsHFD","BC052040",NA,NA,NA,0.332353472694258,0.00511636550208918,0.556069658860948,NA,NA,NA
"KDIvsHFD","Map7d2",NA,NA,NA,0.608451422434222,0.0056707385530193,0.57100995386719,NA,NA,NA
"KDIvsHFD","Rbbp8",NA,NA,NA,-0.292176520888518,0.0079617135309001,0.623750023313383,NA,NA,NA
"KDIvsHFD","Rhod",NA,NA,NA,-0.418940210015524,0.00246862879732727,0.445507393491324,NA,NA,NA
"KDIvsHFD","Pm20d1",NA,NA,NA,-0.941481027096374,0.00932547286942223,0.666811660996737,NA,NA,NA
"KDIvsHFD","Isl1",NA,NA,NA,1.46256419267735,0.00390843338472493,0.497228988651835,NA,NA,NA
"KDIvsHFD","Clspn",NA,NA,NA,-1.04264535425423,0.00792190112022777,0.623750023313383,NA,NA,NA
"KDIvsHFD","Apobr",NA,NA,NA,-0.389984602203223,0.00690526330170084,0.597601073160727,NA,NA,NA
"KDIvsHFD","A730020M07Rik",NA,NA,NA,-1.34070004019789,0.00297539315492678,0.481965199864528,NA,NA,NA
"KDIvsHFD","4933402E13Rik",NA,NA,NA,-2.51041388769828,0.00106803191492194,0.343978253301097,NA,NA,NA
"KDIvsHFD","Glb1",NA,NA,NA,-0.226356278567589,0.00792789283657819,0.623750023313383,NA,NA,NA
"KDIvsHFD","Zfp764",NA,NA,NA,0.182029847688338,0.00722109521067563,0.610487228190413,NA,NA,NA
"KDIvsHFD","4933440M02Rik",NA,NA,NA,-3.30503988101629,0.00726716545927149,NA,NA,NA,NA
"KDIvsHFD","Gpr158",NA,NA,NA,1.87638607625588,0.00849942246768063,0.64018754644653,NA,NA,NA
"KDIvsHFD","Slitrk4",NA,NA,NA,3.18641117450422,0.0061578820400307,0.57613475732377,NA,NA,NA
"KDIvsHFD","Ccdc144b",NA,NA,NA,-1.5403812545468,0.00511720544964063,0.556069658860948,NA,NA,NA
"KDIvsHFD","C5ar1",NA,NA,NA,-0.808040032158801,0.00498248944568023,0.552767438979155,NA,NA,NA
"KDIvsHFD","Scg2",NA,NA,NA,1.43219636642031,0.00811568398325316,0.629463310879531,NA,NA,NA
"KDIvsHFD","Tmem37",NA,NA,NA,-0.835904723287424,0.00690718578100651,0.597601073160727,NA,NA,NA
"KDIvsHFD","Dcaf12l2",NA,NA,NA,-1.59601229922441,0.00648620603390423,0.588383489962512,NA,NA,NA
"KDIvsHFD","Sv2c",NA,NA,NA,1.03534627275191,0.000179387939253134,0.116960936393044,NA,NA,NA
"KDIvsHFD","Ggcx",NA,NA,NA,-0.222997596456321,0.00587491860240752,0.57100995386719,NA,NA,NA
"KDIvsHFD","Dpep2",NA,NA,NA,-1.10907293076506,0.00695436932325587,0.597601073160727,NA,NA,NA
"KDIvsHFD","Nap1l5",NA,NA,NA,0.497173085880377,0.00592618438529891,0.57100995386719,NA,NA,NA
"KDIvsHFD","Per2",NA,NA,NA,0.515030072128778,0.00493438028737213,0.552767438979155,NA,NA,NA
"KDIvsHFD","Cldn23",NA,NA,NA,-3.20270756042525,0.00744810796415972,0.623750023313383,NA,NA,NA
"KDIvsHFD","Nfil3",NA,NA,NA,-0.834259078631377,0.00555980073697242,0.57100995386719,NA,NA,NA
"KDIvsHFD","Serpina9",NA,NA,NA,-2.088062259168,0.00168096821939279,0.377616407302121,NA,NA,NA
"KDIvsHFD","Nrg2",NA,NA,NA,-1.11069038927353,0.00765840308098621,0.623750023313383,NA,NA,NA
"KDIvsHFD","Slc38a10",NA,NA,NA,-0.221632658514989,0.00905199370388791,0.657423676204443,NA,NA,NA
"KDIvsHFD","Dpp6",NA,NA,NA,0.876535415295471,0.00109183838795799,0.34515327464175,NA,NA,NA
"KDIvsHFD","Cd200r4",NA,NA,NA,-1.27298557432594,0.0090748666960736,0.657423676204443,NA,NA,NA
"KDIvsHFD","Gm49339",NA,NA,NA,-0.96093592260213,0.00567533115593001,0.57100995386719,NA,NA,NA
"KDIvsHFD","Cd300lb",NA,NA,NA,-0.795545713014952,0.00964015375521,0.674516127275327,NA,NA,NA
"KDIvsHFD","Glyat",NA,NA,NA,-2.49906341369451,0.00220125623998716,0.421348717349468,NA,NA,NA
"KDIvsHFD","Slc31a1",NA,NA,NA,-0.230698038948092,0.00534832102897187,0.566433349992229,NA,NA,NA
"KDIvsHFD","Rpl7a-ps11",NA,NA,NA,-23.3535620958823,3.88750058558883e-08,0.000162217624435451,NA,NA,NA
"KDIvsHFD","Lyz1",NA,NA,NA,-1.23491219003837,0.0050527808648967,0.554848526132657,NA,NA,NA
"KDIvsHFD","Gm20634",NA,NA,NA,-0.744266191360462,0.00127888171474773,0.36092543476504,NA,NA,NA
"KDIvsHFD","Slc17a7",NA,NA,NA,1.3998544719366,0.00154388482533777,0.370248425239623,NA,NA,NA
"KDIvsHFD","Serpina1d",NA,NA,NA,-2.29507442015414,0.00350378249307446,0.496524174657044,NA,NA,NA
"KDIvsHFD","Mup14",NA,NA,NA,-3.6647375736183,0.00386436953699527,0.496524174657044,NA,NA,NA
"KDIvsHFD","Apoc4",NA,NA,NA,-1.96457254958439,0.00533166879061051,0.566433349992229,NA,NA,NA
"KDIvsHFD","C5ar2",NA,NA,NA,-0.74504247228396,0.00517031963800965,0.558930305323489,NA,NA,NA
"KDIvsHFD","Bhmt",NA,NA,NA,-2.14918955172151,0.00376465143705835,0.496524174657044,NA,NA,NA
"KDIvsHFD","Ighm",NA,NA,NA,-1.61545795279311,0.00256156491004592,0.445507393491324,NA,NA,NA
"KDIvsHFD","Raet1d",NA,NA,NA,-1.56189976777397,0.000732953244051881,0.281332743026725,NA,NA,NA
"KDIvsHFD","Tgtp1",NA,NA,NA,0.9905368885543,0.00129637230753652,0.36092543476504,NA,NA,NA
"KDIvsHFD","Gbp4",NA,NA,NA,0.687371244792421,0.0014540702932241,0.370248425239623,NA,NA,NA
"KDIvsHFD","Prdm12",NA,NA,NA,1.73487046377557,0.00437777404996526,0.518965214650428,NA,NA,NA
"KDIvsHFD","C1qtnf5",NA,NA,NA,-0.569978230523677,0.00549392183812921,0.570458720441166,NA,NA,NA
"KDIvsHFD","Gm9009",NA,NA,NA,1.43986807674146,0.00773793529455436,0.623750023313383,NA,NA,NA
"KDIvsHFD","H3c15",NA,NA,NA,-0.808985292744196,0.00172951173154199,0.377616407302121,NA,NA,NA
"KDIvsHFD","Gm15922",NA,NA,NA,-1.73372330061781,0.00533482906330791,0.566433349992229,NA,NA,NA
"KDIvsHFD","Gm15169",NA,NA,NA,1.35516230561328,0.00885222001652332,0.656878820882806,NA,NA,NA
"KDIvsHFD","E130102H24Rik",NA,NA,NA,0.394572519561861,0.00264524553184591,0.448702461597016,NA,NA,NA
"KDIvsHFD","Gm15991",NA,NA,NA,1.11440207943064,0.00906274115697151,0.657423676204443,NA,NA,NA
"KDIvsHFD","A930033H14Rik",NA,NA,NA,0.457663356560356,0.00603538118940339,0.57100995386719,NA,NA,NA
"KDIvsHFD","Gm765",NA,NA,NA,0.490951802481996,0.00192121876690057,0.398313430695473,NA,NA,NA
"KDIvsHFD","Gm20633",NA,NA,NA,0.467699102810986,0.00798223045555374,0.623750023313383,NA,NA,NA
"KDIvsHFD","Igha",NA,NA,NA,-24.6097815575007,5.27027259329396e-09,4.28938820624364e-05,NA,NA,NA
"KDIvsHFD","9230116N13Rik",NA,NA,NA,0.601399849298806,0.00382978181803148,0.496524174657044,NA,NA,NA
"KDIvsHFD","Gm26796",NA,NA,NA,2.0254326372459,0.00482772275095699,0.547421779760688,NA,NA,NA
"KDIvsHFD","1500004A13Rik",NA,NA,NA,0.28760794208577,0.00856359773592438,0.642701090511965,NA,NA,NA
"KDIvsHFD","1700030C10Rik_ENSMUSG00000099759",NA,NA,NA,0.899775338933481,0.0032978962756102,0.496524174657044,NA,NA,NA
"KDIvsHFD","Pcdha11_ENSMUSG00000102206",NA,NA,NA,4.20895048816655,0.00359412557623971,0.496524174657044,NA,NA,NA
"KDIvsHFD","Gm37233",NA,NA,NA,-1.00099471983811,0.00713106757230093,0.607275893177497,NA,NA,NA
"KDIvsHFD","4833412K13Rik",NA,NA,NA,0.605570047104361,0.00972534227079568,0.674516127275327,NA,NA,NA
"KDIvsHFD","Gm40117",NA,NA,NA,1.14734637719151,0.00610197297183901,0.573475513893915,NA,NA,NA
"KDIvsHFD","C79130",NA,NA,NA,-1.09528623203387,0.00983717185047649,0.679210545881087,NA,NA,NA
"KDIvsHFD","Gm43972",NA,NA,NA,2.36828996183222,0.00193187465729323,0.398313430695473,NA,NA,NA
"KDIvsHFD","Gm45597",NA,NA,NA,-1.74344982897609,0.0094074723185061,0.66947126382681,NA,NA,NA
"KDIvsHFD","Gm18329",NA,NA,NA,-1.22282076336652,0.0080428752773396,0.626143842486618,NA,NA,NA
"KDIvsHFD","Gm49699",NA,NA,NA,2.10792965974483,0.00498306765598535,0.552767438979155,NA,NA,NA
"KDIvsHFD","Gm50254",NA,NA,NA,-2.54769118057633,0.00645650489877939,0.588246804402328,NA,NA,NA
"EXvsHFD","Gpr107",-0.163366758601122,0.00493591716221936,0.549831994035795,NA,NA,NA,NA,NA,NA
"EXvsHFD","S100a4",0.482846951160048,0.00950209948767406,0.605270354126123,NA,NA,NA,NA,NA,NA
"EXvsHFD","Kctd10",-0.296399695057267,6.56606411033926e-05,0.225002111642387,NA,NA,NA,NA,NA,NA
"EXvsHFD","Itga3",-0.33448832848508,0.00242610481170163,0.432116476270658,NA,NA,NA,NA,NA,NA
"EXvsHFD","Ifrd1",0.24591639444863,0.00540136527058846,0.568098013320078,NA,NA,NA,NA,NA,NA
"EXvsHFD","Slc9a3r2",-0.256730282800995,0.00161921818291092,0.385425060738574,NA,NA,NA,NA,NA,NA
"EXvsHFD","Ddx23",-0.188573822042131,0.00702369517093461,0.593723681848699,NA,NA,NA,NA,NA,NA
"EXvsHFD","Supt5",-0.165721413453697,0.00996611795691496,0.614333496603384,NA,NA,NA,NA,NA,NA
"EXvsHFD","Map3k11",-0.261768106502513,0.00215215170592619,0.418504286499758,NA,NA,NA,NA,NA,NA
"EXvsHFD","Ndrg1",-0.289610675597777,0.00524066231163964,0.561645008782499,NA,NA,NA,NA,NA,NA
"EXvsHFD","Mprip",-0.1783923587403,0.00168330369554166,0.388413739462077,NA,NA,NA,NA,NA,NA
"EXvsHFD","Ddx39",0.261267541240365,0.00718431811983181,0.593723681848699,NA,NA,NA,NA,NA,NA
"EXvsHFD","Iglon5",0.559907305789195,0.00102306643778478,0.360088420697426,NA,NA,NA,NA,NA,NA
"EXvsHFD","Dedd",-0.17611675908609,0.00808680378584881,0.593723681848699,NA,NA,NA,NA,NA,NA
"EXvsHFD","Rbsn",-0.168689964155217,0.00838168282894325,0.594003078347698,NA,NA,NA,NA,NA,NA
"EXvsHFD","Rnd3",0.361940074026893,0.00155324683404784,0.381777941938303,NA,NA,NA,NA,NA,NA
"EXvsHFD","Plxdc1",0.699865744682955,0.00050818273663994,0.290595102298331,NA,NA,NA,NA,NA,NA
"EXvsHFD","Etv4",0.509689639481234,0.00855454507336882,0.594003078347698,NA,NA,NA,NA,NA,NA
"EXvsHFD","Ints2",0.227104187859128,0.00654600395849039,0.587399950449775,NA,NA,NA,NA,NA,NA
"EXvsHFD","Pip4k2b",-0.227639000571593,0.00190572104610495,0.402748317902535,NA,NA,NA,NA,NA,NA
"EXvsHFD","Lsp1",0.56123733452155,0.00709968969709164,0.593723681848699,NA,NA,NA,NA,NA,NA
"EXvsHFD","Hars2",0.159715020184876,0.00284341429757665,0.454884231993139,NA,NA,NA,NA,NA,NA
"EXvsHFD","Tlcd1",0.311797676398282,0.00389827668822312,0.497879920751385,NA,NA,NA,NA,NA,NA
"EXvsHFD","Rgs17",0.701507167550025,0.00281020989653307,0.454884231993139,NA,NA,NA,NA,NA,NA
"EXvsHFD","Arfgef3",0.641220140771938,0.000989478208508141,0.360088420697426,NA,NA,NA,NA,NA,NA
"EXvsHFD","Rspo3",-0.644521303013953,0.00883924963379685,0.594003078347698,NA,NA,NA,NA,NA,NA
"EXvsHFD","Tbk1",0.134339365372797,0.00383667728491988,0.497879920751385,NA,NA,NA,NA,NA,NA
"EXvsHFD","Wif1",2.47952480838085,0.00286146765652098,0.454884231993139,NA,NA,NA,NA,NA,NA
"EXvsHFD","Aebp1",0.393388926005469,0.00833651605994144,0.594003078347698,NA,NA,NA,NA,NA,NA
"EXvsHFD","Galnt10",-0.233348264724308,0.00258694675791127,0.449989438743443,NA,NA,NA,NA,NA,NA
"EXvsHFD","Rsad2",-0.474167635608401,0.00682966769442018,0.593723681848699,NA,NA,NA,NA,NA,NA
"EXvsHFD","Srp68",-0.14433592210726,0.00843886315244048,0.594003078347698,NA,NA,NA,NA,NA,NA
"EXvsHFD","Nxn",-0.273817454231962,0.000488242018060293,0.290595102298331,NA,NA,NA,NA,NA,NA
"EXvsHFD","Galnt16",-0.350830186069857,0.00215179761733072,0.418504286499758,NA,NA,NA,NA,NA,NA
"EXvsHFD","Ppp1r13b",-0.290183056918084,0.0028608250702045,0.454884231993139,NA,NA,NA,NA,NA,NA
"EXvsHFD","Fancc",0.172179442136128,0.00700100483399338,0.593723681848699,NA,NA,NA,NA,NA,NA
"EXvsHFD","Nkd2",0.617911110530395,0.000789345781054084,0.35710426279788,NA,NA,NA,NA,NA,NA
"EXvsHFD","Plpp1",-0.248690522234602,0.00296949127885812,0.463097284750474,NA,NA,NA,NA,NA,NA
"EXvsHFD","Samd4",-0.334753947410382,0.00242686916757501,0.432116476270658,NA,NA,NA,NA,NA,NA
"EXvsHFD","Scara5",0.454112211292129,0.00712280910178542,0.593723681848699,NA,NA,NA,NA,NA,NA
"EXvsHFD","Ankrd33b",-0.340002663271186,0.00893041445130213,0.594003078347698,NA,NA,NA,NA,NA,NA
"EXvsHFD","Osr2",0.573310402977522,0.00548484218376489,0.568939157346218,NA,NA,NA,NA,NA,NA
"EXvsHFD","Dscc1",0.816719258344138,0.00916828555568697,0.597471660829398,NA,NA,NA,NA,NA,NA
"EXvsHFD","Col2a1",0.892418233923965,0.00217691133381536,0.418504286499758,NA,NA,NA,NA,NA,NA
"EXvsHFD","Nit2",0.327473323671286,0.000327448692124246,0.243534584125226,NA,NA,NA,NA,NA,NA
"EXvsHFD","P2rx6",0.644510716190046,0.0050189039940883,0.551725335420563,NA,NA,NA,NA,NA,NA
"EXvsHFD","Tnk2",-0.18130514577882,0.00802006969954423,0.593723681848699,NA,NA,NA,NA,NA,NA
"EXvsHFD","Rcan1",-0.245350146926867,0.000174399218179864,0.225002111642387,NA,NA,NA,NA,NA,NA
"EXvsHFD","Tmbim6",-0.164856815499469,0.00274444673483936,0.454884231993139,NA,NA,NA,NA,NA,NA
"EXvsHFD","Kcnk5",-0.395027875106335,0.00307651073352557,0.468524237628744,NA,NA,NA,NA,NA,NA
"EXvsHFD","Ptk7",0.508214840671828,0.00224830912517648,0.420426771072873,NA,NA,NA,NA,NA,NA
"EXvsHFD","Adamts10",0.500317892024863,0.00337723657778646,0.468524237628744,NA,NA,NA,NA,NA,NA
"EXvsHFD","Scgb1a1",0.890852371654405,0.00280723219815782,0.454884231993139,NA,NA,NA,NA,NA,NA
"EXvsHFD","Rtn3",-0.150686241835904,0.00594368487182978,0.579329939683995,NA,NA,NA,NA,NA,NA
"EXvsHFD","Tjp2",-0.268458848828543,0.00837676011535721,0.594003078347698,NA,NA,NA,NA,NA,NA
"EXvsHFD","Plce1",-0.348911697135041,0.00863980779725828,0.594003078347698,NA,NA,NA,NA,NA,NA
"EXvsHFD","Rabgef1",-0.249462731104213,0.007044238365599,0.593723681848699,NA,NA,NA,NA,NA,NA
"EXvsHFD","Cd151",-0.173381926724901,0.00329573484651097,0.468524237628744,NA,NA,NA,NA,NA,NA
"EXvsHFD","Rassf3",-0.209845698443031,0.00676411765417698,0.593723681848699,NA,NA,NA,NA,NA,NA
"EXvsHFD","Mettl21a",0.177556340038415,0.00877945708304187,0.594003078347698,NA,NA,NA,NA,NA,NA
"EXvsHFD","Plekhb2",-0.306451462548789,0.000643908333983827,0.332465764944487,NA,NA,NA,NA,NA,NA
"EXvsHFD","B3gat2",0.6059061862678,0.00187306155995593,0.399580575993241,NA,NA,NA,NA,NA,NA
"EXvsHFD","Steap3",0.486478630835929,0.00220236191984572,0.418504286499758,NA,NA,NA,NA,NA,NA
"EXvsHFD","Uck2",-0.222845431263335,0.00387515371015483,0.497879920751385,NA,NA,NA,NA,NA,NA
"EXvsHFD","Axdnd1",1.75021903732632,0.00502610971992376,0.551725335420563,NA,NA,NA,NA,NA,NA
"EXvsHFD","Myoc",0.603556078974257,0.000674932546853465,0.332465764944487,NA,NA,NA,NA,NA,NA
"EXvsHFD","Fam129b",-0.300043103909036,0.000547070789674851,0.301729555290668,NA,NA,NA,NA,NA,NA
"EXvsHFD","Dnm1",0.506825314117298,8.97754914406374e-05,0.225002111642387,NA,NA,NA,NA,NA,NA
"EXvsHFD","Camsap1",-0.202911714196318,0.00775786748688979,0.593723681848699,NA,NA,NA,NA,NA,NA
"EXvsHFD","Fbln7",-0.323278449683959,0.00213152780237574,0.418504286499758,NA,NA,NA,NA,NA,NA
"EXvsHFD","Ndrg3",-0.163128041170967,0.00959439888857342,0.607735695710811,NA,NA,NA,NA,NA,NA
"EXvsHFD","Ctnnbl1",-0.167411424032761,0.0080358001662164,0.593723681848699,NA,NA,NA,NA,NA,NA
"EXvsHFD","1700013F07Rik",2.93123706055249,0.00975263368919614,0.612518039182873,NA,NA,NA,NA,NA,NA
"EXvsHFD","Khdc4",0.198185948069041,0.00631127441068683,0.583452821233582,NA,NA,NA,NA,NA,NA
"EXvsHFD","Ecm1",0.52440215108321,0.00264465391023974,0.454884231993139,NA,NA,NA,NA,NA,NA
"EXvsHFD","Col15a1",0.519986639064168,0.00147499607504842,0.372055904116928,NA,NA,NA,NA,NA,NA
"EXvsHFD","Tln1",-0.299992511381137,0.00728821019428803,0.593723681848699,NA,NA,NA,NA,NA,NA
"EXvsHFD","Glipr2",0.448508134398757,0.00387622983574852,0.497879920751385,NA,NA,NA,NA,NA,NA
"EXvsHFD","Artn",1.29692927423933,0.00796111746284421,0.593723681848699,NA,NA,NA,NA,NA,NA
"EXvsHFD","Cdkn2c",0.440000367938511,0.00317794355548247,0.468524237628744,NA,NA,NA,NA,NA,NA
"EXvsHFD","Podn",0.558299313120676,0.000171947868261965,0.225002111642387,NA,NA,NA,NA,NA,NA
"EXvsHFD","Lrp8",-0.698997578168125,0.00129636444087491,0.368708434664948,NA,NA,NA,NA,NA,NA
"EXvsHFD","Ctps",-0.216978937392377,0.00456271878267424,0.538975137846855,NA,NA,NA,NA,NA,NA
"EXvsHFD","Rspo1",-0.459930349184055,0.000192611073524616,0.225002111642387,NA,NA,NA,NA,NA,NA
"EXvsHFD","Nub1",-0.175689802374456,0.008661483226891,0.594003078347698,NA,NA,NA,NA,NA,NA
"EXvsHFD","Slc4a2",-0.144936342392548,0.00569243574503161,0.572126815075874,NA,NA,NA,NA,NA,NA
"EXvsHFD","Ccnl2",0.463266918860924,0.00104224717100987,0.360088420697426,NA,NA,NA,NA,NA,NA
"EXvsHFD","Prom1",-0.485477809110987,0.00482596295281278,0.542932837074405,NA,NA,NA,NA,NA,NA
"EXvsHFD","Add1",-0.164150108974924,0.00898372850992405,0.594003078347698,NA,NA,NA,NA,NA,NA
"EXvsHFD","Evc",-0.20123638737546,0.00329526834403483,0.468524237628744,NA,NA,NA,NA,NA,NA
"EXvsHFD","Stk32b",0.740908857366012,0.0032312274424634,0.468524237628744,NA,NA,NA,NA,NA,NA
"EXvsHFD","Pi4k2b",0.21851468858908,0.00701638057152327,0.593723681848699,NA,NA,NA,NA,NA,NA
"EXvsHFD","Guf1",0.282950992990729,0.000298470203904832,0.243534584125226,NA,NA,NA,NA,NA,NA
"EXvsHFD","Brap",-0.124976830009975,0.00373203318443139,0.497879920751385,NA,NA,NA,NA,NA,NA
"EXvsHFD","Rbm19",-0.242967062847866,0.00180178686425043,0.391767368858606,NA,NA,NA,NA,NA,NA
"EXvsHFD","Oas1b",0.602575245965235,0.00892346529649785,0.594003078347698,NA,NA,NA,NA,NA,NA
"EXvsHFD","Gm20605",0.563517637011673,0.00894177071194642,0.594003078347698,NA,NA,NA,NA,NA,NA
"EXvsHFD","Adcyap1r1",0.454681383175841,0.00201352586615115,0.414345468661197,NA,NA,NA,NA,NA,NA
"EXvsHFD","Slc23a4",1.12672382977225,0.00641861540852851,0.587314906704533,NA,NA,NA,NA,NA,NA
"EXvsHFD","Gxylt2",0.513504025847071,0.00464128582324472,0.539826799588365,NA,NA,NA,NA,NA,NA
"EXvsHFD","A2m",0.572942124446228,0.00933245305290344,0.598373161778201,NA,NA,NA,NA,NA,NA
"EXvsHFD","Gabarapl1",-0.23968551253229,0.00100803651978435,0.360088420697426,NA,NA,NA,NA,NA,NA
"EXvsHFD","Caprin2",0.333671457884552,0.000187055421718302,0.225002111642387,NA,NA,NA,NA,NA,NA
"EXvsHFD","Tead4",-0.405778756919282,0.00391910077803682,0.497879920751385,NA,NA,NA,NA,NA,NA
"EXvsHFD","Mtmr10",-0.214673050696874,0.0034975852933333,0.479338765079672,NA,NA,NA,NA,NA,NA
"EXvsHFD","Lrrc28",-0.265653859865137,0.000458704455705295,0.288130107135107,NA,NA,NA,NA,NA,NA
"EXvsHFD","Ppme1",-0.209389696694718,0.0013818928936941,0.372008857203626,NA,NA,NA,NA,NA,NA
"EXvsHFD","Fgfr2",0.560405155858099,0.00127272278418964,0.368708434664948,NA,NA,NA,NA,NA,NA
"EXvsHFD","Gpc4",0.303044691947144,0.00805057295556305,0.593723681848699,NA,NA,NA,NA,NA,NA
"EXvsHFD","Plpp5",0.246504813083241,0.00631075783379617,0.583452821233582,NA,NA,NA,NA,NA,NA
"EXvsHFD","Mmp2",0.505252347489533,0.00110226120444086,0.360088420697426,NA,NA,NA,NA,NA,NA
"EXvsHFD","Amfr",-0.160904483850863,0.00782373349406375,0.593723681848699,NA,NA,NA,NA,NA,NA
"EXvsHFD","Snx19",-0.155447582287566,0.00366581327383734,0.496377458450801,NA,NA,NA,NA,NA,NA
"EXvsHFD","Dcun1d5",0.183958419524274,0.00934442227792239,0.598373161778201,NA,NA,NA,NA,NA,NA
"EXvsHFD","Thy1",0.698027526811711,0.00167981603125744,0.388413739462077,NA,NA,NA,NA,NA,NA
"EXvsHFD","Apeh",0.194376147607234,0.00683580457620124,0.593723681848699,NA,NA,NA,NA,NA,NA
"EXvsHFD","Amigo3",0.499699032064844,0.000903503437189832,0.360088420697426,NA,NA,NA,NA,NA,NA
"EXvsHFD","Uba7",0.366323860674457,0.00467899229289876,0.539826799588365,NA,NA,NA,NA,NA,NA
"EXvsHFD","Crebl2",-0.299893876628936,0.00600533447415068,0.580336019076792,NA,NA,NA,NA,NA,NA
"EXvsHFD","Malt1",0.221544516597204,0.00249911603110322,0.441503990713571,NA,NA,NA,NA,NA,NA
"EXvsHFD","Triobp",-0.157600238295388,0.00333021715476281,0.468524237628744,NA,NA,NA,NA,NA,NA
"EXvsHFD","Specc1l",-0.232804627500737,0.00441842259775109,0.533210716688471,NA,NA,NA,NA,NA,NA
"EXvsHFD","Casp4",0.359451589208044,0.00857664158508143,0.594003078347698,NA,NA,NA,NA,NA,NA
"EXvsHFD","Lyl1",0.571683997051791,0.00732062690557379,0.593723681848699,NA,NA,NA,NA,NA,NA
"EXvsHFD","Nek9",-0.203312847178672,0.00746614581146177,0.593723681848699,NA,NA,NA,NA,NA,NA
"EXvsHFD","Tmem132c",0.689740450036068,0.000996333977332534,0.360088420697426,NA,NA,NA,NA,NA,NA
"EXvsHFD","Ssh3",0.314563485783689,0.00217407342256058,0.418504286499758,NA,NA,NA,NA,NA,NA
"EXvsHFD","Fam171a2",-0.275462110199104,0.00905658917830115,0.597074784515813,NA,NA,NA,NA,NA,NA
"EXvsHFD","Tbxa2r",-0.346622144711793,0.00853637022585964,0.594003078347698,NA,NA,NA,NA,NA,NA
"EXvsHFD","Abi3bp",0.341678963108812,0.00288123447309948,0.454884231993139,NA,NA,NA,NA,NA,NA
"EXvsHFD","Gdpd5",-0.335930693937971,0.00999755568699622,0.614333496603384,NA,NA,NA,NA,NA,NA
"EXvsHFD","Usp35",0.445491355816319,0.00159910223806255,0.384686158609665,NA,NA,NA,NA,NA,NA
"EXvsHFD","Tmem161b",0.175926829855423,0.00998623432851843,0.614333496603384,NA,NA,NA,NA,NA,NA
"EXvsHFD","Lum",0.5863321183493,0.00515789343674298,0.555406877547948,NA,NA,NA,NA,NA,NA
"EXvsHFD","Oxsr1",-0.163171558999027,0.00965052965760294,0.609573818847417,NA,NA,NA,NA,NA,NA
"EXvsHFD","Spred3",0.406217292697081,0.00446764294388917,0.534533385662252,NA,NA,NA,NA,NA,NA
"EXvsHFD","Spon2",-0.261356292306341,0.00781738629466253,0.593723681848699,NA,NA,NA,NA,NA,NA
"EXvsHFD","Endod1",-0.320830323161529,0.00577983371966713,0.572126815075874,NA,NA,NA,NA,NA,NA
"EXvsHFD","Depdc5",-0.180196513348469,0.00515040458490621,0.555406877547948,NA,NA,NA,NA,NA,NA
"EXvsHFD","Gnpnat1",0.280871204580167,0.0035614931084027,0.485156889519941,NA,NA,NA,NA,NA,NA
"EXvsHFD","Ppp1r16b",-0.346289310131995,0.00113700257246111,0.360088420697426,NA,NA,NA,NA,NA,NA
"EXvsHFD","Rnf144b",-0.382087648174986,0.00731764604136579,0.593723681848699,NA,NA,NA,NA,NA,NA
"EXvsHFD","5033430I15Rik",0.714504732710465,0.00708483325681293,0.593723681848699,NA,NA,NA,NA,NA,NA
"EXvsHFD","Hoxa11",0.697633605675621,0.00761892659942436,0.593723681848699,NA,NA,NA,NA,NA,NA
"EXvsHFD","Tlcd2",0.513391504074594,0.00619001680733117,0.582274516474774,NA,NA,NA,NA,NA,NA
"EXvsHFD","Ankrd35",0.583231636012015,0.00100183960384614,0.360088420697426,NA,NA,NA,NA,NA,NA
"EXvsHFD","Mpp6",-0.240554158115173,0.00336946528843602,0.468524237628744,NA,NA,NA,NA,NA,NA
"EXvsHFD","Gpr162",0.582269044990404,0.00883100513529584,0.594003078347698,NA,NA,NA,NA,NA,NA
"EXvsHFD","Otud7b",-0.349162843118243,0.00585248360781998,0.575400920972318,NA,NA,NA,NA,NA,NA
"EXvsHFD","Slc19a3",-0.535091563978689,0.00457627145741813,0.538975137846855,NA,NA,NA,NA,NA,NA
"EXvsHFD","Itpkb",-0.273002224826191,0.00853484522707817,0.594003078347698,NA,NA,NA,NA,NA,NA
"EXvsHFD","Nipal2",0.495739212902371,0.000217525547913079,0.225002111642387,NA,NA,NA,NA,NA,NA
"EXvsHFD","Rccd1",0.515487140540706,0.00099337733395724,0.360088420697426,NA,NA,NA,NA,NA,NA
"EXvsHFD","Tspyl5",0.324452729235528,0.00632140543944756,0.583452821233582,NA,NA,NA,NA,NA,NA
"EXvsHFD","Gpatch2",-0.173618523772097,0.00877442052775718,0.594003078347698,NA,NA,NA,NA,NA,NA
"EXvsHFD","Igfbp2",1.88072812760773,0.00528183122801988,0.563387026222706,NA,NA,NA,NA,NA,NA
"EXvsHFD","Zfand1",0.199523048825027,0.00132643269358794,0.370303981482766,NA,NA,NA,NA,NA,NA
"EXvsHFD","Armh3",-0.212940982638648,0.000637328237305945,0.332465764944487,NA,NA,NA,NA,NA,NA
"EXvsHFD","Accs",0.332467382918982,0.0020371413914258,0.415007912471276,NA,NA,NA,NA,NA,NA
"EXvsHFD","Etfrf1",0.242242872126406,0.00507573737031704,0.554481396883958,NA,NA,NA,NA,NA,NA
"EXvsHFD","Szrd1",-0.123145379706228,0.0088647620914919,0.594003078347698,NA,NA,NA,NA,NA,NA
"EXvsHFD","Ramp3",-0.315631544686544,0.00766782455614627,0.593723681848699,NA,NA,NA,NA,NA,NA
"EXvsHFD","Slc7a1",-0.422692737447418,0.00328472757923769,0.468524237628744,NA,NA,NA,NA,NA,NA
"EXvsHFD","Meis3",0.412001371317874,0.000817165149809193,0.35728804912892,NA,NA,NA,NA,NA,NA
"EXvsHFD","Sox5",0.415870505549591,0.000339175360738136,0.243534584125226,NA,NA,NA,NA,NA,NA
"EXvsHFD","Cdc42ep4",-0.238947581597353,0.00158058655370021,0.384320470309922,NA,NA,NA,NA,NA,NA
"EXvsHFD","Gucy1a2",-1.07001302494247,0.00663367123982788,0.592913864609596,NA,NA,NA,NA,NA,NA
"EXvsHFD","Slc35f2",-0.542698423401689,0.00465715690187697,0.539826799588365,NA,NA,NA,NA,NA,NA
"EXvsHFD","Golga7b",-0.317511845888659,0.00897423886472299,0.594003078347698,NA,NA,NA,NA,NA,NA
"EXvsHFD","Gpr153",0.436087164469432,0.00880224839276393,0.594003078347698,NA,NA,NA,NA,NA,NA
"EXvsHFD","Snai1",0.502693905247021,0.00335251711969128,0.468524237628744,NA,NA,NA,NA,NA,NA
"EXvsHFD","Ptpn11",-0.199392438671245,0.00306953802017118,0.468524237628744,NA,NA,NA,NA,NA,NA
"EXvsHFD","Prr33",0.913563379901064,0.00726790495249614,0.593723681848699,NA,NA,NA,NA,NA,NA
"EXvsHFD","2900005J15Rik",0.895395658067297,0.00678435524181466,0.593723681848699,NA,NA,NA,NA,NA,NA
"EXvsHFD","Ccdc84",0.495481456680174,0.00388246674234784,0.497879920751385,NA,NA,NA,NA,NA,NA
"EXvsHFD","Dok7",0.582403895959535,0.00977781018511491,0.612518039182873,NA,NA,NA,NA,NA,NA
"EXvsHFD","Lca5l",0.387776909067299,0.00793435526874855,0.593723681848699,NA,NA,NA,NA,NA,NA
"EXvsHFD","Dbx2",1.44942389042145,0.00817508996680686,0.594003078347698,NA,NA,NA,NA,NA,NA
"EXvsHFD","Pilra",0.743815270028704,0.00148190943922367,0.372055904116928,NA,NA,NA,NA,NA,NA
"EXvsHFD","Unc119b",-0.246513644472463,0.00987869197354408,0.614057074980618,NA,NA,NA,NA,NA,NA
"EXvsHFD","Slc39a3",-0.162806457456431,0.0070282615422552,0.593723681848699,NA,NA,NA,NA,NA,NA
"EXvsHFD","Abhd17b",0.253122571204814,0.00237294488406117,0.429275221306202,NA,NA,NA,NA,NA,NA
"EXvsHFD","Tigd4",-1.71185297353155,0.00807713500782889,0.593723681848699,NA,NA,NA,NA,NA,NA
"EXvsHFD","Rell1",-0.234374946277858,0.00545041099720963,0.568939157346218,NA,NA,NA,NA,NA,NA
"EXvsHFD","Stbd1",-0.240916131026017,0.00800504019099037,0.593723681848699,NA,NA,NA,NA,NA,NA
"EXvsHFD","Hmgb4",-2.4012088710076,0.00511548732833261,0.555406877547948,NA,NA,NA,NA,NA,NA
"EXvsHFD","Vstm2a",0.791131926476502,0.0027457301159007,0.454884231993139,NA,NA,NA,NA,NA,NA
"EXvsHFD","Ndnf",0.341953959098758,0.00034462949153174,0.243534584125226,NA,NA,NA,NA,NA,NA
"EXvsHFD","Fam161a",0.283945833442604,0.0065190837829053,0.587314906704533,NA,NA,NA,NA,NA,NA
"EXvsHFD","Lpar4",0.373631144232402,0.000376286741768905,0.250263885047654,NA,NA,NA,NA,NA,NA
"EXvsHFD","Glt1d1",-2.76933021861757,0.00745750596388661,0.593723681848699,NA,NA,NA,NA,NA,NA
"EXvsHFD","Tcf19",0.508091719829009,0.00474891457551742,0.542359622707956,NA,NA,NA,NA,NA,NA
"EXvsHFD","AU021092",-0.439310498953326,0.00874985049196288,0.594003078347698,NA,NA,NA,NA,NA,NA
"EXvsHFD","Arf3",-0.188232526986689,0.00201556633585688,0.414345468661197,NA,NA,NA,NA,NA,NA
"EXvsHFD","Mtcl1",-0.301108343023124,0.00256088838982454,0.448909838442653,NA,NA,NA,NA,NA,NA
"EXvsHFD","Cpne8",0.239314718696341,0.00147414696737202,0.372055904116928,NA,NA,NA,NA,NA,NA
"EXvsHFD","Sh2d6",1.28973664720928,0.00123735727782151,0.368162633202339,NA,NA,NA,NA,NA,NA
"EXvsHFD","Nrk",0.764359625483202,0.0092085497356014,0.597471660829398,NA,NA,NA,NA,NA,NA
"EXvsHFD","Creb5",0.409939657344798,0.00796317621468788,0.593723681848699,NA,NA,NA,NA,NA,NA
"EXvsHFD","E330013P04Rik",0.577720303899051,0.00868034111637023,0.594003078347698,NA,NA,NA,NA,NA,NA
"EXvsHFD","Adamts19",1.68359315557432,0.00103681661244889,0.360088420697426,NA,NA,NA,NA,NA,NA
"EXvsHFD","Lipg",-0.886546421696804,0.00166545224387013,0.388413739462077,NA,NA,NA,NA,NA,NA
"EXvsHFD","Cthrc1",1.66869705655916,0.00635942158306048,0.584575610803848,NA,NA,NA,NA,NA,NA
"EXvsHFD","2900041M22Rik",0.444088366543602,0.00176721085085975,0.391767368858606,NA,NA,NA,NA,NA,NA
"EXvsHFD","Zfp101",0.254368922656956,0.00386730117637082,0.497879920751385,NA,NA,NA,NA,NA,NA
"EXvsHFD","Eif3b",-0.143265647567709,0.000374816441310886,0.250263885047654,NA,NA,NA,NA,NA,NA
"EXvsHFD","Trnp1",-0.234660023941154,0.00592067484596676,0.579329939683995,NA,NA,NA,NA,NA,NA
"EXvsHFD","Zfp809",-0.344300295634405,0.00888485070481283,0.594003078347698,NA,NA,NA,NA,NA,NA
"EXvsHFD","Mettl7a3",-0.746238648781053,0.0022682556967625,0.420426771072873,NA,NA,NA,NA,NA,NA
"EXvsHFD","Capn11",-5.28698340665622,0.000744489751808655,0.35073222411769,NA,NA,NA,NA,NA,NA
"EXvsHFD","Lin9",0.300740047397105,0.00408287669727743,0.507286212942498,NA,NA,NA,NA,NA,NA
"EXvsHFD","Kcp",0.640173818284512,0.00725244175281809,0.593723681848699,NA,NA,NA,NA,NA,NA
"EXvsHFD","Nap1l4",-0.124083882034947,0.0082799775758917,0.594003078347698,NA,NA,NA,NA,NA,NA
"EXvsHFD","R74862",0.337760594020568,0.00893300633416079,0.594003078347698,NA,NA,NA,NA,NA,NA
"EXvsHFD","Pyroxd2",0.698311863641522,0.000227035067502763,0.225002111642387,NA,NA,NA,NA,NA,NA
"EXvsHFD","Tnfrsf19",-0.534210999578073,0.00325649452808751,0.468524237628744,NA,NA,NA,NA,NA,NA
"EXvsHFD","Mppe1",0.383213721705839,0.00178699254081853,0.391767368858606,NA,NA,NA,NA,NA,NA
"EXvsHFD","Kcnc3",0.693659215627984,0.00574849533959281,0.572126815075874,NA,NA,NA,NA,NA,NA
"EXvsHFD","Pstk",0.258700887617454,0.00619667206705232,0.582274516474774,NA,NA,NA,NA,NA,NA
"EXvsHFD","Nlgn1",-0.370516985787404,0.00610775056875243,0.582274516474774,NA,NA,NA,NA,NA,NA
"EXvsHFD","Jchain",-4.26391230318869,8.40927991482488e-05,0.225002111642387,NA,NA,NA,NA,NA,NA
"EXvsHFD","Xlr4b",1.4632901686002,0.00283813380208927,0.454884231993139,NA,NA,NA,NA,NA,NA
"EXvsHFD","Gm4925",0.856967582973603,0.0079432773655625,0.593723681848699,NA,NA,NA,NA,NA,NA
"EXvsHFD","Septin5",0.308444603540862,0.00333987921989933,0.468524237628744,NA,NA,NA,NA,NA,NA
"EXvsHFD","Gpr27",-0.22214570116912,0.00752172429577368,0.593723681848699,NA,NA,NA,NA,NA,NA
"EXvsHFD","Pramel4",-3.41513932706212,0.00557805538986862,0.572126815075874,NA,NA,NA,NA,NA,NA
"EXvsHFD","Trim30e-ps1",1.9741384977504,0.00548358247613376,0.568939157346218,NA,NA,NA,NA,NA,NA
"EXvsHFD","4930513N10Rik",-0.794171011969956,0.00620564093532129,0.582274516474774,NA,NA,NA,NA,NA,NA
"EXvsHFD","AI429214",0.291986925670675,0.00579311219777994,0.572126815075874,NA,NA,NA,NA,NA,NA
"EXvsHFD","Foxs1",0.717432061249663,0.00326931636309517,0.468524237628744,NA,NA,NA,NA,NA,NA
"EXvsHFD","Nxpe3",-0.324803366203437,0.00624332009777903,0.58338924533503,NA,NA,NA,NA,NA,NA
"EXvsHFD","1700001L05Rik",-0.456700145101398,0.00108808104546008,0.360088420697426,NA,NA,NA,NA,NA,NA
"EXvsHFD","Igkc",-4.28362772162687,0.0011086089904746,0.360088420697426,NA,NA,NA,NA,NA,NA
"EXvsHFD","Iglc2",-2.97945309739913,0.00560676083746703,0.572126815075874,NA,NA,NA,NA,NA,NA
"EXvsHFD","Gm14776",-1.78008692103793,0.00400183801813556,0.502321477567533,NA,NA,NA,NA,NA,NA
"EXvsHFD","5031425F14Rik",0.880524008889977,0.0047735733289534,0.542436249686549,NA,NA,NA,NA,NA,NA
"EXvsHFD","Mir22hg",0.473660441691529,0.00464007658845229,0.539826799588365,NA,NA,NA,NA,NA,NA
"EXvsHFD","Snhg15",0.462790484762656,0.00709118927616531,0.593723681848699,NA,NA,NA,NA,NA,NA
"EXvsHFD","D330050G23Rik",0.682042378470422,0.00704066744156975,0.593723681848699,NA,NA,NA,NA,NA,NA
"EXvsHFD","C230034O21Rik",-1.33924954333528,0.00922113870912572,0.597471660829398,NA,NA,NA,NA,NA,NA
"EXvsHFD","4932702P03Rik",0.719884579530784,0.00763536198280032,0.593723681848699,NA,NA,NA,NA,NA,NA
"EXvsHFD","Srpx",0.389548565873401,0.00751321822058168,0.593723681848699,NA,NA,NA,NA,NA,NA
"EXvsHFD","Cdr1",-3.2017973295465,0.00473052513557712,0.542359622707956,NA,NA,NA,NA,NA,NA
"EXvsHFD","Myocos",1.12689456907734,0.0049691292344607,0.550818232249312,NA,NA,NA,NA,NA,NA
"EXvsHFD","Hspa1a",-0.348060142454545,0.00648604763026184,0.587314906704533,NA,NA,NA,NA,NA,NA
"EXvsHFD","Rpph1",1.2410250247411,0.00913918965858447,0.597471660829398,NA,NA,NA,NA,NA,NA
"EXvsHFD","4731419I09Rik",1.3955905358742,0.00130441227493901,0.368708434664948,NA,NA,NA,NA,NA,NA
"EXvsHFD","1110020A21Rik",0.803458807666838,0.00289671115760899,0.454884231993139,NA,NA,NA,NA,NA,NA
"EXvsHFD","1700086O06Rik",0.540292370039398,0.00226436745225031,0.420426771072873,NA,NA,NA,NA,NA,NA
"EXvsHFD","Rian",0.620878345980115,0.000121820299813722,0.225002111642387,NA,NA,NA,NA,NA,NA
"EXvsHFD","Gm10687",0.440175560068234,0.00649403410664693,0.587314906704533,NA,NA,NA,NA,NA,NA
"EXvsHFD","Gm27030",1.27032022164978,0.00926649409614825,0.598373161778201,NA,NA,NA,NA,NA,NA
"EXvsHFD","1700018L02Rik",-0.355485770555266,0.00994137016077466,0.614333496603384,NA,NA,NA,NA,NA,NA
"EXvsHFD","Gm15459",-0.409084942532651,0.00840536851367462,0.594003078347698,NA,NA,NA,NA,NA,NA
"EXvsHFD","Gm36958",1.23886797114369,0.0027262177456673,0.454884231993139,NA,NA,NA,NA,NA,NA
"EXvsHFD","C130012C08Rik",0.96937569515469,0.000667525629558295,0.332465764944487,NA,NA,NA,NA,NA,NA
"EXvsHFD","Gm42699",3.3850282597803,0.00599166135008845,0.580336019076792,NA,NA,NA,NA,NA,NA
"EXvsHFD","9130604C24Rik",0.720855681068349,0.00539507751458619,0.568098013320078,NA,NA,NA,NA,NA,NA
"EXvsHFD","A230001M10Rik",0.727983380824247,0.00933244123921116,0.598373161778201,NA,NA,NA,NA,NA,NA
"EXvsHFD","Gm20559",0.275089321114966,0.00793753500604748,0.593723681848699,NA,NA,NA,NA,NA,NA
"EXvsHFD","Gm43761",-3.3057687488199,0.00108055473902911,0.360088420697426,NA,NA,NA,NA,NA,NA
"EXvsHFD","AI839979",0.54676615056196,0.00229340250092277,0.421631794742819,NA,NA,NA,NA,NA,NA
"EXvsHFD","Gm43951",1.00261921220964,0.00914427897082008,0.597471660829398,NA,NA,NA,NA,NA,NA
"EXvsHFD","1810059H22Rik",1.07353777587449,0.00112489684412209,0.360088420697426,NA,NA,NA,NA,NA,NA
"EXvsHFD","Gm45094",0.960501550928893,0.00734003509294591,0.593723681848699,NA,NA,NA,NA,NA,NA
"EXvsHFD","Gm45546",1.58966913363047,0.00388823795030189,0.497879920751385,NA,NA,NA,NA,NA,NA
"EXvsHFD","Flt3l",0.466596670200758,0.00219774526627684,0.418504286499758,NA,NA,NA,NA,NA,NA
"EXvsHFD","9930024M15Rik",-1.82745066122719,0.000313360712590172,0.243534584125226,NA,NA,NA,NA,NA,NA
"EXvsHFD","Gm31410",-0.841604492614585,0.00672321969946391,0.593723681848699,NA,NA,NA,NA,NA,NA
"EXvsHFD","Gm49759",0.462383366852962,0.00432520830812592,0.528680732279197,NA,NA,NA,NA,NA,NA
"EXvsHFD","5033425B01Rik",1.36313473213166,0.00431088741777291,0.528680732279197,NA,NA,NA,NA,NA,NA
"EXvsHFD","Gm8162",2.32872244400834,0.000922004663442162,0.360088420697426,NA,NA,NA,NA,NA,NA
"EXvsHFD","Gm48181",-2.65843159694442,0.00799357367035353,0.593723681848699,NA,NA,NA,NA,NA,NA
"EXvsHFD","Gm32255",2.02423549403632,0.00325849201687074,0.468524237628744,NA,NA,NA,NA,NA,NA
"EXvsHFD","Gm47357",-1.66425039843915,0.00795186406107437,0.593723681848699,NA,NA,NA,NA,NA,NA
"EXvsHFD","Gm47486",-2.49707576623614,0.000676311200966099,0.332465764944487,NA,NA,NA,NA,NA,NA
"EXvsHFD","Gm10432",1.1254623577701,0.00840942143261447,0.594003078347698,NA,NA,NA,NA,NA,NA
"EXvsHFD","Gm47123",0.638818470371588,0.00870339524242728,0.594003078347698,NA,NA,NA,NA,NA,NA
"EXvsHFD","Gm48799",1.28157392738944,0.00850581259912392,0.594003078347698,NA,NA,NA,NA,NA,NA
"EXvsHFD","Gm49601",1.16861125898109,0.00177264773673779,0.391767368858606,NA,NA,NA,NA,NA,NA
"EXvsHFD","9030025P20Rik",0.310877436270667,0.00722412212311369,0.593723681848699,NA,NA,NA,NA,NA,NA
"EXvsHFD","Snhg4_ENSMUSG00000117869",0.422053690088055,0.00117026066649147,0.360088420697426,NA,NA,NA,NA,NA,NA
"EXvsHFD","Gm31356",-0.642898162606733,0.00570302561102847,0.572126815075874,NA,NA,NA,NA,NA,NA
